{"type":"FeatureCollection","features":[{"type":"Feature","properties":{"id":0,"type":"seismic_zone"},"geometry":{"type":"Polygon","coordinates":[[[-180.0373574683109,-65.40207739718242],[-178.77819722332833,-65.78736806122413],[-175.7073829130565,-64.83366820706945],[-174.4113720197887,-65.44607778046829],[-171.32789456630988,-64.00711335197461],[-170.05287085645355,-64.47717907457186],[-166.6486265223786,-62.14236587382793],[-163.94779505638238,-63.083212614168865],[-162.09500591785212,-62.045655920746405],[-160.47165971704578,-62.539111206725906],[-159.90911092621135,-62.24563725328178],[-158.75691849739857,-62.61512937229269],[-158.33220024113513,-62.44449921654045],[-156.75690094709577,-62.94837396241607],[-154.24991308953108,-61.436731728985976],[-151.50541771458887,-59.16671405924316],[-150.4505449236793,-59.33808063377811],[-147.8978047190378,-57.271902105938985],[-147.24908360100798,-57.27067599984445],[-144.95441109429527,-55.447828795539834],[-140.43247830566247,-56.66697558727829],[-139.73611274255663,-55.92027046340899],[-139.85241731116906,-55.39775557698589],[-137.93253257513618,-53.22059392628757],[-136.72484004761435,-53.515782692434776],[-136.08471409306176,-53.05922025604417],[-128.54863180884072,-54.97887289875884],[-127.36658015186674,-55.18592286595313],[-126.7573679156613,-54.71660612356442],[-121.96122970680617,-55.65039991844887],[-120.7241968333169,-54.06539160255156],[-118.76472665101535,-54.43507408630072],[-118.24920744827298,-53.37770740458381],[-119.163955061495,-53.19288478328802],[-119.31853831596979,-52.82050438754722],[-116.6628295235004,-49.15127729003969],[-116.32222357454118,-49.02423632848444],[-114.1302365915981,-49.44489718109204],[-112.89377935637671,-46.101543060927504],[-113.0237618630654,-45.803586348898094],[-112.54055962917255,-44.249999820185714],[-111.65340932531072,-42.02727199803195],[-111.25403580375253,-41.859097652114286],[-110.8345592114759,-39.33247877220577],[-111.41031481948424,-39.299642716170354],[-111.61998890222993,-38.97621283013014],[-110.91494695737327,-36.65810855296007],[-111.22766069303705,-35.32995744704671],[-112.63234917839246,-34.83190710640665],[-112.96987791545013,-34.07396326385286],[-112.7436286961667,-32.36857085047305],[-112.4135160841166,-31.988726624451957],[-112.10725644238184,-29.56527107155243],[-113.25719455707736,-29.18727461621605],[-113.47257853340932,-27.163692926349718],[-115.30225354195429,-26.893121151399356],[-116.65818495764749,-25.58735384917093],[-116.82696382179985,-25.077367115662508],[-116.43060965394119,-24.209638008980825],[-115.81996975570664,-23.845343952634817],[-115.84784503079872,-23.221877772952567],[-114.87258446967901,-22.68940258106538],[-114.42472698826501,-20.50712790740684],[-113.91392971659063,-19.470881986706715],[-112.74560505870247,-13.243337438506812],[-112.51507317410748,-13.04752404863208],[-111.3016338873576,-13.06472622866503],[-111.26952374179741,-11.900981802310842],[-110.81997506391777,-11.156222097765127],[-110.05534527229287,-8.743637357882301],[-109.70941035326065,-8.578114709425865],[-108.60985794333696,-8.746509146080188],[-107.76329313010837,-6.230518725515341],[-107.21331375375715,-6.048074712988741],[-106.4730795484657,-4.221851157733255],[-105.7868698076844,-4.1913557513904935],[-105.53633349558635,-3.7648549247429357],[-104.89921773175823,-3.7781832924758603],[-104.6339152993925,-3.507115619327295],[-102.99592239283358,-3.6732631371203883],[-103.1008747727057,-2.8873321088930046],[-102.42342198553473,2.058663349312948],[-103.23154529070293,8.036806557520979],[-104.28051431668705,7.99381179226284],[-104.59754987505086,8.371112531237292],[-104.63580221320494,10.100871663278072],[-104.00635997013643,10.414998330465567],[-104.16797624394496,12.058297603081895],[-104.95653061750285,14.841825254295054],[-105.42699095478858,14.774753941368505],[-105.65844823631151,15.018821575829028],[-105.7394487925667,17.54042895982761],[-106.46309430588592,17.61523933280003],[-106.64993674126454,18.211703276635067],[-108.36579359260371,18.78317001101905],[-109.74120051078151,19.832829295411006],[-109.59783082663036,20.73810517457799],[-108.57953856151013,22.788806523785954],[-108.99083219164079,23.15724988642028],[-108.84769404571881,23.556853789843295],[-109.55678406019791,24.196938676441754],[-109.47026668933341,22.757917823852136],[-109.85638876544859,22.71152492130153],[-110.52639000161155,23.36512398175894],[-110.95482737402577,24.19683470731472],[-110.86924667530297,24.57620062971244],[-110.08113535605865,24.655108799616162],[-109.5967502968746,24.2654405829488],[-109.56662792874444,24.580610650677798],[-111.00539713102901,25.96346423157759],[-111.4091031476827,25.68350279872904],[-111.80963767444467,25.956801274689802],[-111.90837447893124,26.299595458135236],[-111.63799376743039,26.58973435614687],[-111.8749299991802,27.38410999810079],[-112.61811031969151,27.939998762347905],[-112.60561805388666,28.32869723464438],[-112.24172690785733,28.465904351486074],[-111.10253002702042,27.707704850923722],[-111.0352555718783,27.01568602233863],[-109.5687490755817,25.814316923000924],[-109.50152668185527,25.396922988757765],[-108.75371212781955,24.82370633019427],[-108.79277014507984,24.434340122369058],[-108.05796096858978,23.795867142973208],[-108.10307916619423,23.370750264430285],[-107.70237016023003,23.15292477851746],[-108.17597331856226,22.12297746543746],[-106.62642070558121,22.029273653624756],[-106.12732771266836,21.286388759298926],[-105.82415334455217,19.83049511863126],[-104.17545357555494,18.501456703203914],[-98.70205360274208,16.17863264214406],[-97.16363884359835,15.708220716078127],[-95.62832422664518,15.58156469100623],[-92.13884606466935,13.623794146575957],[-88.76285112032619,12.311736677761449],[-87.3219838490315,11.435439946432526],[-85.45511821667957,9.522227220537786],[-83.91588082961111,8.767293313933461],[-85.74460963239879,11.18671560258827],[-87.38550921679138,12.665187858021161],[-87.8563282977823,12.70688000956444],[-87.94913260012115,13.16487588802392],[-90.01406214938575,13.5666965499102],[-90.98635852010095,14.376815678832083],[-91.73039545464667,14.528298951840428],[-91.6942127926842,15.052772680748099],[-93.01580779553836,15.115670642153507],[-94.37485336386122,16.313994416326075],[-93.92431165650072,16.682463697078393],[-92.83233645033042,15.87115633394154],[-93.1713269680668,16.453115381015778],[-94.5622448107201,17.016431518948743],[-94.69553063330073,17.381777175238174],[-94.27256385165981,17.638874630745455],[-93.04697098802006,17.25360901724252],[-92.8134507823702,17.801021742589654],[-92.18660678637191,17.91225269125719],[-90.95038990702106,17.243327502290583],[-90.59806762681585,16.71165688633051],[-90.67653626784569,16.330756333107644],[-91.38850533228273,16.19024047659475],[-91.48130174334486,15.723343648666063],[-91.02317811548511,16.10162029981097],[-90.27875813817349,15.964016070705666],[-89.95807625113432,15.662691662502796],[-89.82985510665148,16.02974538059722],[-89.28526017020222,16.238868395229375],[-88.75789816048358,15.816334188592776],[-87.07791100392384,16.807626185939466],[-84.59536675534875,17.8349280664206],[-82.0242503589762,18.13564120415039],[-81.9261669088477,19.169727017997793],[-77.1414064307766,20.109861018593104],[-77.55926800089463,20.3264078407004],[-77.52915491208464,20.714139398550515],[-76.39083193418004,20.960572180185633],[-77.28471167498718,21.41315883316306],[-78.08802022538364,22.172622038221785],[-79.3941396528065,22.443401093801274],[-80.41784312590272,22.97822429677988],[-82.32803818753662,22.894839059416825],[-83.82298028207322,21.82380146280404],[-84.20461106643421,21.89863797460518],[-84.23989616641178,22.34251131170169],[-84.83447422419346,21.812825445312914],[-85.31794806110666,21.918905834737274],[-85.3103103063074,22.307729990072534],[-84.95873139900937,22.72429055382647],[-83.739639448689,23.40928395572262],[-81.100440811104,23.749796005936766],[-79.78645658014031,23.444227808894343],[-80.16346614193537,24.265312966818275],[-79.78140267823005,24.77481858862953],[-79.45263576954594,24.56708106475661],[-78.98531681446777,23.15510749130732],[-77.6198837296381,22.719840470612926],[-76.30882453906318,21.69257852858602],[-75.01727612739961,21.514579914400876],[-73.4603964628409,20.71214247231752],[-71.44802353619122,20.605213897102598],[-68.82766082827874,19.944413668240898],[-64.00744046342852,20.206411522632486],[-61.288922763513796,19.407755602088717],[-59.91592639605642,19.803433834066357],[-57.433815730865895,19.396959740095944],[-54.69952484482169,17.63155108649306],[-50.434289923773,16.230598709037803],[-47.66921085920625,16.30619060236538],[-47.01168079750391,15.989118282031681],[-46.73688682911918,18.475500480763042],[-46.082198898882595,20.783871753856882],[-45.83482079426599,20.961542246106852],[-45.319471789244545,23.360914072219423],[-46.609262431839,23.593362665533853],[-46.82098256642937,23.976051069929355],[-46.080624737958274,25.451979192438294],[-45.70100028254748,25.592494133806476],[-45.19019986615607,26.415121036235973],[-44.34190940027387,28.24897878579708],[-42.955321495410445,30.336980487517685],[-42.322936682974984,30.358229705213187],[-41.72546584398204,31.424616457273817],[-40.734406797613154,32.162421145577305],[-39.60335418828701,34.05214673274482],[-37.99276849977062,33.88918605139679],[-36.57773559230037,35.56387204378983],[-34.95035276208373,35.39974849196863],[-33.79449285014826,37.029580602161765],[-32.37011088949534,37.72998627248213],[-31.75325284957003,37.66923311499659],[-31.251344759068196,38.04624190513712],[-30.050389458534465,39.703059554114276],[-29.908370460686893,40.66166595663357],[-29.602701179691753,41.03555710370455],[-29.784984426101843,42.29430173986887],[-29.64035783637895,43.21493920132779],[-28.815662787186294,44.11408882845149],[-27.83045334033492,46.43258178818757],[-27.706200773478876,46.970674682115835],[-28.058436313593237,48.25989097146805],[-29.321604792657798,49.89465957628723],[-30.190671697021042,50.63883327184908],[-30.35411394667323,51.70427176354089],[-31.408072990449252,51.78825156688364],[-31.617730270894572,52.116608166691066],[-35.44387390266636,52.5348789969826],[-35.792852909517244,53.46650601234288],[-35.682409661736735,55.06360032711355],[-34.482408884248514,56.975320609476036],[-27.229906005888513,61.95367492588248],[-24.16906461959076,63.666766654397875],[-21.36293354491763,64.41092387928788],[-19.321826665765737,64.22228053809918],[-17.58997995753437,65.01455721692784],[-17.106172366732615,65.93003571820567],[-17.80822415504178,66.02682903458901],[-18.064546837325306,66.4056882793642],[-19.272432154555233,66.75399130314031],[-19.403008696859693,67.23143215455524],[-18.027088879862127,68.68854946833251],[-17.259919863038782,69.1985880432717],[-16.62219706318877,69.17082926269389],[-14.945535268480981,70.66784194481583],[-13.99684251616571,71.14992820606238],[-12.585423529066793,70.98909554504958],[-12.635356571780727,71.46677207740673],[-11.405977304755538,72.12214599458062],[-7.403453190732863,71.48421836377416],[-5.7665570737836775,71.88341817334235],[-3.6731767002146327,71.75372264286895],[7.314250123529979,73.59432717194423],[8.841246863181071,74.07009838218386],[7.28520732755594,75.5823445625254],[7.131015577416021,76.30564343809883],[7.429930645258283,77.95111800650926],[3.3002549937675734,78.70574199573053],[3.08944602869611,78.95818929923797],[3.2294425858101667,79.31376803865666],[-2.482170315911118,80.04973301464942],[-2.6908905197320565,80.37795853215371],[-3.5249396752229547,80.48119713492451],[-3.684619938550864,80.92236582059456],[-4.897329005561382,81.13168205919841],[-4.9510863278452195,81.52995087800619],[-5.370367335741076,81.81981587702313],[-5.221685834647076,82.20457287962884],[-7.386925691007105,82.56484821850154],[-7.55901689001419,82.91359910136043],[-7.3026695381114735,83.2060518227412],[3.9688352456823996,84.94068914048322],[21.323472640373783,86.14845483574567],[29.229472934341803,86.16057937104645],[50.76299493595382,87.05592989166075],[66.552573755721,87.00489497097392],[69.76558003013002,86.82173644760256],[70.08158862515617,86.58525062293785],[78.42387654371176,86.11740181273007],[99.46354706958502,85.26045373380555],[112.02215823781698,84.170671002725],[119.27020996422422,82.39282440726467],[125.40198787506878,79.26696423834774],[126.02615556863469,78.17753101352903],[125.85299197653124,77.82931135664506],[125.46501212493122,77.85603576165225],[124.94085100319559,78.71732273407203],[118.98421848775664,81.75088283439304],[114.47767480050794,82.98033397917902],[110.91446062478873,83.61782627843027],[99.42181410117223,84.56169387193977],[78.38629683120632,85.41839879269051],[68.19474608436774,85.95625104185943],[67.87818902965314,86.19449506384021],[66.1061618434012,86.31562363723185],[50.775349027544685,86.35603695700799],[29.248647683848688,85.46055190869117],[21.3543416923445,85.44908775330323],[8.951836136259796,84.65759037339875],[-0.4170362875667781,83.64973752304267],[-5.118880125435013,82.89791524333506],[-3.5208093416026824,82.62865047470964],[-3.378797259117444,82.1889719479762],[-3.762039787387055,81.93309905116595],[-3.5642433015966284,81.61380665251207],[-2.2661993764611132,81.44326168328608],[-2.0868096915451417,81.01883854867087],[-1.517289848948491,80.9327462031226],[-1.33574108109357,80.60970444811183],[4.469014419938539,79.87396439908262],[4.735247539055865,79.59048162120077],[4.506338119845836,79.19306287256066],[7.981741876397408,78.52446957365434],[8.228357537549275,77.74586777277302],[7.850406600469375,76.23568894369885],[7.9466149107932145,75.89684596074477],[9.434857640628326,74.55414955488033],[9.54713576541124,73.91519894229074],[9.306233048642689,73.53436287088552],[7.4439762741718996,72.90603249520386],[-3.6451409300424817,71.05115100178504],[-5.674920941366284,71.17814997841893],[-7.400693804289517,70.77594437632214],[-11.307477787038106,71.40991949833516],[-11.050922535262796,71.22354515589058],[-11.06270532127592,70.86100724769736],[-12.07910421939531,70.26041005574298],[-13.806023546282642,70.45699860904587],[-14.807153483840658,69.89418727756085],[-16.348799415546274,68.48644036562926],[-17.05819226676895,68.50553684196517],[-18.394114114083326,67.32168623451022],[-17.30027788162062,66.98941266370265],[-17.126625612504686,66.63900744664687],[-16.1692185714532,66.2946717324418],[-17.20021217593404,64.4298400317502],[-19.180358462179534,63.51677912415717],[-21.280579420709696,63.714105573816326],[-23.85976856643897,63.03872661803593],[-26.842194845331054,61.37077139776596],[-32.3874082960168,57.61110854766992],[-33.383566632198324,56.59019328507764],[-34.01305516399063,56.3940373269692],[-34.33819907397777,55.63139157063909],[-34.88827913295636,55.100403917405465],[-34.81629739553972,53.050941661409105],[-31.20899642953363,52.76669245336823],[-30.91487155514868,52.449575334750165],[-29.85153143759782,52.33341509641631],[-29.585223547072747,50.99524209081736],[-28.774671580117364,50.39964622492249],[-27.47142032657467,48.783044873919344],[-27.124918181973865,47.748557629828426],[-26.98400128457359,46.99994826149554],[-27.170736722723465,46.12528658042218],[-28.222833937110405,43.58967725169351],[-28.979272566950332,42.79009359433616],[-28.882675042028133,41.16441320838613],[-29.333656055559647,39.67135665794904],[-28.807427544791516,39.75086732667632],[-28.153360387659973,39.320223155236974],[-27.102425693370055,39.102253718005784],[-25.84215275977865,38.225654648531865],[-24.69502315802128,37.87330973665622],[-24.16598197722167,37.13789992254885],[-23.5447716792122,36.99928218493575],[-19.74921724799788,37.36926915143885],[-17.555825696540722,37.85186416930459],[-15.063265981896578,37.40306531795994],[-13.602104715841952,37.73732481292994],[-12.254350525581104,36.83523418349584],[-11.268549368081883,37.52805413712158],[-10.879758072602327,37.53721315616731],[-10.771786843832688,37.05415807260233],[-11.673679767920857,36.38774500717274],[-11.514048855449118,36.251041335271445],[-10.537764676644915,36.733064464154666],[-10.062503997215474,37.41178366407327],[-9.731750567842132,37.20722382434825],[-9.730379085581836,36.917975355958404],[-8.876303768954926,36.48763790727972],[-9.249136122267602,37.04182207394924],[-8.756069144771587,37.808552154622504],[-8.045746384659507,37.49210595768164],[-7.268903944312442,37.515982248722565],[-7.091213129322382,37.17005084896429],[-7.657344251120216,36.74430577958099],[-8.20460697057851,36.7304431574621],[-8.248504611900191,36.46872990187265],[-7.6981817087681925,36.30857700796668],[-7.720581330584573,35.663425884978516],[-8.676345585174031,35.53674422091885],[-9.114668310785783,35.23706058819085],[-8.784297248925398,34.434442386913474],[-9.216557613086529,34.1932972489254],[-9.964190967517395,35.37088411369722],[-11.406101667775435,35.05926987713641],[-11.644080545007485,35.51223450960857],[-13.743051223107333,37.01700735996274],[-15.191847319496832,36.67442542017918],[-15.900675225803006,36.95190632711822],[-18.057442662452775,37.11973978441181],[-19.63782213495722,36.677799314170805],[-23.64812490538121,36.304830688427025],[-24.50475338780808,36.5005216565285],[-25.091063814985247,37.295781320784414],[-26.064717497954852,37.52216706957444],[-27.91835582254529,38.652988530698195],[-29.701168519215205,39.029930902639144],[-30.119262063946866,38.22693499729166],[-31.305795601858293,37.00215341523991],[-32.06973027408254,37.00717517767372],[-33.35328335365179,36.346970681297016],[-34.543477227340055,34.724545053372466],[-36.1583886722907,34.89067996841552],[-37.59554992794223,33.21549348812365],[-39.14253946655158,33.371470962760085],[-39.30809037908077,32.85424135129088],[-40.33017260870032,31.532096399270813],[-41.24667633979098,30.849648917464226],[-41.91782932088768,29.69931851583334],[-42.534185844493884,29.68348173688543],[-44.26030176670086,26.910426969536772],[-44.59641908146764,25.879088693541004],[-45.98582484846893,24.188186552461516],[-44.74462941049445,23.946543160994278],[-44.57769217206381,23.595296072044484],[-45.21520654840248,20.520652561788403],[-45.49103156158463,20.253255861799694],[-46.07600204349939,18.168799366028473],[-46.34508427178534,15.75638545223705],[-44.85610962759549,15.484908384198759],[-44.69292084915665,13.006874038987448],[-44.10590850795468,12.939265775518273],[-43.917608065097056,12.436653268492122],[-43.62667446854024,12.322241587540953],[-43.560437021826324,11.261336697275079],[-40.840740829169285,11.035709510838986],[-40.294401023431504,9.17394109475079],[-39.860726830031545,9.05011151255204],[-39.77900220246615,8.551671089885925],[-38.097483457636926,8.467480783806733],[-37.86765157131371,8.041086159826197],[-35.9345869478497,7.690519798728181],[-35.02241442905344,6.964784783273206],[-33.37844603375867,6.867405793162771],[-33.16266937745206,5.997700684313031],[-32.65413809183206,5.779715727921825],[-32.53648710354126,4.328341477200914],[-30.980395591592966,4.410516240266379],[-30.652442781020262,4.224322772991186],[-30.41558429197379,1.9771815455008426],[-29.767280857231203,1.841618769239464],[-29.61625651533725,1.1701834488930447],[-26.37799301354055,1.4955748929301986],[-26.030580766968644,0.8732710925277932],[-24.746245734835348,0.8202765753332126],[-24.345644754144,-0.7176023213563693],[-16.458691757168925,0.6467856553188086],[-15.19091785413571,-1.0757324099311631],[-13.108760737552123,-0.5684808879245056],[-12.48998142094267,-1.6743764422794383],[-11.890093791511768,-1.727111521755734],[-11.484351340848885,-2.870678493353264],[-11.631220649626135,-3.1411666446596245],[-11.418678668601771,-4.015219124884262],[-11.695539961904645,-4.6034308478877115],[-10.82844474356007,-5.288228730228228],[-10.672289201933141,-5.944225249222451],[-10.887676901939587,-6.250203615183704],[-10.844267563326655,-6.85045295224367],[-11.094933375356247,-7.094252908789934],[-13.195494299744245,-7.622023534884523],[-12.679627116141688,-9.157213108709522],[-12.92226677724969,-10.036168446995816],[-12.68910315617616,-11.496876886842973],[-12.950181864066131,-11.762541376199978],[-14.563606971812845,-12.142107949067904],[-14.208060651478952,-12.502317458981361],[-14.179381462577682,-13.788697430699836],[-13.362868362829108,-13.825175630929209],[-12.880300720690382,-15.60830074694468],[-13.023673995641696,-16.487925192483555],[-13.894410440615012,-16.706127360534794],[-13.81535412513467,-17.591220354289785],[-12.892476009479468,-17.446575320187694],[-12.666266120896179,-17.599683399918394],[-11.98896993434514,-19.48198845196756],[-11.602150519397165,-19.754613682790147],[-11.471069859530385,-22.191008122195036],[-11.720967825787005,-22.488990614183002],[-13.407104496280555,-23.100686375302853],[-12.93477208155057,-24.83459934307849],[-13.401429662945842,-25.159585938855823],[-13.320019588466401,-25.717745518165998],[-13.615080499711803,-25.99621483720931],[-13.010432687599172,-27.909992739829075],[-12.473264434210552,-27.993647974357405],[-12.185041527160646,-28.978747863241583],[-12.434716535538255,-29.2769171930899],[-13.551028783949578,-29.516389788487583],[-13.028616232588362,-31.067577262665996],[-12.942966067512453,-32.31984881573284],[-14.125700042335875,-32.67901559371116],[-14.028944214030533,-33.589654760341446],[-14.271737924911253,-34.294641735059024],[-14.793498419011351,-34.47591751827973],[-14.85492094853991,-35.43187248455047],[-17.11156358384876,-35.89057145445241],[-16.736563878489687,-36.505049496620224],[-17.006196303000515,-36.81309421918495],[-16.884035998684336,-37.40090958538812],[-17.068246911451567,-37.86452115199376],[-16.11044812361736,-38.31361555442063],[-15.718998371126826,-38.75310026470472],[-15.61986208845954,-39.29386376330128],[-15.62692048240517,-39.86922347966181],[-16.095512115832058,-40.07781520642432],[-16.172588436134095,-40.457516562071916],[-16.482797345600062,-40.63547296711569],[-15.873169044221891,-42.26282289130444],[-15.989383239935234,-43.30488956793801],[-15.364632306252343,-45.08767924865511],[-14.809509702639808,-45.03135107882994],[-14.474111351680468,-45.518943405101815],[-13.532383737027036,-45.583858707583616],[-13.070233179828493,-47.18597659185775],[-10.333284712891594,-46.809637339741165],[-9.484182595088582,-48.82580249267662],[-7.990910998447313,-48.64387282106522],[-6.953455976999938,-50.21381849663621],[-4.975646382349921,-49.924256313621655],[-4.055560226654117,-51.64309179635761],[-3.6744343841830807,-51.77110386249466],[-2.2274953639750383,-53.92384804984424],[-1.273373106683184,-53.72028360718423],[-0.37987096367183965,-54.44432037270811],[0.42699525930783133,-54.10136612252904],[0.9849344748176249,-54.41323740819459],[2.978510028521775,-53.304101336768284],[4.416411787278187,-54.0115489180605],[4.871284073673622,-53.81481284468047],[5.486989385603557,-54.13568797141093],[6.641026116320984,-53.46436710166853],[7.749488741226193,-53.983905635783636],[9.881593985907134,-52.46020382759299],[10.955891976768273,-52.9090262427857],[12.821304174173637,-51.620846634890476],[13.768040388643165,-52.06172210653841],[14.384760907603054,-51.65585685640643],[15.077776955457596,-51.902775217209886],[15.870654649820617,-51.44039831931909],[18.44345811008763,-52.32721751211584],[18.78259361196138,-52.2101931419148],[24.640107271645395,-53.06216802699145],[25.927311245760336,-53.1334419828472],[26.670403650832547,-52.03060174001932],[27.929748768489812,-52.50819079930138],[29.417587533618207,-49.74373484304027],[30.462950444931725,-48.74773481597385],[33.37824490224969,-44.38027695859099],[37.119477924164435,-37.11250122880952],[30.183681777889912,-32.10814800886637],[30.22857778591732,-31.527853437641856],[30.616318222110085,-31.55785199113362],[37.90464314690816,-36.9126160110608],[35.40104612492329,-42.26346902557879],[32.690188057914526,-46.78118938633441],[32.963714907708635,-46.85009309658789],[33.614155631926636,-45.69448730502002],[34.354237780019844,-45.848310630926704],[35.0555355697241,-44.52864628411033],[37.46196087393738,-44.51237632989927],[37.82736665801881,-44.34969131994301],[38.20460472335209,-43.73141739823033],[38.86077585477992,-43.779340606012795],[39.37290734622288,-42.94675369572299],[41.30215273923707,-43.19157895104274],[41.5941792728402,-42.38103991017016],[42.19475502850799,-42.34642037918347],[42.64005444850025,-40.588779078103464],[43.69937078774684,-40.546711069344674],[45.20243048744121,-39.783866579055186],[45.769431309202155,-39.76486351651914],[46.07279900962062,-38.564729266235496],[47.69906990899225,-38.339398414972386],[48.90773805778817,-37.46674417715339],[51.947891462273205,-37.08657012094718],[52.08659536680179,-35.91849289454623],[53.11873468243223,-35.798309411374625],[53.22550357944532,-35.26753756295818],[53.87924588367318,-35.03490072842017],[54.02052116132402,-34.28215451858237],[54.962413989261876,-34.2051166028365],[55.36897862905782,-33.9251437126109],[55.62598033111591,-33.32141050411224],[56.72383211174751,-33.23915842229699],[56.92032856320582,-31.509534892384984],[58.142684842029674,-31.35541547032394],[58.28057770904859,-30.809462791462167],[58.83177279921157,-30.7026205148789],[59.06823298292862,-30.238129415085776],[60.40243386767315,-30.194996413764276],[60.46035295609634,-28.91528552611669],[60.67115040812958,-28.609720074020462],[61.795060728501504,-28.441139989013784],[62.52523065720987,-27.851506947403486],[63.46483344367518,-27.50985724420331],[65.00651042807169,-27.463875595489505],[65.23158996318523,-27.183926215326352],[66.80137259950585,-26.924156345994625],[67.30581217992584,-26.2459275258094],[69.45236335362998,-25.328641913284713],[69.24203851647746,-24.96480769312281],[69.44636802986761,-24.63511638916943],[69.05322887881346,-24.01069633083935],[69.33731026756999,-23.652627845020444],[68.46226844397661,-22.48924864498939],[68.6909457444774,-22.03024741384653],[67.93413370158144,-20.816099936487685],[66.22865188871276,-20.36568095266495],[64.65817892314787,-18.08670289782795],[64.81268047991995,-17.766898773420905],[66.90480667955333,-16.558466697930456],[66.68551537039241,-16.18088594258788],[66.86480303310422,-15.832037947246512],[65.59052605941139,-14.071797302889651],[65.71291214672976,-13.702967795164957],[65.47408374545687,-13.22164148046194],[65.87195396510246,-12.780687597609637],[65.34963621912858,-11.985196506438358],[65.91794450341519,-11.463146385198467],[65.86905205236236,-11.026350822222044],[66.28521220434445,-10.692771957456705],[66.15523410309116,-10.177901923074781],[66.88416884411544,-9.572984425919667],[66.78341101634759,-9.101171107025552],[67.54109365465203,-8.447844912422115],[67.29308397714095,-7.999475302141051],[67.61247357263045,-7.586891132750808],[67.49083632876896,-7.111595531810826],[67.78767377347246,-6.791388397169247],[67.43327867283539,-6.229109600528749],[68.12728596718162,-5.474913829902922],[67.84955650967487,-5.022270654613219],[68.2511120389152,-4.526189465415545],[67.99933233176534,-4.133248665231288],[68.18887579506399,-3.7746904912842423],[67.5568125573188,-2.9887441227508877],[67.74833065803764,-2.5392720335142043],[67.05630621268435,-1.6011501490022806],[67.17060593754601,-1.1166169195593414],[66.72500091121546,-0.7615661817535658],[66.52742578460331,-0.19844123776469888],[66.6537785427026,0.2833893820228935],[66.31650475815033,0.6409877152665425],[66.20097202514361,1.5241901358487884],[65.656,1.9539999999999984],[65.8989754639081,2.609292636664256],[65.57044386311183,2.8170156495323333],[65.13049023201609,2.580864529654371],[62.68287306839823,3.595967982877751],[62.546700494564945,4.014775977943673],[61.25391228845342,5.045605104135827],[61.213067791678945,5.400406749174699],[59.825112359587706,6.489189178469077],[59.70577930833789,6.869375987126341],[57.957978395126204,8.455588560746264],[57.67602721263095,9.378750673174705],[57.17227508757563,9.342432591770432],[56.73051262658471,9.609512626584708],[56.585450665259124,10.077041696015874],[57.79416685902864,12.627372014406708],[57.358723884747,12.928368658787182],[57.33924844109838,13.319267384584812],[56.16526082397531,14.276282815121856],[54.738583306957054,14.430400069117425],[53.84126161722468,14.001614940960744],[52.31357669480619,14.296938414675191],[51.33788746876271,12.782450124949133],[49.81857453309169,12.886582355959234],[49.331082008543454,12.456048702316362],[45.542552707683015,11.633603969388751],[43.64561437942039,11.663027477746992],[43.32498924541264,11.883123099041615],[43.52012309904161,12.338010754587362],[45.97637565324088,12.434240850009422],[49.11918693636549,13.20328053920766],[49.59615130213565,13.652807880818639],[51.102188155284594,13.556324814641819],[52.05866027101331,15.029654558088314],[53.68431736796402,14.774783733460641],[53.94309370629958,15.098569449285483],[54.52798486125545,15.219368521683833],[57.82155647012288,14.971826769511997],[58.156327529315156,15.26138128360766],[58.55252656979395,15.103081572219363],[58.9268399234071,15.421191713559333],[59.29237785943029,15.348790562082403],[59.57072391850179,15.71034927050194],[59.89368770313307,18.37877466585113],[61.75283533072715,21.559501969994187],[61.823769580692854,22.24881317382446],[64.08268131328788,23.992428683052445],[61.93427372506288,23.73761422248862],[57.80045470392284,24.09442447834737],[57.49788634783291,24.33874997632822],[57.60782577765448,24.711786007886914],[61.91166434919543,24.440186061241818],[65.04400266448359,24.731633972504714],[65.35714362563928,24.501014594487525],[65.2844472403114,24.14380929292546],[64.51125471172493,23.435768105789048],[62.473034993524266,21.90957228993466],[62.41155792565709,21.273595919622384],[60.55125241523964,18.13581697751803],[60.244628504601096,15.472735167862762],[59.700959346012176,14.700468102954387],[59.10030601630355,14.660549895320173],[58.64567247068484,14.300618716392341],[57.282504299632755,14.311182178782287],[58.081881561809006,13.671409655751052],[58.10610957319543,13.26283002580465],[58.588466072482255,12.725674778556954],[57.45606185346098,10.287885235031403],[58.33598679407345,9.751039289310162],[58.748749977765826,8.73078203550391],[61.93208771154658,5.706394895864173],[61.97849494369501,5.363524925756835],[63.21403814706903,4.386459735307518],[63.34536185648705,4.045588530061105],[65.13425470465772,3.4066802150216198],[65.57150976798391,3.6391354703456287],[66.65483810559878,2.968711826421323],[66.4649311673868,2.1864998540132863],[66.96816081205468,1.8090959729160292],[67.1206390441031,0.8075015125583925],[67.50599433889003,0.3827703919392737],[67.3374693537965,0.006676896363543211],[67.5126911934078,-0.5001518981255823],[68.00756299533467,-0.984446275954371],[67.84350104184844,-1.3835770066854625],[68.57404121367298,-2.410199347405365],[68.36580431880724,-2.9149157201496085],[69.01666766823466,-3.7557513347687124],[68.82566014662977,-4.115907081773202],[69.10044349032513,-4.56872934538678],[68.70117996950222,-5.062763505327603],[68.93526085473815,-5.5934282143761695],[68.37607216548125,-6.399497290437364],[69.76553476451065,-6.097347062838826],[70.80580626698162,-6.152560861109903],[73.09926115986701,-6.688423064314984],[73.54109908722603,-4.232141694887388],[73.82132024110292,-3.9624777113996843],[76.2699950188076,-4.688896730284099],[78.53198167858785,-4.587624721436699],[82.20952316394566,-3.518539283432551],[84.18551022376761,-2.667128674871662],[85.8495540958227,-3.00118500680011],[87.18323359985779,-3.673042318798296],[88.31573372872006,-2.7644881622609483],[88.7124726652969,-1.4404707384132163],[89.57762864188643,-0.5353966656423061],[93.64695661536945,1.1759812017676181],[94.43322391335451,2.028753581511873],[92.91208749804161,3.5632580080321574],[92.33818006504723,4.879745338939191],[91.96264684828162,6.702861982243393],[91.12013495277155,8.138281526465873],[91.06888540800958,10.017274508966489],[91.41127999198902,12.795014055714018],[92.03804895686392,14.359359007874799],[93.22914607970957,15.828360899574767],[93.60605438726436,17.011581487880058],[92.96211737988735,18.44348739946983],[91.192816516858,20.331943288343865],[90.37058743515375,21.671945080850676],[90.19200000000001,23.739],[90.74967924894577,24.803653995776365],[89.8974282400518,24.901760800172593],[89.40984933420062,25.284545395951486],[89.77334079141346,25.921852993066594],[90.24617837785837,25.960625012539865],[90.50281689464573,26.304858373304025],[91.68542328389104,26.004643574426414],[92.29480646514716,26.169853997516192],[92.62822567000855,26.57074439040651],[89.8070800184102,26.339052198509542],[88.811410553289,26.567177799147025],[86.75451423857494,26.321687256901754],[83.10236212246598,27.416863277556168],[82.26494236503441,27.393501500394503],[80.8503685430226,28.473838506436984],[79.05273991452776,29.01949963803718],[77.02015409652832,30.164104267715818],[75.9327608386019,31.026426233733282],[75.3414608348729,32.126425351386374],[74.57197349688688,32.553283855836284],[72.11710265751927,32.040068870581834],[71.56073878971699,32.27585222698641],[72.84874827110775,31.49861311894486],[72.93770387082837,31.120024344218375],[72.62197528484923,30.892960434567012],[70.54181393863264,32.00233390339829],[70.92019200518854,30.451927719583654],[70.46476098127785,29.59796541038399],[70.5371905514489,29.145368041762023],[69.77357389250008,28.297078768418924],[69.25081670934723,28.220770863407772],[70.75269619264023,26.384264069279663],[70.62088352639238,26.018384334821487],[70.26240317160715,25.989342632692743],[70.21626569630713,25.468405174898223],[69.72617117489823,25.537740303692868],[68.14744896772063,27.498488999249304],[67.903255368865,28.47982078185806],[68.27781032228746,28.72413427116953],[67.86310323398973,29.117600220776406],[67.64916108843212,26.70712372665592],[68.20853943177066,26.26829500095655],[68.29058160397662,25.697488739627904],[67.97046604905948,24.869044273465526],[69.65138281640785,24.68274410852529],[71.52285919215255,24.98483123938955],[71.80889343476298,24.72134125642089],[71.55100125642089,24.298858565237015],[69.81728308534869,23.99358558873881],[71.46399727967258,23.59601073679607],[71.26153373679607,23.14433772032742],[70.149893154097,23.149598142310754],[68.75400657086294,23.630209799104524],[68.53489986744488,24.028208194258976],[66.57695283534866,24.536455564352785],[66.39771897293679,24.881590004296807],[66.66279021178777,25.68237509123816],[66.51708083428221,26.117633291654155],[66.45452627837435,25.538528469104307],[66.08662462115085,25.143306254546264],[64.274174233642,25.30671311375373],[63.87947751405903,25.089557505573758],[62.096053218394346,25.000049836229284],[61.665733989360675,25.24683193633773],[61.642792763589405,25.63591975347583],[61.180428369536976,25.68324500733707],[60.83090977428431,25.32229488255944],[59.07346191925233,25.796033651277103],[57.907863146032106,25.821246043813662],[57.204299879218425,25.517646301552652],[56.959567262837695,25.819885454459744],[56.77077755113604,27.130013367168896],[55.362661635405054,26.438891038776354],[53.54592190532586,26.436226585757023],[51.92280432886846,27.548895869019194],[51.30960871442954,27.68649073048129],[50.78195500185526,28.43211604149337],[50.867442053554086,29.168281247873704],[49.53622984433582,30.139395207552397],[49.353187025476686,30.659141967387963],[47.85669888668354,31.455653197143967],[47.61146476319145,31.991990108504325],[47.81664593846928,32.4324333715756],[46.8201441254494,32.293910973705614],[45.69723409132988,32.8653477137594],[45.15326448197148,33.899260567650224],[45.54442021306297,35.05528852363093],[44.694032778852936,36.77418278570221],[44.03218331121322,36.76725801061785],[43.80542982510662,37.19208385520569],[42.82137190457667,37.29279247429266],[40.949674322018836,38.13227414412693],[40.07016432784553,38.1707694536173],[38.66014707917797,37.67374493071607],[38.991780342543485,37.3332103644508],[38.80195914404681,36.99378079754882],[37.361682911162404,37.218340586171855],[37.33216568697953,36.68612820013518],[37.028605109203994,36.49123488564641],[37.122532501449,36.055172329849604],[36.731095732521844,35.51237720031615],[36.754052099002905,34.37119637423905],[37.340976551165845,34.99244778340306],[39.631180467159105,35.774645758484525],[40.08478065334161,35.409948196078844],[38.326051305058705,34.03621065912803],[37.72338319953503,33.91865203719576],[36.882972767510495,33.294796428853466],[36.04079453352392,33.160634300756186],[35.93356577620017,30.671069717616337],[34.75812352169545,27.658042606262345],[36.997569119189876,24.98827093005721],[36.864077826698676,24.321908077522806],[37.703472506739935,23.220237362137823],[38.276903774430714,23.20289689052579],[38.22041607027978,22.453057145177926],[38.46080186945286,22.041928385770646],[38.220860108452754,21.016217716770743],[37.93682505171505,20.750573884516793],[37.53469436751669,21.039175535285047],[37.4853862961063,22.36471944395057],[36.47911350845009,23.665801750346827],[36.12130125125745,23.240426538986814],[35.64963826498671,23.390539920742654],[35.549745934756025,24.16075967684075],[35.803513186132875,25.344603515348034],[34.580569687729714,26.71192759804827],[34.084124141750365,27.617229329766566],[33.835013090307754,27.72400607847334],[33.94293544307468,27.184597392763184],[33.465675219346785,27.053362188464938],[32.27267011099141,28.521826677809525],[31.69868319504293,28.440912656482862],[31.647500343913052,29.205102966114875],[31.19312542068297,29.68539203831363],[31.390360873833206,30.22521348028565],[32.990105860613305,30.33771569904093],[33.22936493814601,29.41776954522827],[34.221211575491225,28.37350684389027],[35.01663396929688,30.918786912883206],[35.27607646713916,32.92186832074566],[34.92164343218336,33.84367263152014],[35.35147448007249,34.51374295012417],[33.891301314180225,33.93238473443952],[31.86694356265998,34.01043418324737],[31.51444388871653,34.34694344371741],[29.375593818651236,35.075153819113915],[27.288012318174797,33.99053741510204],[24.560769645285305,33.99148715341474],[21.65027486086276,35.68084031481855],[20.701580259988763,36.69210468528275],[20.13895549086958,36.69132239963873],[19.592928034643883,37.07328141684269],[19.358295581985427,37.41559241409796],[19.494552881818574,37.88519734910161],[18.79493692312236,38.344855438601485],[18.547045647789265,37.42672533531952],[17.66694751888269,36.949619747262],[17.093946179416847,36.278644522328676],[16.199747477549202,36.20838756217912],[15.723377283580241,36.936056137731605],[15.329832909278075,36.99289186793717],[14.691940390581989,36.32927176858876],[14.317041806882509,36.73791862130453],[13.862177539345309,36.71459465805855],[14.858316955166929,35.89827162310819],[16.33953955984432,35.65263267369045],[16.537282792596837,35.31395321729276],[17.13645340907657,35.11561959259947],[18.377604172641423,36.026777788647145],[18.854284178062688,35.631088609968955],[18.761383873730356,35.2534484472141],[18.068687093968855,34.656369322937515],[16.968173628669476,34.48848758033466],[16.026372945570316,34.73297247422057],[15.210121561969311,34.62812038355217],[15.378668049082512,34.16207719586312],[14.930853204410148,33.53440144378384],[14.42481288025235,33.50559263446131],[12.66149193541937,34.490209224861154],[12.484873884916496,34.836689560965695],[12.632752561350847,35.18357367339585],[11.999047283455928,35.42512619530797],[11.415721549634739,36.10537695141439],[10.496762041759776,35.74083401516621],[10.027976292183254,35.05794096316436],[10.062311841718554,34.58066669882956],[10.332461595051198,34.62505558000793],[10.595553266283863,34.33865493126817],[10.093852597723378,33.80158233038943],[8.429246784574453,33.68607641181908],[7.476686655406082,33.37800423656],[7.163155246185493,33.6586983091169],[7.172404122967702,34.3315216912477],[5.563446240499668,34.56659405470339],[3.6685711514609336,33.53036300495189],[0.24460833729645284,32.232356700252865],[-0.10306229974713862,32.584670662703545],[0.11513868208461575,32.90658818412513],[5.500424578149991,35.12736194736979],[3.939016826821132,35.3579561784383],[3.2527009006457273,36.21477883495734],[2.472560091193588,35.88823035340526],[2.36855201361335,35.31881886422191],[1.225476808205981,34.91726713682863],[0.7875925738110217,35.240973274107255],[0.023820953670350177,34.851670320744546],[-0.6809498775183501,34.73334244633833],[-0.9258187204153906,34.93156573235065],[-1.442769603194513,34.70320184775918],[-1.795869152240816,35.05007460319451],[-1.5843782736751848,35.49578724135909],[-2.121811484643588,35.53522736622851],[-1.8947227568451317,34.85333182189592],[-3.4153645454187136,34.19118962463512],[-3.182577904982524,33.70787575886208],[-4.069014663805765,32.665125278369494],[-4.929135838600246,32.22569618847118],[-5.4505389208871255,32.56675865848778],[-6.282679727129319,31.90710769850793],[-6.691932544225352,31.844747786708496],[-6.752363003159707,31.55487314066249],[-4.841265842386762,32.23672978288803],[-4.4790722171119715,31.899363842386762],[-4.683528177211543,31.568546189516912],[-8.03731340574733,30.358319641466586],[-9.389302472097357,30.06458705413734],[-9.962996818459912,30.195102047715576],[-9.89946331407403,30.685511720813693],[-9.190195253514448,30.942528694750635],[-9.314698699813707,31.219225007435316],[-9.07166416661168,31.58883297590171],[-7.452378355676169,32.00887664738957],[-7.263879666621023,32.40740171697846],[-5.176288528589975,33.27719904405394],[-5.286411907425744,33.620760656334895],[-6.1829169993914395,33.82934318697919],[-6.169213495860647,34.308442969909585],[-6.556432113143738,34.980800488523855],[-6.028878197380481,36.38044210686828],[-5.535557893131721,36.42087819738048],[-5.42878105307833,36.04692463676264],[-5.627470984273145,35.800966348691496],[-4.846785965080076,34.98104722743093],[-4.436352462286477,34.95989229716418],[-4.553846942737413,35.74910835632068],[-3.8537341615811735,35.98089180778144],[-3.3517821987311267,36.482884632324264],[-4.107141802924966,36.59384833779592],[-4.778202736633245,36.263206854944386],[-5.182961976119873,36.58790538597954],[-5.083387528454123,37.06633981990783],[-4.5079640724970504,37.14897199767927],[-3.9867941207780735,37.66426471260359],[-2.362962171248432,38.124722000521025],[-2.343237404225783,38.97104032458276],[-1.4062863422135992,38.85496882987922],[-0.6375792442920546,39.28854000986685],[-0.422993938915198,40.48824942814657],[0.3670418731947155,41.315164824511584],[1.0332756813689117,41.59683401851008],[1.4195415142227301,41.551653652859734],[1.5256178338488589,41.177500778375084],[1.0702995209992225,40.66350735177187],[0.9434172961720546,39.84287484609074],[0.09518894779845452,39.86217378711983],[0.5778612259314531,39.192285025623605],[0.014963521874281564,38.76657744507093],[-0.14526683949264946,37.36481105297552],[-1.4474530232176728,37.23189573690862],[-1.5827466568918376,36.84181254500533],[-2.1311032254364584,36.46352513341517],[-0.9303890802099655,36.28740804538611],[0.40431991485658403,37.15655652714358],[1.318209974682759,37.145259957710664],[2.5057241063684517,37.54121154259037],[3.188331254196347,37.27983084867852],[3.778017299162315,37.58263163587415],[4.882620206807849,37.64953826222744],[5.111876623139474,37.430701283224934],[8.163665234177234,37.806062796266474],[11.10657751640309,39.416813560155234],[12.771495231625146,39.015231301093266],[14.590193662944673,39.10660580458633],[15.159701394622516,38.88540603832017],[15.324094992924328,38.5689180234194],[15.630700841678609,38.70406195783445],[15.613005795246501,39.1331059372777],[15.92581028042272,39.507079275167335],[14.634879284861277,40.88499378967693],[13.860781465560727,41.22949806528342],[13.101728408231661,41.94303756115556],[13.002770076517056,41.461387203430306],[12.41491435075676,41.345139676330824],[12.332325676330825,41.83317564924324],[12.881915123348591,42.09418359305556],[11.936845918636479,43.16025120662347],[10.87947611590148,43.814690599764674],[10.746221579970332,43.202781807025616],[10.368886075921136,43.10865170315606],[10.10346164260976,43.4193598044906],[10.154930991207527,43.812365525033314],[9.288027211918228,44.367332401199484],[9.412626227058087,44.82742447013168],[9.071196538705832,44.581427177884976],[8.704926184692653,44.71215049960537],[8.685533189804673,45.100565832489934],[9.165778336665491,45.95724645817819],[10.366209791826348,45.833592992760565],[11.018337320034567,46.43214108047872],[11.370067851631545,46.26622486001472],[11.407382539472673,45.996490493423515],[12.411280023947286,46.3765052182173],[11.218527480163123,46.5785544232389],[10.774688004666565,47.298256850118214],[10.9691577842842,47.63504174272182],[12.852863432239273,48.101750576301335],[13.233589090322793,47.6878905463202],[14.869503126692027,48.02118134341017],[14.994905935600809,48.41811676958434],[16.174693844025267,49.21869097627597],[16.548289442343695,49.11066834907385],[16.77242364761316,48.73737748725213],[17.778548758736342,48.99442709796484],[18.02770284278104,48.6958223400081],[17.84717515866433,48.35136288762217],[15.175972860833882,47.02280138787466],[15.883989805380624,46.54401174940458],[16.723414218722993,46.57166612281962],[16.934691386493057,45.81616386610653],[17.016160273497707,46.08016963532145],[17.39057704940246,46.18531066913624],[18.67977256464235,45.587455580120285],[18.77218206979952,45.209695017823],[18.50808957238281,44.948928500538614],[19.285411353254243,44.64115412187187],[19.540535582182486,43.863641557817026],[19.67696371603329,44.664588362160494],[20.56840207491967,44.746396973415465],[21.52225199424272,44.57734665976174],[22.044239291270003,44.000607907646966],[25.49163697488112,43.50084185206214],[26.06295206703344,43.745043739017675],[25.79165358823344,43.93050288945462],[25.825077217596057,44.31796310685866],[26.759091454767574,44.68050574455081],[28.9420106709362,43.758984193774616],[29.057629053494697,43.126153645740345],[28.37972973339955,42.89205944749672],[28.749219704357714,41.87332725148085],[30.147699031960965,41.82035558131983],[32.847854054732345,42.73694270271864],[34.41460588068366,42.82251277373171],[36.146506409904354,42.44779423839207],[36.82793025407081,41.60173533834893],[39.22546227760326,41.75436101359916],[40.702800731189974,41.60034976217998],[41.506189536724946,42.205872138214374],[41.44944071261972,42.58162528538666],[40.450175397159654,42.75628278983164],[39.960071660781736,43.106726423054944],[39.96718703604697,43.49556048857054],[40.458270540273595,43.8981651560397],[43.89855124709598,43.05717995189544],[44.990088217607486,43.04535849291711],[45.997522086223,42.71857975059799],[47.754103488835064,41.62566951395048],[48.88212921762345,41.4836553069002],[53.726188663716144,39.73622222156051],[54.335017813599514,39.90115088644826],[56.53145127466923,39.254989649970376],[59.397534692161116,37.85550224675527],[59.537637241514346,37.49271603597091],[59.17499644152379,37.13401086454584],[60.32035921708799,36.293884169394175],[61.16737528976408,35.976418950336104],[62.11461726354742,35.068180345515444],[62.161761677537754,35.63523570544072],[65.76276205720524,36.42125897933893],[65.63023430530862,36.65765026301981],[65.8092929842287,37.00287562213172],[67.0947967995917,36.8692239918077],[67.5753431501041,36.98082493378967],[66.99610174009996,37.26234364267736],[66.28243304777571,36.97457097122239],[65.51058416353483,37.337749715972286],[65.37806294906399,37.703373411574375],[65.82659062316183,38.58924872351699],[66.82680740484041,38.684171581209014],[67.08963481205483,38.26184724105167],[67.69866247284786,38.78688167663594],[69.42591847206714,38.957455389713175],[72.11619631888453,39.89331807694431],[70.70037624682841,39.994033114908476],[69.85319139971274,39.72759630913239],[69.88088146289311,39.45485836187187],[69.57727561222556,39.21182328927743],[68.06975144886005,39.22392413196779],[67.8750094139111,39.007742958378174],[67.20419811845353,38.986022299585066],[66.34875035413077,39.17982459827475],[66.10342064612709,39.454261914639496],[64.88827010412817,39.62249650596943],[64.65920175779893,39.93677385446999],[64.82906301377164,40.31899710134699],[62.95547357775707,40.70604697124364],[63.15145242391467,41.25408869665164],[64.86477005067047,41.0275844069914],[65.73166841369623,41.192441688668914],[66.863966494553,41.02184607769723],[67.93372485621198,40.58798964099226],[68.06344203104024,40.32676151852128],[68.85407197548359,40.3156920985018],[69.27867061380425,41.01577383171433],[71.75430305871106,41.76955621551285],[67.35888709788719,43.68901959903482],[67.26998568886741,44.200176041375954],[66.6654494615588,44.50376899806919],[66.8179892994845,44.97465284557896],[67.63967120161429,44.81623147865129],[69.12758289157284,43.95801690556287],[70.11238498539905,43.91040078222086],[71.18715121827917,43.0931367874896],[71.46603945259973,43.26325255003416],[73.92550419955327,43.065367980761806],[74.38519548795922,43.164215366878594],[74.46576486702716,43.44212217539561],[72.12759634317855,44.968355574816584],[72.1228984535487,45.55036534343088],[72.51178494799713,45.55350437292486],[74.34825833983726,44.383058768348874],[75.82550223495622,44.1006541324394],[75.80345053696601,43.38823601057816],[77.41828900504599,43.74836708131169],[77.32797829797046,44.01618347031194],[76.67170374132003,43.91870701634258],[76.43077416012257,44.22398638999002],[76.79794996516131,44.65387828957608],[77.75004448544284,44.81317427411223],[77.75163722132109,45.4543589687142],[77.02099946697814,46.16136364209186],[77.16710206702817,46.63428438625373],[77.55392869344217,46.59418800028547],[78.56206284239909,45.69209415047758],[79.93189719116384,45.787362854002616],[80.12855015928943,46.084861737204555],[79.33616905053451,46.53271722842508],[79.64586922068294,47.02550850831899],[81.90306446893037,46.08092433173498],[81.9067027295855,46.605752838069726],[82.2066722112606,46.877308240823524],[80.99315857540557,47.08690085394253],[80.1910010994355,47.7393339989864],[79.21039917841934,47.691115326397686],[79.00982388316294,48.111938721884485],[78.4957503134323,48.28224610704534],[78.548978396996,48.78667840080851],[78.31912506271813,49.15492552597654],[78.5661211520335,49.455317754460346],[79.50884595806892,49.04987980510276],[79.55102973730399,49.497926006346596],[79.93426846387095,49.56403680372408],[81.63415492611986,48.74296300827673],[83.56819001890882,47.3629249971979],[83.87958122581405,47.8477622963105],[86.22982001643369,47.31211020201215],[86.45963626697412,47.40723662720586],[85.50709615382294,47.67383286733308],[85.25165266126483,47.96707539695706],[85.55428080070385,48.35875920976998],[86.39622640003302,48.155394782999046],[86.28970128609556,48.31237583736159],[85.85040308259583,48.816877467062426],[84.98491348772858,48.815563005056234],[84.75716749158305,49.13079993231926],[85.05504321492387,49.48800124975579],[86.47745812150359,49.5527577969825],[86.58740861395137,48.98204771113438],[87.1295304357267,48.363531873137575],[87.00336881359128,47.932990283152506],[87.82836783909913,47.63696646561809],[87.94985830902294,47.267530916721874],[87.50574870772029,46.670254107150484],[86.3556573164191,46.56370601757249],[86.17590999267031,46.05322518320342],[83.52826769393108,44.77225840024999],[83.98630886016218,44.46667298128258],[83.8673944576169,44.09640021164126],[83.25415948982528,44.090048458021705],[82.7058408994672,44.397890621186235],[82.29596418725103,44.12332213372752],[84.07333125373526,43.75739170504286],[84.44577596231122,43.461806144985424],[85.66233382529649,43.488952111486185],[85.86854799980675,43.038979096483004],[85.21461542836855,42.50675524263009],[83.92598456872403,42.732452262664324],[83.2691116246401,42.605819062211644],[83.46307523902854,42.12471485822752],[82.88513622116923,41.96260520300618],[82.65078110427906,41.577990105398825],[80.3712204333992,41.325969999922386],[80.09423559266952,40.599610518285374],[78.72852958776316,39.78673532824234],[76.60958156552054,39.55303722035331],[76.3484924533575,39.32358280554189],[76.9150510853435,39.040244888988674],[77.41673687999022,38.118858894147834],[78.27676486766886,38.02208770689547],[79.92181519349691,37.337475297031226],[79.9716770437831,36.75758631040061],[77.20859062598348,37.2231817397145],[76.32998042474824,38.546733471089766],[75.352917967187,38.69372216206696],[75.75491975170272,37.29346561237669],[76.55235420123867,36.48186969719612],[76.73111198114158,36.743785347051826],[77.54083910417329,36.805415689832465],[81.48771731532676,36.28477881573236],[81.83720698653929,36.40419230158855],[82.03609013001446,36.88927282268854],[85.0689380937197,37.57477064826922],[86.83618795996664,38.61287684837604],[87.44219933570145,38.71532518777266],[87.80548257747824,39.09328979592001],[89.15146717413099,39.43976807742431],[89.52888872482116,39.062349211682296],[89.7999963946169,39.28658865890658],[89.58590898364386,39.55596667486727],[89.75576060290312,39.90581376504462],[92.01187424244655,40.624805435686184],[91.81028109283696,40.88912216245117],[91.98119649922292,41.23845077984527],[93.19100151959765,41.451751716026045],[94.28466088377932,41.025292003917365],[94.69048774451751,41.25737469196305],[94.51115663315305,41.623416926855214],[94.78117277161772,41.9032987662789],[95.66761767075697,41.67953546430866],[97.02375908987051,42.029513190921996],[97.35805156778413,41.66448094685256],[97.12799927887295,41.350923131709514],[94.69160882219641,40.48595390049125],[96.6044446310762,41.02416371941883],[96.91620036645398,40.791675180927975],[96.73341849549371,40.36267067834581],[100.6333350915169,40.15546739289821],[100.98060266712447,39.819204217955466],[102.56424246616285,39.78092965902854],[103.7319093895269,40.349062053112746],[105.4316075967621,40.729964279020784],[105.80231296397251,40.59266691753638],[106.54998937741293,41.26157147102423],[107.39738956131734,41.631365903503436],[109.12908614737212,41.53905078992577],[109.35449667178563,41.01920058281126],[111.42443658311672,41.146066730767046],[112.76328315109568,41.729489388994594],[113.50729619104155,41.781375094876985],[113.51225919241067,41.199367526586975],[112.55415397235996,40.904297622249736],[111.34120257002232,39.80894824075597],[110.01672722120543,39.89259398548879],[109.75629042385681,40.36821782754102],[108.54677990543792,40.41207291123951],[108.46088950097912,40.95294581261744],[107.58080927347274,40.95294581261744],[107.17161354614322,40.80218949202236],[106.93943407230661,40.67642561036086],[106.8073987679344,40.52419961493125],[107.49077843433824,40.89100773111234],[107.84055003357706,40.42580103587315],[107.25822621377425,39.98778475102198],[107.21776514358893,39.18032029354945],[106.20842834174522,38.37243609600626],[106.27792601501976,37.52630503582959],[106.6298831551875,37.105810217257215],[106.4409364226177,36.28732261521162],[106.66880216515656,35.56519576172584],[107.27341198776013,34.70371460198983],[107.9332186705521,34.6228042021631],[108.14147030995031,35.07861418345068],[109.3392157482613,35.06432029129364],[110.43841618076792,35.96927574309653],[110.86580435240583,36.03440789822983],[111.52346336630168,36.80921610949091],[111.30666222769324,37.361844991696614],[112.09626321272948,37.930214677843544],[112.24551858660432,38.373693522890264],[111.68379999776732,38.59861032152577],[111.9834818975397,39.52636065128114],[113.24796806979586,40.670162250283695],[114.18735126179128,40.733296558238266],[114.25023934523982,40.349515829135406],[114.04232975325557,40.16206619895602],[114.31877529166414,39.7699671970754],[113.87699642431102,39.40789634951324],[114.10329754209712,39.09413801032001],[113.84743541511249,38.73880455736951],[114.25195296009895,38.534429869203244],[114.17143763027492,38.153956689157816],[113.08496356253916,37.71714588729681],[113.07671251731745,37.20477967663235],[111.99502377938444,36.67670376932204],[111.52962918235694,35.721551571872375],[111.76404739149147,35.31146906702956],[111.3420824367926,34.78200479208558],[110.309354820122,34.34497051784823],[109.88873807849569,34.52708183390707],[109.39890373207157,34.33671329260532],[112.71639348196359,33.29375545713788],[112.81866818914764,32.720783097246176],[112.43582029814979,32.65244532270634],[109.73256780210664,33.55272688967909],[108.58620404625255,33.45016459959409],[107.86909726644859,33.78903371297238],[107.69541416338814,33.564956620982485],[108.43103563563872,33.24307024075763],[108.28120963452425,32.72422875907644],[108.5868393938034,32.4055618843073],[110.18114347038312,32.02330198471635],[109.9477246866535,31.15087929133084],[107.66914243170201,30.91557253561558],[107.46519768105665,31.246705587053746],[107.7489961827309,31.57083060433788],[107.16485019444941,32.41847493132138],[106.10038144511985,32.387854262448826],[104.84541757087693,31.465839057689678],[104.93503619386209,30.812918737916878],[104.1114888014432,29.43707302520554],[103.50589891568433,29.101222916915248],[103.18902380453551,29.48147305029382],[104.22701994191293,30.933679733238915],[103.35803291364519,30.066031002347426],[102.53998281700223,29.768442285027888],[103.15857637312708,28.61395061886926],[103.42941365803763,26.619456329665493],[104.39503242681351,26.894635576860445],[104.76063557686044,26.560967573186492],[104.19137599005879,26.018098967462468],[104.5981993476198,25.52675400387217],[103.71895565178399,23.85914232805522],[104.03004327199277,23.536798784310545],[105.37650192003177,23.083975237440633],[105.34320655421257,23.421755662654682],[104.88442794370218,23.674560706558648],[104.83341749142049,24.13392729094464],[104.23005386296313,24.689859744897127],[104.4203897683715,25.028998067979206],[105.43737451142479,25.11654589596823],[106.05428685428032,24.915533442971505],[108.02421210953801,23.304130625806515],[107.9404873734153,22.94251262658471],[107.55906079867222,22.86664216362105],[106.77389499296751,23.594956021502366],[105.90104124524615,23.872262163850774],[106.89266752930274,23.041758039402783],[106.73040379025655,22.477066103322137],[107.80366547106439,21.241074339763472],[107.52260355170262,20.972286772053888],[107.17641713408729,21.04757470672315],[106.22658980209322,21.985841179916413],[105.70312715794394,21.46561191090579],[106.7156650953597,20.404778626310343],[106.81518054257778,20.028827519335596],[106.14514384322266,19.835300032709178],[105.55264741072862,20.438284246970703],[105.5672120489029,19.71162796574075],[105.19457339654215,19.500684466118962],[106.04037020848274,18.764843868084526],[105.36300407192276,18.24308552089804],[107.54232060947605,16.767408884248496],[107.81036026134795,16.46995851499314],[107.92234697489306,15.681735535113514],[108.73209528817002,15.555015132490048],[108.77501513249005,15.061904711829985],[107.25593499729166,15.128262063946867],[107.00289817665991,16.006575672335433],[105.64107607868702,17.16823679531937],[104.8071429499591,16.996146373253872],[103.9046234478329,18.003990196126498],[103.06832843757972,18.12632443196318],[102.88912090712013,18.47147254523794],[103.14040326749283,18.769407680049476],[103.05565318458268,19.543832456428678],[102.69395851499314,19.11863973865205],[102.21429143836954,19.26298727457571],[101.87725572578859,18.374008072375837],[100.77220099663144,17.22952020110997],[100.02669486890564,17.02791715078685],[99.91221519254606,17.56317129477709],[99.1385943953704,17.19243400836049],[99.77356021057075,16.442963103057185],[99.4600181263213,15.765661288419615],[99.50751134522758,14.50111102621745],[99.82943029169877,13.95880856843341],[99.3975011684139,13.686531020991852],[99.28690352374865,12.798539697852673],[99.937,11.474999999999067],[99.36527505851134,10.653876569880739],[99.23735783637893,9.784060798672186],[98.88907165051704,9.435415802349544],[99.26344825603185,9.060078686715688],[98.73347308109568,7.494908981854068],[98.17323716639623,6.981354552491119],[97.87012118019054,7.225000315797397],[97.97434067849137,7.949011016634432],[97.6798711319043,7.645735045193508],[97.31187612491611,7.771521506715816],[97.48450528691083,8.500355258942799],[97.17568524300687,8.902076427733123],[98.1347461715228,9.905600678051886],[99.03435427075316,11.393407330261878],[98.6113345289357,12.547074339763126],[98.63327261779979,13.132751848162933],[98.21578239698185,13.25785493132104],[97.84906423818721,14.244043371438602],[97.8467462834553,14.717722186063718],[98.14080617893346,15.035759229494717],[97.23173366947618,16.08055865567579],[96.85935645020734,16.157974791888574],[96.80809348656021,14.353471132275693],[96.23041997118705,14.424539765060215],[96.16416386751615,17.197813070023354],[95.7053908722834,17.22767426434139],[95.50553270097356,17.705427798065834],[94.71040888424857,16.13167939052403],[94.3353202818942,16.02896084568229],[94.06742655925932,16.45822635587403],[93.85229807459018,15.494672450694912],[92.32781744666293,13.288351412065067],[91.93739169960499,11.107585668666749],[91.99582235813388,8.720859873615044],[93.17544936977254,4.651120715585757],[93.61877323522303,3.784490466184563],[94.59521995035266,2.797091116466573],[95.83725012191428,2.2043176629220373],[96.63225012191428,1.471317662922037],[98.57703475581626,-1.8047035243188863],[102.67278807334075,-6.9204486302869],[105.3904287408543,-8.01348611337667],[106.53981197990834,-8.934859318867085],[108.43986642571026,-9.83652130836782],[116.86885807786692,-10.98111955037936],[119.5548269467544,-10.38754284113139],[119.8564947656938,-10.632979362633204],[119.7213370794897,-11.01848562547472],[119.9571735407064,-11.122004600200205],[121.87734011240113,-11.074954093346113],[122.13020609824075,-11.37390639317553],[126.72409288090708,-9.064603388697481],[131.0001541207097,-8.175205353904344],[132.29231990297242,-6.924559793634838],[132.1651395252321,-6.532779986805236],[132.71670071542064,-5.545151761187785],[132.844,-4.760687133767106],[131.48486731428042,-4.055389553417197],[130.7359063082882,-4.262760970790201],[130.66047444726848,-3.6856409873616682],[131.4773585762235,-3.5601819766236416],[130.02467386212444,-2.861578561361396],[128.20299488783434,-2.5861635547401125],[128.03828349634603,-2.264903201233503],[124.78755711921656,-2.4921141142190963],[123.91441321675651,-2.8414384699259374],[124.41003915431769,-3.547320281894113],[124.22343671556669,-4.377162320154702],[125.8043495750499,-4.408905842523646],[125.7211229612093,-3.969184914218518],[126.05668450403509,-3.772611747059489],[128.34012945575319,-3.922206878179013],[130.1418685276535,-3.687921982540185],[130.4903872097705,-3.860482949406963],[130.4643339898878,-4.248508449605464],[128.39413147234652,-4.621078017459815],[127.05944630104278,-4.533202946677425],[125.93488457967803,-5.1023559031508485],[124.68172665721461,-5.1734436420871575],[123.38684334918256,-4.918690430336833],[123.10807257354558,-4.583127146342931],[123.33309966018845,-3.3775340887385545],[120.19956972080638,-2.4625453541780375],[119.52698109330463,-1.11748226701346],[118.94703781893568,-3.1735352160768984],[119.11690391751034,-3.800053906226814],[118.63294609377319,-3.9039039175103474],[118.23667820081111,-3.3324559836194907],[119.13897627073376,0.016947138176087263],[118.89976093589028,0.7370667748021487],[118.97320420286282,1.6853833816035964],[119.46160772526017,2.2929235686548726],[120.13296076672637,2.5534845934829877],[122.49851599131787,2.726509882643562],[123.59093967522296,2.3168028650754855],[123.77850312152302,2.0383353411722127],[123.87767282062403,1.2827585934615964],[123.60031673380648,1.0101486886969124],[123.24231844314384,1.1620690064729988],[123.11366382157345,1.696592106912365],[122.41472726592204,2.0202989162891463],[120.85178998223586,1.9609332445376586],[119.788,1.6020807699038118],[119.75458008527174,0.3510480187048222],[120.14517232963546,-0.6312253180539616],[120.70403522356457,-0.7663085305721817],[120.64735816652798,-1.8439167313100213],[121.03616176514335,-2.06226871353465],[122.51578201262747,-2.44],[124.67527132677495,-1.7994411221968682],[128.31893306657946,-1.5191574778303225],[125.02544422221007,-1.4994532465939199],[122.87432490950773,-1.1036522418629637],[122.31525483550358,-1.3591935955355399],[122.00730030314912,-1.1216929322250966],[122.46812045291655,-0.4553025792828548],[124.20224695785853,-0.2576639048424809],[124.12113217259586,0.2015549372516241],[124.5347520345385,0.3351489908519795],[125.17332994572445,1.2840843804063224],[125.58458279392987,3.085464893490327],[126.51476292390107,5.530832118217633],[126.95983211821763,5.314237076098936],[126.93236565910351,4.415937325925604],[126.238,2.8175486611702962],[125.90092408990056,1.3357140659999078],[126.63641450344242,2.6048425656875684],[127.238,2.67917096392367],[127.18190376200918,5.332523896873789],[126.90006272603475,6.440373968776987],[126.8712411146128,8.006790007105183],[126.2956426863208,8.13210613420345],[126.68809245216977,6.569940371567836],[126.15833951658442,6.38574443172658],[126.11784178475374,5.540678672570455],[125.82114619978951,5.289254153214672],[125.47531974756353,5.467149133501772],[125.50084989867177,6.116609149880451],[125.33965217537408,5.692212708756905],[124.8274688289013,5.656910066383072],[123.67677024301248,6.935807770563072],[123.91229264356306,7.3711572839875075],[124.71045302180781,7.043800471030571],[125.05995587408722,7.131142620839066],[125.00427866023519,7.391680234080847],[122.73497149914266,7.488886165686762],[122.32318749698291,6.695896207086607],[121.73023325890384,6.880399230440403],[121.84819492525102,7.78659716750047],[122.51525463380032,8.293555103137143],[122.3260650102596,8.756070123777992],[122.70671233415902,9.45805047131833],[122.2568660824021,9.65024252115057],[122.43626658408971,10.173168429568078],[121.80491410844421,10.457178630442579],[121.88821163343658,11.431194454634642],[121.48085760114625,11.75358739330594],[121.66969257706398,12.235754444795077],[121.08160695299891,11.90755172760315],[120.8480806289856,12.402060637969313],[120.38406184100883,12.347999161359322],[118.8241087238929,13.920817575065792],[118.726,17.89000000000001],[119.91731137535074,20.141906859039405],[119.164,22.281],[119.83598625374346,23.142328627340333],[120.7267587511816,25.155234947682448],[121.94815518595487,25.5990007794071],[122.21905883098404,25.01733871674298],[122.1479858732645,24.4010516800009],[123.07318187876102,23.817286938530923],[125.5070362978309,23.732074984624777],[127.1695601499851,24.76838658894032],[129.92449774958337,27.41487222005875],[130.28486168392868,28.138648487903875],[129.74799124568756,27.994588137959948],[129.739597242849,28.57926744237105],[130.08378847966438,28.72146499880772],[130.36826133335524,28.339766008067464],[131.04321304003938,28.697431060606924],[132.3605093471513,30.717144300706973],[131.9572872797779,31.09782971366576],[132.0026585365854,31.484073170731715],[132.37686378942084,31.589964567081516],[132.77859451961615,31.28247390314778],[133.8879985684702,32.196298519065515],[136.86882099194708,33.36673013642397],[138.06614076615628,34.23890612963881],[138.18214579510095,34.7099840388936],[138.09360969329862,34.879984340466216],[136.7855431976392,34.15388446600526],[134.76448199554665,33.82957219522309],[134.24344165748124,32.971527691417236],[133.8640628801249,33.05705138615827],[133.639574606876,33.40270193128817],[133.1442314839318,33.27893874577166],[132.92693429184496,33.458358964342686],[132.22149006570322,33.12870159474802],[131.9050338727442,32.723973691016596],[131.50450060225353,32.731632041871144],[131.87333396532986,32.45228923527957],[131.87573688882136,32.17175790736669],[131.5942342784565,31.876008059964946],[131.09041199644975,31.900225695650448],[130.90156216066978,31.13023472494052],[131.2732392080148,30.995458984801672],[131.39878660564662,30.564396487368345],[130.5619168308035,29.891415246610528],[130.24865132468474,29.96056717461149],[130.12260242659494,30.328472372129685],[130.6761875547908,30.637581242628485],[130.6479963345852,30.88309500228781],[130.21007470510423,31.0456658447405],[129.91735540924083,32.28681288744181],[129.53018475155355,32.57812055146174],[129.90993305669855,33.48342663948565],[129.81039952724038,34.007471600540974],[130.6679246450176,34.72085296974871],[131.39813663831708,34.66755173244122],[132.13635995486112,35.12621225539077],[132.56792445689726,34.977769606784435],[132.8622573465381,35.19102995537147],[132.62676340527256,35.57247196243161],[132.89184831806648,35.85702871965166],[133.3277662340685,35.856033582977766],[133.70837787645425,35.55341947476096],[134.21381916044538,35.85615045783947],[134.59259149204928,35.78463363587805],[134.8763100268036,36.22087666817344],[135.36639995055924,35.994405677458055],[135.50365144663107,36.470442104285276],[136.37100271350366,36.76995866432537],[136.09254756666581,37.12440616990621],[136.5018131981448,37.58506476064806],[137.2176036891983,37.657498941282476],[137.47689948180832,37.28415232305647],[137.8851208124682,37.237642034998636],[138.33856051507502,37.547375964613124],[138.00202854531207,37.83318419131108],[138.00998205664064,38.34259046267878],[138.45006439357272,38.592195420480266],[139.14273895847816,38.2682029743319],[139.6186901493375,38.68130043904472],[139.68725190566224,40.348928309993354],[140.21011084973128,40.59832982619327],[140.08931554537926,40.976525289938365],[140.31170530592195,41.29556345924781],[141.21118310535633,41.19272284075285],[141.74387914203598,40.33966555554145],[141.38188058657096,39.26598039189218],[141.52650803354692,38.351479079017984],[141.1992810520448,38.054727078334125],[141.29804703630253,37.13380429108043],[140.69037923091543,36.32405667651434],[140.15852358403077,36.65330691073787],[139.9068300976577,36.473020225789256],[139.02599961463736,36.69662323408791],[140.42918792417024,35.790489958486575],[140.47185021480982,34.98032332900266],[141.63113193396146,34.662348429296124],[141.76501953344192,35.34094009669195],[143.50750391034276,37.81601041765872],[144.2426411878293,41.12597572030158],[146.5141042193953,42.66458994425702],[153.32972093279074,46.186898870451195],[157.90157590308326,49.82467758560665],[158.9605703007739,50.43544865670484],[160.31834722210675,51.7074110519484],[160.7306607903313,52.435692434299554],[162.20944659340918,53.2806216357751],[163.56000836046823,55.17622543784099],[162.39911183427978,56.12593030714401],[161.69390060957937,55.44061684580793],[161.22743087297795,55.472629305990445],[159.99609059509459,54.54217084608893],[158.88294207991245,54.24278255382676],[158.11564359104554,53.67312083886799],[157.58996406982084,52.72686523023158],[157.2246565622121,52.593474885921154],[156.9720339355157,53.07252966609631],[157.4324433222059,54.0976363432758],[158.1593172019809,54.703420619641314],[160.11831523584823,55.47968717157813],[161.6087009780538,56.81953497726785],[162.43105619858798,56.76630650581235],[164.79684795152284,59.22068276442581],[168.85210906967072,60.6044348884228],[170.64175540504394,62.071036612912955],[171.013788840206,61.957750770054794],[171.05149740058843,61.57068407871538],[169.25341518423826,60.0260989615113],[165.12182412858786,58.59411813013465],[163.0969144023209,56.462529825649845],[164.23840916856082,55.52113839459751],[171.96508576438586,52.35588266792189],[180.32409919080806,50.63639176020043],[180.246101526172,50.25539448543081],[179.65491354172576,50.157567386315705],[177.60930058286203,50.355214947209845],[172.88752694330603,51.34245663291482],[164.1717081987161,54.8071233511723],[162.68019529127932,52.73257579151766],[161.22057685480334,51.929745178128705],[160.82973456201975,51.22482408565837],[159.42113457655617,49.90616033192727],[153.74896775816094,45.62557183297726],[146.85554009620478,42.05339028798207],[144.81887607101922,40.684332700527456],[144.16419517507796,37.57095446966323],[142.39085088798106,34.9506955310777],[142.21085800340188,33.753598841905145],[142.56639887047717,30.800410602804394],[143.51820174341992,27.99242327151216],[143.44426340525266,25.036545805161083],[144.26787206654095,24.017043696930124],[146.83250761776287,21.929598020351687],[147.7972565532244,19.838584279166973],[148.16995872842782,18.640625207242586],[148.03157262075192,15.611850597773044],[147.0445654359926,13.170892046852668],[145.57437135074787,12.046216964200358],[143.57597099400255,11.151691317617738],[140.85343411524212,10.51760539828791],[139.07226958839675,10.667481250120925],[138.8092737137863,9.583309420074151],[140.75555513995806,8.968205695767619],[143.71350262914993,7.125324105895252],[145.1888245014686,6.831113990622056],[146.63759499473161,6.122104995071504],[149.02378134286687,3.2542359411482638],[149.0485804737172,1.5425620597882117],[149.6075719388784,-0.4713867400591371],[153.23035165331228,-1.868185580023074],[153.943618729332,-2.4264879988146526],[155.28135067636958,-4.423527726227735],[155.32772506328118,-5.2538701158241645],[155.09901967147704,-5.568411691502588],[154.72089938324788,-5.477485310841907],[154.62002637863182,-4.706017975286682],[152.95303377808276,-2.519581921794562],[150.9775633124497,-1.6416489417612101],[149.61499704108772,-1.3192977706670264],[148.67313133301565,-0.7446257708379328],[145.98419346190892,-0.6946405659597813],[144.47084818619058,-1.0731632256380819],[142.95267257413173,-1.7961433601911245],[142.80424509217215,-2.391491546603729],[144.0606315952709,-2.793818275502435],[143.98900095045644,-3.2059574700868025],[144.55998412432774,-3.841522763828271],[144.29247723617172,-4.257984124327754],[143.23100649885467,-3.739271265980631],[142.1570607986722,-3.6323578363789504],[141.941,-3.309],[142.10817480806438,-3.0183067382387363],[141.684771243275,-2.698974631948379],[139.28112095089003,-1.7632420779560267],[139.16337994606167,-1.8920215718172353],[139.56741923040465,-2.25115443929784],[138.9866579298776,-2.6157830916603366],[139.22625568043813,-2.830737699452853],[139.14489275398714,-3.211030525141013],[137.95638559382226,-3.191822919547831],[139.49564451912258,-3.593426833517699],[139.7643547108849,-3.1898357537802124],[140.53890642226762,-3.1557184792937676],[141.4506274935903,-4.598365897733178],[142.23189781820994,-4.976003108700826],[142.35019019898164,-5.628075757693576],[144.64264082545532,-6.985593993241462],[144.55440600675854,-7.472640825455313],[143.6564239730734,-7.799423469399001],[142.7225750265706,-7.019183015130658],[142.64194080872304,-6.603153850097468],[141.74933213161813,-6.000879024459896],[139.3721793260013,-5.074],[134.92891026178336,-4.586825172699675],[133.62119650638755,-6.658737735775466],[131.28911217035346,-8.81621841270969],[125.67354687399616,-10.27113301759615],[121.80866350006596,-12.4074359672467],[120.87825132806836,-12.539186075343249],[119.77519952370916,-11.806594797711584],[117.69294949042178,-11.69965151121199],[116.63517305324561,-11.96345715886861],[116.33049804164419,-11.688762053039072],[110.98087859126382,-10.827],[108.50056603057413,-10.768637203612071],[106.64474331546181,-9.963801775331316],[104.3828807752448,-8.468456202545434],[102.3658790352166,-7.600747488092996],[101.22924149951126,-6.654609419293654],[99.91029519228739,-4.691047897383239],[97.59165179042465,-1.9535930783207445],[96.33566026775529,0.6169658576606459],[95.84509118250888,1.2314156764840005],[95.07359872714602,1.6904709456970306],[93.99903711841051,0.5643837444186219],[90.02341135569372,-1.0796880302690453],[89.34614143465421,-1.758674689777389],[88.89164030015232,-3.1897069263370765],[87.33202447433524,-4.421235295089315],[85.66139594285328,-3.6771317309577003],[84.23457289705514,-3.382619329575158],[82.42777429558538,-4.18406574821422],[78.64055041707164,-5.28029049467388],[76.19813935767824,-5.387966247167094],[74.1623180803681,-4.72644690033184],[73.52530241188012,-7.362620869208003],[69.81588466714308,-6.796212377531893],[68.46361316564781,-7.113866835895198],[68.26467600028367,-7.303780933283857],[68.38711265605721,-7.802380177823049],[68.13214471817109,-8.062064012924857],[68.35082312623324,-8.650953886225317],[67.57945876350183,-9.32155008360192],[67.68458898365242,-9.798828892974448],[66.95322500214218,-10.408439446434693],[67.09293504920853,-10.932011016307118],[66.65504715791256,-11.289156761428563],[66.70496245577455,-11.759381009518979],[66.2191278510573,-12.10139072166633],[66.70553842182079,-12.736865247499285],[66.30774051183388,-13.32849288146461],[66.55087152719695,-13.697585883204475],[66.42680274942056,-14.050230108134015],[67.68800488087933,-15.770325824190769],[67.54681664777411,-16.25142754665911],[67.75563542466608,-16.71410129958445],[65.51589583507979,-18.189948667751715],[66.50592202397256,-19.611528788275738],[68.30716797126207,-19.95390595794588],[68.86062196948606,-20.534449478955008],[68.76909168956819,-20.988895474347668],[69.54169581430762,-22.003698435709136],[69.30185335391786,-22.449330535733253],[70.18192840381737,-23.597988582842785],[69.91048066005074,-24.09948198300977],[70.27265261637322,-24.572283721275756],[70.10488064801643,-24.99584437756791],[70.41788983513099,-25.59465733623202],[71.93116461531397,-26.109172404649716],[72.96610120058047,-27.13707095713364],[73.73627143644563,-27.284366903181336],[74.64777397180134,-28.06392817904909],[74.68735704903582,-28.517248807272203],[75.86353850029289,-29.675641753081045],[75.85621911834518,-30.168240924608977],[77.0060983036944,-31.31684917889486],[76.92433741752086,-31.721475126871475],[78.39794951768101,-33.03529430250119],[78.39994112199815,-33.34872870424888],[77.88567204784663,-33.835383383549285],[79.11748582933883,-35.00738143619645],[79.11603291892023,-35.31755794988529],[78.73854431260327,-35.68014514427373],[79.53272927538067,-36.54079752493863],[78.58459574808882,-37.47038721446241],[79.05242155355926,-38.05092100990155],[78.63062206270699,-39.021241002098165],[78.75716837035112,-40.01529131306806],[78.40357249583691,-40.347599198737115],[79.98384328030286,-41.44834781489581],[81.0126805664854,-40.78942600482187],[83.41996918872363,-42.45321583087574],[85.89567161640612,-40.48592645525671],[88.02852359338702,-41.58722895244003],[88.64284204690462,-41.37211476538329],[96.81944016102678,-45.14274356473971],[97.03371673543744,-45.56996602218552],[96.41433941620748,-46.37598407813928],[99.50923851684304,-47.56404437783102],[100.30181303544411,-46.930534118045614],[106.37398807172475,-48.69360410305959],[106.76692231625638,-48.499113108577156],[111.76436432955389,-49.74138190084422],[113.85914590987771,-50.00318574893919],[114.25571629454048,-49.544527701369674],[115.79506814294668,-49.539461222021785],[116.62862121557326,-48.92105813181439],[118.2254028734164,-49.50386517801378],[120.06340893444786,-49.66131689146404],[120.54434667317058,-48.705873692734095],[120.87075170191322,-48.54118294245107],[121.74755913428619,-48.71373132257637],[121.84203641646934,-49.36695105676971],[122.25879057033613,-49.490540607991065],[123.1984991099594,-49.21407612969397],[124.19189843446112,-48.49863668777073],[125.13267949939615,-48.832517116760265],[125.71411736113345,-49.32674922100063],[126.13573054788216,-48.4468734483115],[126.43292748707556,-48.28000164326668],[127.59076222645217,-48.551048959720006],[127.54357807551557,-49.68444551579869],[130.615472096357,-50.17803747058789],[131.0853124582732,-50.23206569270052],[131.51546916847926,-49.872000314455946],[139.74665515872698,-49.9440877298393],[139.9738122557288,-50.15907293682179],[140.12032883043642,-51.462820919428516],[140.6348949639038,-51.63918711799277],[140.95776131121073,-53.590586052214306],[143.91594934779567,-53.91233250483963],[144.4333845674742,-54.442924401998035],[147.0363511987408,-54.38136644782518],[148.12558645329136,-57.16810974563618],[149.0321568593768,-57.16888003639408],[150.18451110848457,-59.19369764112643],[150.94419394158774,-59.1958994463699],[151.46293603809534,-60.0213997248326],[153.79465527783842,-59.616517250106085],[156.55607019525712,-62.52120854375169],[160.50465109126412,-61.308777540461215],[157.9988819138704,-59.00397264698227],[157.27027280621746,-57.79781629215797],[157.383760392325,-56.84852152464043],[158.92369019731305,-53.426503300669566],[161.51940954295569,-50.90242757002935],[162.95994764209746,-49.85989531807935],[163.90189157967552,-48.43462322676688],[165.0727336667394,-45.759249727980176],[166.307059989709,-44.35178753021092],[168.5353666700524,-43.4743203868007],[168.9317796903199,-43.58654275361026],[170.77913652866113,-42.69043098444571],[172.12686282477628,-40.62148103495697],[172.56651896503126,-40.84886282476451],[172.56716409351907,-41.51720032746072],[174.14969374703938,-40.03163882721812],[174.07375539804934,-39.824921150352154],[173.17979722772958,-40.36471717429387],[172.86898282551664,-39.97949722754006],[174.36809417963394,-38.187855591771985],[174.9309363681454,-38.33606528025782],[174.60268228132455,-38.91492385153099],[174.6739083785688,-39.317601616142774],[175.5669477231531,-38.62025525203306],[175.79434667610042,-38.22049752609291],[174.83357470686605,-37.339582864848175],[174.76951262771576,-36.722512623991356],[175.1509392028052,-36.64664216276905],[175.87054988359984,-37.168839071421836],[176.23100050663433,-36.42162589677405],[177.18610703120805,-36.33784220958723],[178.3998346954642,-34.577562787570756],[178.71224217601332,-34.4438430319495],[178.68828116936425,-34.07923932936044],[179.66454755174985,-32.19537627859406],[180.13162372140593,-32.03154755174985],[180.32946394655448,-32.36636362720581],[179.97245244825015,-33.17062372140594],[177.9284556174109,-36.470356092673754],[177.98008007142855,-37.28554315684994],[178.70335485894373,-37.37937738221552],[179.06086205947926,-37.72472548056395],[179.89371842831173,-36.82896170259583],[180.34875996807816,-37.19185926116635],[179.1177433207803,-40.21502846936141],[178.30091795318853,-41.389868581122634],[177.71499346551653,-41.83292253063698],[175.51797676140006,-42.409776980755844],[176.008947081622,-42.47987340529106],[176.19891662342172,-42.81921708396943],[175.28326467883235,-43.44682501397606],[173.71388769709515,-43.192516615511266],[172.54845268790098,-43.87984109231481],[171.68564798260255,-43.95143757631506],[171.3499684523363,-44.31419314283901],[171.2489388295484,-44.88496150041515],[170.75074253375385,-45.04075549406749],[170.69713736272234,-46.05087400476807],[170.14958940900067,-46.73400973806809],[169.35862961511106,-46.870419883349385],[169.20396317748086,-46.403201958733],[168.18564873993273,-46.07522551758816],[167.70751459648773,-46.18572217160259],[167.85037814027166,-46.61701523791572],[167.55381525020718,-47.12424490888269],[166.39912206637123,-46.82855896378505],[166.6649924126983,-47.63231688866942],[166.29613317300402,-47.75554602630628],[165.79103762357946,-47.47521186056779],[165.29518726624795,-48.56000366062311],[164.1959657557303,-50.00373175672746],[163.63549754378334,-50.12505591619413],[161.95271458193412,-51.4543321983941],[159.48114324798027,-53.9051141387822],[158.0340035316365,-57.10930374454525],[157.96876304555175,-57.70448642710895],[158.3958641350857,-58.388067164787344],[161.40080862286146,-61.14956168412291],[163.26235458065412,-62.272533859144886],[165.1388512604116,-61.72884100309356],[166.88993944626353,-62.83732094039109],[167.80861027070944,-62.73515952874114],[167.78584047125887,-63.22961027070942],[166.97692231829393,-63.55017697703757],[165.03817882841108,-62.46161056687696],[163.12231934136946,-63.00080932006065],[161.20675490445342,-61.826524580078356],[156.3265266332708,-63.23877176689846],[153.51025274751922,-60.31486752378629],[151.22218912114485,-60.75636814748734],[150.54838411750004,-59.85210009413006],[149.79266649149054,-59.84746858227022],[148.60674285538454,-57.81354783369327],[147.6157648314757,-57.767418540109595],[146.63327511178625,-55.05550744229017],[144.2620605002181,-55.148431561752005],[143.61946139978903,-54.58205570019191],[142.18045143270894,-54.558020402873886],[140.46087799071898,-54.17352672222595],[140.02897218182568,-52.17213586392348],[139.5011050360962,-51.996812882007234],[139.3264107502839,-50.6156269247883],[131.7003905242915,-50.572248827223376],[131.35212196467168,-50.94054207449836],[130.52901603958063,-50.87270861782415],[126.9606617238488,-50.274751992546],[126.79721131142071,-49.92186883660393],[126.92080746633957,-49.06044447393281],[126.65253723307247,-49.019212526055455],[125.96798874002457,-50.059516600049804],[125.07070791567627,-49.89109953680462],[124.75539755548688,-49.431376447590985],[124.20237966115623,-49.21459830392987],[123.4690429819058,-49.90532308261366],[122.12401023880946,-50.18141324907799],[121.22330047178185,-49.89718678114105],[121.03691819359547,-49.27631361186745],[120.37142798774057,-50.37187487436446],[118.1189563179274,-50.20686027230579],[116.68318475852747,-49.665998294393596],[116.07288746876272,-50.19154987505086],[114.53919643582287,-50.24419118506288],[114.09357385297726,-50.73101527514368],[111.6349165464749,-50.432617008932375],[106.87659627413849,-49.23975872357487],[106.46716811246867,-49.440057846550914],[100.32251852295128,-47.67286390532891],[99.79063172577332,-48.28578867420001],[99.50463570474972,-48.30701696767706],[95.61935797578768,-46.790056529368655],[95.518058565328,-46.387478503997826],[96.11955090468045,-45.63018362324615],[94.74310327972475,-45.10341043834383],[94.57692535808671,-44.81014774585041],[88.52273349161554,-42.09340433392494],[88.00526897520334,-42.34269425063878],[85.9067639324941,-41.25826556362115],[83.50384899076907,-43.23393983252341],[80.94507374505486,-41.57111980975058],[79.90160667956724,-42.230654131678435],[77.48337068005931,-40.40208815779647],[77.85675427812203,-39.8761548482017],[77.65290978304002,-39.56421944533171],[77.72624638039193,-38.95744027661237],[78.12373033237543,-37.99949148580105],[77.68229675752838,-37.39479504810268],[78.6395705973594,-36.5120426236273],[77.86894911228434,-35.79364451169056],[78.27161860005869,-35.15851093478018],[77.0206003877232,-33.950580180239626],[77.551438881264,-33.19739667319835],[76.13015246267037,-31.947813858781387],[76.16305395033734,-31.45817235254008],[75.0839760681138,-30.40432957591861],[75.0446701139618,-29.871238017124636],[73.95022602819866,-28.79407182095091],[73.90580353645446,-28.350750238095664],[73.48487310629194,-27.989693352034468],[72.71690690189341,-27.858049457991882],[71.66363329281191,-26.78722712312675],[70.29026471738341,-26.389244487671327],[69.83247675842912,-26.008277934961942],[67.76269229105681,-26.928931265086952],[67.24096887455612,-27.60060665121592],[65.67301067512555,-27.864],[65.44841003681476,-28.14207378467365],[63.941070223344965,-28.175577936655756],[62.51026582195994,-28.82082583067447],[62.278704980703885,-29.140969615993512],[61.144850435131346,-29.275939019067433],[61.01802445961947,-30.770713422644196],[59.523219891313545,-30.914547603043403],[59.40350361998107,-31.30800394907026],[58.8419215042538,-31.402562418374902],[58.605053495033445,-32.00767499998945],[57.48460395712521,-32.09688855942761],[57.334194964021314,-33.772779596017074],[56.06617569921126,-33.99039938860436],[55.97646423269863,-34.44833916558606],[55.4028936826075,-34.886796264479955],[54.58717935989308,-34.89824837131443],[54.522405625738834,-35.47116143920998],[53.81889678380321,-35.78088360244235],[53.711496420554674,-36.39046243704182],[52.673660206689064,-36.506688279288575],[52.51934489041931,-37.690149361364085],[49.35352125230096,-38.141303665660324],[48.75546324795837,-38.35993771730448],[48.16806670369143,-38.96952103773551],[46.55468493102465,-39.185506722571574],[46.28544081224189,-40.39791357607418],[45.633850123936625,-40.463099845113454],[44.124196418105846,-41.24549929690634],[43.15345607269446,-41.21661969291649],[42.7750800990868,-42.899749736208975],[42.07065580729627,-43.03680003586268],[41.73042413043436,-43.88358154777326],[39.672986837126004,-43.67073501759243],[39.28113049314591,-44.44639242673327],[38.55622259092877,-44.44155712055585],[38.31038100985672,-44.885078703312644],[37.650354811312745,-45.19474225197198],[35.36600485210631,-45.20932708508983],[34.777729147760205,-46.44011087470933],[33.91972797637554,-46.424351339439845],[33.35353440544844,-47.56444533156679],[32.13361721657343,-47.435893910622895],[30.985410170176106,-49.22045199082799],[29.990415946167037,-50.14714863284935],[28.20801679470306,-53.24028520863331],[26.83816553415913,-52.77596052445641],[26.42487006641708,-53.68005256562268],[25.945931215042577,-53.929582155615215],[18.829872768639632,-52.934617407600534],[18.41692061776966,-53.06275666071303],[15.882804050199807,-52.17946626353222],[15.228649017643685,-52.636989403894674],[14.49798873141268,-52.40159051919965],[13.866239092396945,-52.818143143593566],[12.912018086419428,-52.37672144354305],[11.061641188654184,-53.671106626931106],[10.034750750667852,-53.203646470837484],[7.848504773369297,-54.737536264036066],[6.656963210687286,-54.21556394074102],[5.587622318563665,-54.88052200832522],[4.838716678923319,-54.57191120586668],[4.348636483048991,-54.773650816408015],[3.0324121482834934,-54.05138654032911],[1.018996861278286,-55.177809686058815],[0.4040024460266149,-54.85584873518023],[-1.2603786617597457,-55.418473945319015],[-1.4850125912785854,-55.97836479279623],[-4.327666857706937,-56.135883366465244],[-4.457435705968152,-56.850861861573456],[-5.743640300574607,-56.99979953686999],[-5.865030349104106,-57.4686724384444],[-6.662672210045784,-57.634873164282865],[-6.683557140062997,-57.99779031375078],[-6.97457471484856,-58.21730288506161],[-15.804870079689024,-58.78044584934136],[-16.27606079867222,-59.42135783637895],[-17.763410075186588,-59.485539673442105],[-18.385576034667025,-60.483836178296364],[-19.129521259115155,-60.626516140446256],[-19.455870651842535,-61.13786793392697],[-24.11609165030097,-61.04188189706643],[-26.073949046823547,-60.744856486641474],[-27.67835982497935,-60.96650328163724],[-29.880340165405546,-60.894748772182666],[-30.452315237347555,-59.57782529212266],[-30.29780673835993,-59.22093639791167],[-29.909032928668164,-59.16463963195882],[-30.299084058767374,-58.84157168347274],[-30.19810225660207,-57.92362105925423],[-31.092850913150148,-56.86921462520147],[-30.625768936293916,-55.59107914158299],[-30.156257599268343,-55.28750025421621],[-32.952841651221014,-54.88289020043814],[-32.70881530683416,-55.434124278886756],[-32.85438652527356,-55.74267798107656],[-34.67955115765401,-56.06761289473104],[-34.937724583837344,-55.77677094266203],[-34.76782035000246,-55.426949401879405],[-33.5683793138737,-55.21721034795701],[-34.06084977925539,-54.58517676222328],[-33.95792263959366,-54.19100436531905],[-27.573910471570052,-54.746295798306264],[-26.304178630840244,-55.091675961032195],[-23.98469851931274,-56.927329420707466],[-23.49447098579562,-58.06392399556161],[-23.707229409774865,-59.12587618730169],[-24.833450571770374,-60.22994467827413],[-19.814854972604152,-60.45453334982746],[-19.52211514002498,-59.97330360398758],[-18.906424148078745,-59.913502991802794],[-18.260573967917317,-58.866172380350314],[-16.61588075397594,-58.748],[-16.123263214401625,-58.123374525792215],[-7.360340920804003,-57.55202017195056],[-7.234641171060387,-57.059208117396835],[-6.438094606024645,-56.91170914004265],[-6.214403513054518,-56.35939140434387],[-5.027609402376544,-56.25713581598826],[-4.837661686073246,-55.489210211243105],[-1.9587422575167253,-55.305946267289805],[-1.799071960809805,-54.83706984063126],[-1.1771713205615806,-54.689280019505226],[-1.4681910066478772,-54.440012622429165],[-2.295706499365583,-54.66858352091538],[-2.6479151678759556,-54.5423388495743],[-4.113893446507089,-52.37881514378879],[-4.51956561581692,-52.256896137505336],[-5.363828742468681,-50.61264284496037],[-7.22917114432604,-50.95289358481018],[-7.9126806966864685,-50.27591130645459],[-8.368621356555261,-49.35391473656621],[-9.915657159107523,-49.49920510748894],[-10.713876960299778,-47.51985260264828],[-13.533133111739588,-47.85939048988478],[-14.07011977238421,-46.178202830843524],[-14.8122480116898,-46.23421841743483],[-15.131336022817655,-45.760516000705394],[-15.893911717589905,-45.656424393174184],[-16.673678618460777,-43.45321938698667],[-16.779990616425668,-42.870562891722585],[-16.58016238371847,-42.30708890643683],[-17.021695107311533,-41.58513375242729],[-17.212383887889768,-40.30934340297769],[-16.7898601957561,-39.98845436624986],[-16.632897420899564,-39.51610090550475],[-16.310596880749596,-39.408464470304686],[-16.370961051410045,-39.04904696329576],[-17.25002248926787,-38.73490631942634],[-17.72425558725467,-38.12211941124212],[-17.881964001315666,-37.44509041461188],[-17.646315280440575,-37.141906097930615],[-17.674558284153147,-36.30817933994049],[-18.047724495781416,-35.60246057476117],[-17.778989217377806,-35.321348658948466],[-15.586432587121559,-34.91124337534644],[-15.598301759678936,-34.106362738295175],[-14.986070624630422,-33.802659508742856],[-15.023043975109411,-33.429605717312555],[-14.756317824951303,-33.22279072548077],[-14.813338806184067,-32.204543156621185],[-13.676836744157086,-31.874932946154136],[-14.295579911031842,-29.080351478254947],[-12.974599100051762,-28.678079575878478],[-13.56181119893992,-28.517238296387344],[-14.38985744592383,-25.81747453402369],[-14.070952895069098,-25.383730772972765],[-14.103544785340887,-24.69486060120357],[-13.701734241323797,-24.506933890653897],[-14.174194531564702,-22.77120090504319],[-13.106184066889211,-22.089152088331122],[-12.260950715127564,-21.88786977695857],[-12.186008719580547,-20.909107285214603],[-13.235203574644773,-18.196600161582683],[-14.134400574871028,-18.340587581235148],[-14.41948217513988,-18.076067184557115],[-14.644904422824837,-16.362881836824076],[-13.675829303843248,-15.945749294667404],[-13.640163160551898,-15.45731672326522],[-13.899340518469957,-14.445543171361532],[-14.543551949860234,-14.551806547159186],[-14.781476581784553,-14.382361590691193],[-14.824968476818356,-13.00292057485056],[-15.12358703625862,-12.765022306491415],[-15.351194531564701,-11.827200905043188],[-15.084700827344564,-11.543963081506883],[-13.433831928311678,-11.157879746940395],[-13.65966119351167,-9.885898782312212],[-13.428755638015417,-8.97678853541133],[-13.92080962588182,-7.186406012756227],[-11.564260700720078,-6.49114361789938],[-11.501340710555088,-5.760896893639087],[-12.290282152689917,-5.247146995529953],[-12.486561497441064,-4.680774789940033],[-12.433997325846146,-4.0084864963481595],[-12.186874289856231,-3.7621553298601382],[-12.381630898719969,-2.371519828163851],[-12.954259193760718,-2.340577690972639],[-13.372638860886854,-1.3315331457901494],[-15.556495058092938,-1.8108666354846745],[-16.548798925689663,-0.7415003981382813],[-16.75102535229677,-0.08739588884827651],[-24.665605109800286,-1.4488706292868752],[-24.952056582705623,-1.1858342957872687],[-25.298009595858353,0.237753921688134],[-26.39273108120166,0.16372486961675603],[-26.73056064923275,0.7770882377917796],[-30.029962130731963,0.46472251083636945],[-30.335817795968534,1.2722295619264121],[-31.0657339161153,1.5256307341623527],[-31.27934450213159,3.6938132284849607],[-33.0955910242628,3.6993561176934016],[-33.304831598905444,5.298233156807414],[-33.75542127802645,5.402450068700674],[-33.97128064261445,6.267200728871417],[-35.49289973529528,6.288998371126827],[-36.397372743776984,7.028860887368517],[-38.35241192226804,7.3846364140447065],[-38.56038835246978,7.803160032558335],[-40.28616783751421,7.896525041876999],[-40.48185995918122,8.482267148760359],[-40.97829602372386,8.714386790175737],[-41.435360529841745,10.454960696706639],[-44.176058058322404,10.687322327104074],[-44.2452018452048,11.74937962126633],[-44.53532553145976,11.863758412459049],[-44.62209037755551,12.300241581970559],[-45.368885706693405,12.568860998328137],[-45.483036457271496,14.954926257350554],[-46.83719123789447,15.108316753185902],[-47.789471453298425,15.612760990700636],[-50.54479149276788,15.528754511161033],[-54.940464203234846,16.970104716538437],[-57.60606409108105,18.716284347002794],[-59.923788941208294,19.09660095611738],[-60.49168551282189,18.922135218320665],[-58.776538705871914,17.071661711941392],[-58.32701081686669,15.576303260619005],[-57.32150824795975,14.680469472698881],[-57.08152867489656,11.58879618097432],[-57.44271043752136,10.490632725867437],[-57.88812255214091,9.935935460117433],[-58.41609508353628,9.707772917578607],[-60.84714484001514,9.969872867537413],[-61.389323035868735,9.602623523340588],[-62.37028483797647,9.58770015637176],[-62.67088654360968,9.785509045731358],[-63.42195671037037,9.339916873693834],[-64.8162521077651,9.699495819213835],[-67.86932422879083,9.067577753174305],[-68.99635290437973,9.339281164473368],[-71.5325541398147,7.182279107402156],[-71.48922391338319,5.9552781638792505],[-72.37229558552562,4.733244369604814],[-68.4481347013349,7.043787034084081],[-68.0858271256835,6.902451335493239],[-68.07775517820261,6.5136359516226685],[-70.99974132939013,4.563330118221329],[-72.7142144086329,3.8778300474959755],[-73.51812760607078,3.2082803292599733],[-73.71000480407717,1.9425281072142488],[-74.09881259726352,1.9509577589338902],[-74.25613375374766,2.2525635884914426],[-74.89609366394485,1.7124442170470213],[-75.28673300670987,1.9781742208666273],[-75.39298264334275,1.3333312293770956],[-76.89460165537609,0.2953817762712523],[-77.193119444011,-1.1595920323439404],[-77.99089817715374,-1.9681848745294395],[-77.48715135645354,-1.7249712015548726],[-77.13829806411694,-1.9904722060429956],[-77.1308067996072,-2.6208740604651637],[-77.45920212654089,-3.109365032865963],[-77.0884973261609,-4.825694050946245],[-75.53066871341413,-5.830878847288046],[-74.82898369236443,-6.628711271953383],[-74.03862448909182,-6.399650233378689],[-73.372334857567,-7.066614280029102],[-72.961301610711,-8.401966975987005],[-73.23586360309545,-9.025703952909971],[-73.92825275749522,-8.694622711339662],[-73.9907174810642,-7.872182093354763],[-74.40186115600686,-7.832763222072369],[-74.7187225882369,-7.320938580953049],[-75.19414436696674,-7.352482304370149],[-74.4156169630727,-8.45877740773865],[-73.39432576897757,-11.025099363297656],[-71.13894017783585,-11.893080572378791],[-70.95886115561983,-12.409604412468314],[-69.13027832844325,-12.846405516969408],[-67.87426723612971,-13.598495191005686],[-66.7384836790193,-14.96188099896287],[-66.2431612514265,-15.153050420646414],[-65.82433609102956,-15.997049932204014],[-64.937079075224,-16.892198959544274],[-64.9434940808353,-17.281045210360144],[-65.30519608962379,-17.42392353589945],[-65.73839037619989,-17.158986698928064],[-67.68371116453933,-14.768198248817235],[-68.6536570769711,-13.945966497471145],[-69.55408005922938,-13.55750956690294],[-71.15532649496501,-13.081540412394896],[-71.03583695113201,-13.465368665017207],[-71.23023850479892,-13.676172564815385],[-70.52294799616318,-14.337590715491473],[-70.52832329029604,-14.707204393052066],[-69.55223635804397,-15.369985572865],[-69.06518808758041,-15.26416597022564],[-68.0349444473101,-16.046446012269246],[-67.9104660343187,-16.612883926551095],[-68.33905293645208,-17.01707819287353],[-69.1981743504153,-16.722719866415293],[-69.51830168779519,-16.172621535930507],[-70.27206227568887,-16.004263576281836],[-70.47768241082343,-15.450256082873539],[-71.11785860631768,-15.2500015258394],[-72.22315537012423,-13.846609187414368],[-73.88247944590154,-13.414734815388108],[-74.38913026403016,-13.61479442442149],[-74.66217539904048,-12.934682305583776],[-74.21796540996074,-12.626657079241667],[-75.47042107190273,-12.445085525010283],[-75.81686697539709,-11.799015078095072],[-76.85576370164979,-11.257849128686843],[-77.18381357057189,-10.502192576154428],[-77.63423284937895,-10.128742997327711],[-78.22927929635637,-8.757500229652516],[-78.03349183213493,-7.730412544911203],[-79.74717243035985,-4.578525847023587],[-81.00078498366979,-5.05197933370614],[-81.420544494816,-4.733222538418937],[-81.63753271562916,-5.004488158399101],[-81.50452595650361,-6.086890217947162],[-80.69368401866427,-8.339038280334645],[-77.04741263792809,-13.955734170334587],[-76.29395987560837,-14.62638152239017],[-76.10996451744546,-14.134051525861574],[-76.69719880862851,-13.025602256966623],[-76.25948349294784,-12.64198429160524],[-74.43421675661439,-15.30517188446987],[-73.75805599690354,-15.68801575858506],[-72.43792432240147,-15.562473701888349],[-72.13626244892414,-15.298845292309316],[-71.61020664096996,-15.462002464179323],[-71.61128042306478,-16.399894015117106],[-72.45628052579401,-16.983559708383762],[-72.76077932215902,-16.741644346980625],[-72.63424929708611,-16.27451685449542],[-72.98741542918597,-16.607064771282413],[-73.52025279956615,-16.62828501378694],[-75.1758113595204,-15.724978221551305],[-72.62642107323394,-17.517006329190725],[-71.22772889887601,-19.136788764479657],[-70.73063292463436,-21.39398331769274],[-70.33325466834458,-21.747349269089987],[-70.7566124439846,-22.13446341734959],[-70.86772555033745,-23.023964246182953],[-70.19978154501315,-22.375527307509927],[-70.17883392358752,-21.502887731253338],[-70.48312553129792,-20.99473705890023],[-70.25760283764959,-20.534987196418932],[-70.49520771400276,-20.24460031883223],[-70.45823960060812,-19.050188437836557],[-69.70489146059109,-19.02409386795063],[-69.5842498802487,-20.13930758080506],[-69.93555536717182,-20.55068118068453],[-69.31918589231566,-21.123828667299215],[-69.55022841077604,-21.427254567792144],[-69.51541188243283,-22.691429973448553],[-69.96277428036116,-23.75924681884972],[-70.05741241436105,-24.920778659987743],[-70.40484544383362,-25.328981331265314],[-70.78879478526531,-25.01659870816637],[-70.68051617958216,-24.454178058820208],[-70.91551809713165,-23.331960658121808],[-71.18764730108487,-26.37271562874509],[-71.8981659329989,-28.896050564000436],[-72.13396434363376,-32.33405941977225],[-73.85886559773844,-36.76320931854578],[-73.84049916379315,-37.968566691119165],[-74.92476559095076,-41.43380841393073],[-75.44785857405623,-44.38403835369679],[-75.45338934585969,-46.38874956289536],[-76.4522373539999,-48.9384220226378],[-76.4522373539999,-49.990275617214124],[-75.65840162321818,-52.72857558027871],[-75.0460658788005,-53.90490477547027],[-73.38537662954569,-55.01124824385305],[-70.67407895240923,-56.06678919258491],[-68.7543745077425,-56.390749398169014],[-67.84675868661296,-56.78892343076432],[-67.21525407680896,-56.89172650637301],[-66.54264039979041,-56.681534732255116],[-65.80545825684233,-55.84932178035053],[-64.77958729601389,-55.39414174157697],[-64.60052666133595,-55.947942003438754],[-65.40922293215922,-56.429818396929065],[-66.22566812005947,-57.31181467772698],[-60.930066714870975,-58.678712966216345],[-56.80883149699991,-60.233827827239885],[-54.90621977541738,-60.45211462018428],[-54.841307288830976,-61.030512242944454],[-56.886102285426595,-60.93801168573344],[-64.11771749795486,-62.73883293042556],[-64.20480373707564,-62.163356234211676],[-63.22387556232214,-61.78080613510791],[-59.91396591696059,-60.83579432039825],[-57.82352416727818,-60.55502170590233],[-64.7110768682465,-58.297742710506185],[-71.65466095910217,-56.588351825858815],[-74.02009524870893,-55.5027918536915],[-75.92983879757655,-54.221120829342674],[-76.65529493965128,-52.99718052808406],[-77.37352653532469,-49.21019893139516],[-76.97093414003044,-47.73535302451208],[-76.33970700352361,-46.946590812551264],[-76.33516249958356,-46.00122773700124],[-77.86960639327908,-46.04203980622519],[-78.4452754373003,-44.81426660535765],[-82.08332827595528,-45.28101533488482],[-82.78726500879657,-43.2494074955598],[-83.75177050763517,-43.154849011188055],[-84.10729700857831,-41.50477534759707],[-87.36292653811212,-41.8699626936297],[-87.6660037579485,-41.63446942557416],[-90.03054537999832,-41.78121323113619],[-90.40653593898847,-41.41998102714239],[-91.51446027986191,-41.43050199891974],[-91.81716048224484,-40.81016345280542],[-91.96829155006118,-39.24067448204297],[-93.12359246948034,-39.30193129167769],[-93.39036979914576,-38.79772736015858],[-94.21039005720299,-38.758653037887704],[-94.46272931236315,-37.344248411357675],[-97.43326755727428,-37.22041268740865],[-97.73885206142995,-36.99875145424552],[-97.75809347610684,-36.610294600659756],[-108.84849940232364,-35.47819042673117],[-109.40849563377273,-34.92096753258742],[-110.53029450738437,-35.413075097477666],[-110.24347942493692,-35.730370969545284],[-110.1274079513129,-36.47666711392436],[-110.81706901364056,-38.63259586081378],[-110.25449003640857,-38.66371902035605],[-110.04101109777007,-38.98878716986986],[-110.60721416384911,-42.29632424162238],[-111.12217488337583,-42.58082051581157],[-111.8851716475686,-44.496469098107674],[-112.21133903364745,-45.583322262948265],[-112.09861989173828,-45.9777831358245],[-113.58194883202866,-50.040366175043104],[-113.93965346551943,-50.19297664077133],[-116.24487223898073,-49.75173581455596],[-118.33477750617608,-52.65260978032505],[-117.474044938505,-52.82811521671198],[-117.31609350010773,-53.18349375036136],[-118.48890890797277,-55.156667337433205],[-120.51228339290469,-54.805465775052866],[-121.34341701759674,-56.02559587901816],[-121.88935078398143,-56.37492969867239],[-126.65678398371281,-55.43420110603146],[-127.20478627956007,-55.91401696357154],[-128.68438714556555,-55.665751203986936],[-136.0521387735457,-53.79591530174273],[-136.55184653906866,-54.254914232849075],[-137.76533445867454,-53.97679003662273],[-138.9686003479474,-55.45664373718764],[-138.8543356213829,-55.82069271743639],[-139.2518040697995,-56.4591443080865],[-140.1425364305043,-57.35167548578163],[-144.78746646536567,-56.17659186891283],[-146.9703870943311,-57.92755718834874],[-147.57225689495164,-57.92827778841337],[-150.20558228541114,-60.02028594075684],[-151.23868396769083,-59.85464376542869],[-153.95582235325764,-62.10394594120375],[-156.67756680739473,-63.67177151022037],[-159.84713027979276,-62.97936687254169],[-160.51359999824038,-63.26286915172491],[-162.01279137205125,-62.77451406418692],[-163.90900245145545,-63.81679430931466],[-166.5462131567459,-62.871328568013986],[-169.90495172587487,-65.17962505190216],[-171.28222355651442,-64.73997812884109],[-174.30894723960154,-66.16757705189846],[-175.75699619540657,-65.55886732304731],[-178.81347867128906,-66.5124003778221],[-180.21965786693875,-66.0225673052799],[-180.33580671844243,-65.6514177352075],[-180.0373574683109,-65.40207739718242]],[[-97.62725553945008,15.092454618981618],[-103.85844107825018,17.453650869867538],[-105.11393464171663,18.230714681847346],[-105.00539480544057,15.552842015215088],[-104.62569291976425,15.618041566429918],[-104.35155176368848,15.363178424170972],[-103.42722513665656,11.95025191786585],[-103.25482697124605,10.05420848645483],[-103.94600000000001,9.716138980659846],[-103.92067048071614,8.704981339730484],[-102.90881668876449,8.746087997521581],[-102.6443342978309,8.549073247330808],[-101.78561494302171,2.9910005368581025],[-101.3040264128756,2.9015026557926378],[-101.0647299497015,2.5594685407894144],[-98.84378813469122,2.560067554282018],[-97.2388360586359,2.242158545809695],[-96.47536794752523,2.228598198733364],[-96.24814452467199,2.5636976831305227],[-95.53508320941197,2.5776108564344393],[-95.1685705847301,2.855760533198457],[-92.20780336511383,2.5750178305103697],[-90.53346309733796,2.045444149189645],[-90.33083274016825,1.4527390380292338],[-85.71956213168441,1.200714572555306],[-85.66987306094641,2.986461910584766],[-85.47739962947297,3.324391692118431],[-85.00776920188149,3.1680354914730846],[-84.92707761053046,2.404511375255716],[-84.6400280934152,5.1588057754153525],[-84.06918288362095,5.045257603327842],[-84.09349934936053,3.4809685407895317],[-83.33593570507396,3.525272644212715],[-83.43893458713075,6.375407695544093],[-83.225,7.233868458371306],[-84.3879291283538,8.20494772771531],[-85.95462183863619,8.956364777661538],[-87.69940946520103,10.835076190193568],[-88.87639120541786,11.533540874026484],[-92.45781074607973,12.926395268680192],[-95.87126468131036,14.915466951275237],[-97.62725553945008,15.092454618981618]],[[-100.5790015658123,1.8502647759471949],[-100.93404273537224,1.1129474111700657],[-101.85640578063666,0.9283089921423587],[-102.1334873503329,-1.0624893588968014],[-101.95700772349008,-1.5936748369089697],[-102.30973609200579,-2.238771173121708],[-102.22101756888762,-3.4385068379870947],[-102.45656025023082,-4.268064390571542],[-104.33995086105732,-4.220066248694046],[-104.60077626881193,-4.487934664230255],[-105.13739036164799,-4.456423170208339],[-105.44481986272102,-4.904653542167105],[-106.01642163209405,-4.870978722539854],[-106.65093549779415,-6.624825255452507],[-107.22504571710375,-6.754594696816904],[-108.02230070611002,-9.329051977488444],[-108.3730027567514,-9.490963448613794],[-109.45657489527264,-9.324956575024192],[-110.16206585915845,-11.528957551396468],[-110.59177724221057,-12.082693440220144],[-110.71162669105654,-13.598762105771597],[-111.17520795941346,-13.87901894231852],[-112.08671201344703,-13.785445099288316],[-112.23646565033313,-14.182577344949996],[-113.01656741962998,-18.819315506583536],[-114.0253238829294,-21.75412105575218],[-113.11566508396275,-21.91397890788648],[-111.41154668539819,-23.0908453830869],[-111.36948543414319,-24.09906521485997],[-111.75446543122258,-24.397511554635905],[-111.64637058990688,-25.138901449326145],[-112.04103573797322,-25.382039957240103],[-112.34810030670229,-26.89934325621263],[-112.77915093645922,-27.286773702823655],[-112.67027450783826,-28.720931843620114],[-111.73216143826924,-28.923877409688377],[-111.46339666651862,-29.194425172808792],[-111.61271355959127,-31.206772574759352],[-109.64332184275901,-31.7976812929027],[-108.70503506278651,-32.710660161927684],[-108.65109493265967,-33.076713770814834],[-108.9776816879819,-33.315340222689485],[-108.91533607493504,-34.41573546955227],[-108.6079652673083,-34.80626937448061],[-97.36734357029101,-35.94572003807306],[-97.07614793857005,-36.16624854575448],[-97.05664680264415,-36.54108183927822],[-94.01292684325016,-36.671160833179826],[-93.80396327979217,-36.87372055517043],[-93.6898837875116,-38.11380514808555],[-92.95985928582287,-38.098481292603914],[-92.70710300444523,-38.593473237351965],[-91.68460898338664,-38.5170129486598],[-91.35152617200467,-38.696962155852944],[-91.11420427707309,-40.743903303583394],[-89.9838863022732,-40.72384384197556],[-89.73638586166297,-41.059879165691804],[-87.39007346188788,-40.9240373063703],[-87.09604953182613,-41.14059775711496],[-83.72590082074612,-40.78991947840229],[-83.4839417235969,-41.055638490563304],[-83.15973374833206,-42.591314390335235],[-82.20522949236482,-42.68715098881194],[-81.69936841594597,-44.58702081948331],[-78.17609201512427,-44.062280180602436],[-77.91426484302626,-44.21763351328241],[-77.47188203991325,-45.385869744773714],[-76.28353558145109,-45.30226229394562],[-75.4824700639687,-39.45770928339356],[-74.77520999644983,-36.61789678685541],[-73.25032478033086,-33.575110233472344],[-72.89871383351205,-29.469963641435484],[-72.17138055290046,-27.05813067189598],[-71.87231176296766,-25.056626722812855],[-71.60111135272614,-21.2731774150326],[-72.03726892678827,-19.49767134263451],[-72.96752224854957,-18.521246486761857],[-75.53331843684516,-16.58350623668582],[-78.43548951819773,-13.586624089043468],[-79.92872051913429,-11.4520986002078],[-81.68887960689746,-8.14285345451071],[-82.29267707512383,-6.091305372348234],[-82.35800315650553,-4.466666328037719],[-81.93807304543384,-1.7272274821142914],[-81.04150290313054,1.3957820353159307],[-81.4241236198821,1.5835672327076729],[-81.88430433819921,-0.0891497417587058],[-82.36450037675866,0.030899267199373998],[-82.27858584577218,0.7316141440947275],[-82.57303929808445,0.7462838288146484],[-82.7235169081895,-0.006918460734986989],[-83.02692192798901,-0.2502042043185419],[-83.36779672141132,-0.0629959398646276],[-83.45598754245239,0.3987125172904973],[-83.32775954668294,2.809692316723808],[-84.17443654587797,2.749963185397834],[-84.38002651400001,0.142497404000039],[-84.730026514,-0.207502595999961],[-85.05338435037895,0.008558202672257542],[-85.04317840575871,0.762052229343999],[-85.16935992503198,0.17218743914481688],[-85.52279214498324,0.009927693764527235],[-85.80861284823796,0.4388713589281359],[-87.00286547449181,0.5235311287423055],[-87.74079521698177,0.329489246152917],[-90.56578879293096,0.6108256525370377],[-90.97848489660991,0.9684438057648931],[-91.02985218371217,1.4156701710982738],[-92.24015137729616,1.6620075595007555],[-92.45498472469615,1.8974500033931838],[-94.89271134135414,2.1299949945693584],[-95.11999201964424,1.8878109217489054],[-95.81960519940405,1.882580008008704],[-96.18145280375117,1.5230594888788254],[-100.5790015658123,1.8502647759471949]],[[-115.72758686476773,-24.634195938711336],[-116.01816537975529,-25.234930810890503],[-114.95817472539815,-26.2771225796745],[-113.18190417431802,-26.472965084944153],[-112.73207490811765,-25.49497770605044],[-112.78462941009312,-24.947098550673857],[-112.3978373660334,-24.70449044134561],[-112.20609019319423,-23.246872511667128],[-113.4128815502375,-22.548747737509917],[-114.14966544300133,-22.456911710937643],[-114.26593778482184,-23.202498018454058],[-114.93135302539443,-23.532809605265616],[-115.11744158614954,-24.2207805415316],[-115.72758686476773,-24.634195938711336]],[[-112.06684672337819,-32.67847147995929],[-112.16406583362593,-34.29239150834939],[-110.63605831347643,-34.72016018460841],[-109.62529947786146,-34.24544655802506],[-109.75936445111337,-33.118917298601595],[-109.53891307786773,-32.812252504645066],[-110.80576841691965,-32.04491098521977],[-111.7046591631762,-31.90407027018912],[-112.06684672337819,-32.67847147995929]],[[-107.09905054248921,21.403106394187006],[-108.51060898614095,21.423901660329005],[-108.9845245159371,20.1123230379124],[-107.86730646125396,19.33532425567078],[-106.06216727800928,18.8190599625718],[-105.84266587353736,18.248836281132213],[-105.69035010113718,18.652887433715453],[-106.69620809536981,19.911352522641145],[-106.79613828125343,20.97238105530733],[-107.09905054248921,21.403106394187006]],[[-101.72846975852991,1.9542875137373141],[-101.63571436539063,1.7539019123399011],[-101.42946871318256,1.737028673145936],[-101.72846975852991,1.9542875137373141]],[[-82.14974507871626,1.4288667065222587],[-81.8329973556025,2.585798329069183],[-80.80887168867714,2.2229618923093333],[-79.81731645821593,4.309166271175709],[-79.39026798608265,4.45415578531312],[-79.46075697189077,4.991611967809184],[-79.78088922957144,4.854495256172934],[-80.06901316501539,5.105953554143681],[-80.71307820337101,5.063131517000071],[-82.23095557075335,4.768102871418202],[-82.50576425757133,1.4435814665056799],[-82.14974507871626,1.4288667065222587]],[[-81.04430455910415,-1.1461932747325598],[-81.18760651553063,-2.4398180983093125],[-80.8526291500497,-2.1030085638168003],[-81.08612061099542,-1.6051299790702687],[-80.74724405631788,-0.5188122578946615],[-79.96172899746813,1.0605448520976162],[-79.63742784122425,1.2751871571761675],[-79.31623237538793,1.0595444892069068],[-78.9707877575837,1.723382576554416],[-78.40844946279509,1.5469286891938057],[-78.24528493780012,1.7459871775247344],[-77.53205238416183,3.0671127386301857],[-76.91161334863911,5.072530251766664],[-77.52603524912155,5.045039200634875],[-77.87533387826171,3.9496761909248366],[-80.19782321817188,0.8234340833982138],[-81.04430455910415,-1.1461932747325598]],[[-80.32907264309148,-1.5492064524900861],[-80.10594824093636,-1.7968905870216187],[-79.59599005070751,-2.0139796540249595],[-79.64326591181766,-1.4909943569157968],[-80.32907264309148,-1.5492064524900861]],[[-80.10903804570914,-3.3461669182083376],[-80.94136040414014,-4.06974477726208],[-79.68759144753318,-3.6133490033809585],[-80.10903804570914,-3.3461669182083376]],[[-81.25463313189444,-3.307541667319989],[-80.99124531282035,-3.1237307870447797],[-81.27776516351713,-2.944835036693003],[-81.25463313189444,-3.307541667319989]],[[-75.22196827696759,20.81159156107185],[-76.33922323159956,20.187874531027628],[-74.44463974247594,20.319426276463762],[-75.22196827696759,20.81159156107185]],[[-76.83757804836391,19.3008414251981],[-80.63107352455239,18.722063899749518],[-81.30783419848663,18.543294483045226],[-81.33048584161793,18.293412985324284],[-78.28085146100389,18.482702877356058],[-77.80860240401984,18.861002192844154],[-76.08068221740028,18.327063878056045],[-73.21200755315898,18.729267391057846],[-73.17490283867008,19.197572268179265],[-72.84189886805669,19.398447639059498],[-72.20682458717411,19.020328821386215],[-70.83045144951181,18.834625353459163],[-70.89419720315745,19.21782856414376],[-73.11989111506904,19.686120650670027],[-75.40668069156047,19.202068464474173],[-76.83757804836391,19.3008414251981]],[[-76.25219532389713,17.60375205570991],[-76.82921736538523,17.73031966009431],[-77.1916798004234,17.48444758040346],[-77.83411757690133,17.530633615607933],[-78.11918003193333,17.778710451439064],[-80.13966717888442,17.74956631161134],[-85.33486626337617,16.636150964280866],[-85.53057466507035,16.176054649072967],[-85.18026360343603,15.997797908970071],[-85.31149880773421,15.520537685242164],[-86.14324324373747,15.08150459119966],[-86.51683199525378,15.359399325583668],[-87.18573495526933,15.24958695796787],[-87.6049206653082,14.820451697417132],[-87.38580924427839,14.677849616700943],[-86.90284200434024,14.845482006489247],[-86.69058118550356,14.50088812641396],[-86.82385359576422,13.680344822556814],[-87.08504351796437,13.506527597730605],[-87.52383737142642,13.641217350033845],[-87.54074963521397,13.326627160080394],[-86.41027240246358,12.74983914561267],[-86.33273611679287,13.205254767577063],[-85.83807674097034,13.222921173857191],[-85.7679164793254,12.11963671366273],[-85.01729929354758,11.500280205512622],[-84.59022447114361,10.72830577025157],[-82.82718038855324,10.347740604938654],[-81.8542682657518,9.731569136403694],[-80.64574212885907,10.559550517105727],[-78.81103540822815,11.07157324539257],[-78.0137606052659,10.950214793816734],[-77.09017794088179,10.192251900613368],[-76.00408721403618,11.711496392019852],[-74.68133705723811,12.321388268623158],[-73.57015511320716,13.653051492114972],[-72.95455812856535,13.977436847257671],[-72.16803505956534,14.029871718257672],[-70.55140758425108,14.094592395588714],[-67.51170825783268,13.73935099831335],[-65.63775654786883,12.820433534417518],[-63.91855478134386,12.609816429531477],[-63.63660875446521,12.341956397055752],[-63.77618308273971,11.978966636928455],[-64.8529415493393,12.048900222752806],[-64.23753373542412,11.828649725286995],[-64.2378617183004,11.266414576199738],[-63.821225834667544,11.622985455962361],[-63.43516662254703,11.21567487547194],[-62.759139579826574,11.206185637412792],[-61.749084384505245,11.410918581078512],[-61.00177635821366,11.872394706382858],[-60.68523852596292,11.646460291508637],[-60.854504832059,11.19117287100108],[-60.438888954541845,10.991884998037456],[-60.43252734356739,10.662916321978244],[-58.36435620549211,10.562991933917232],[-57.88177892543224,11.274116184834051],[-58.133815192030916,14.420559694131676],[-58.99176023486392,15.218515247223658],[-59.34996960163066,16.629392850367637],[-61.14158361176362,18.56199073959991],[-62.95819522206901,19.240372903715024],[-64.37204813466543,19.305130519439388],[-66.99524929763314,18.731695099231068],[-66.5974486107076,18.501222345922994],[-65.92888830639384,18.675396932020522],[-65.13446404585014,18.313936919619337],[-63.93477142702145,19.152213443733018],[-63.52746519334081,19.168940631944096],[-63.39622998904256,18.691680408216204],[-63.84002825934332,18.340363452647466],[-61.989156517768365,17.017979816679052],[-61.4652253072399,17.90430670199945],[-60.97649066286942,17.825958457653638],[-60.68644488852049,17.34443752032698],[-60.905839002177544,16.819492689827705],[-60.672385501034796,16.320223118286567],[-60.774489664893494,15.629378269910134],[-61.699029344213265,15.384803428967347],[-63.11804498293451,17.23328448428638],[-63.83927980386451,17.593746255351245],[-64.16870785985671,17.11482636809166],[-68.16661486580436,16.841365341232464],[-70.5043566388899,17.166355530428635],[-71.06258045341593,17.80808506282519],[-72.10946848889178,18.16025112146905],[-76.25219532389713,17.60375205570991]],[[-75.39138196985995,11.133152559052789],[-76.35344318995787,9.703192821006244],[-76.40675636396458,8.525120072404162],[-76.04069071812444,8.268124141271226],[-75.9726413629752,7.331786331541448],[-75.71926316385867,7.985490256599048],[-75.21872718101629,8.145404737114037],[-74.86589433549231,7.9866775876889315],[-74.66696715882766,8.72184949739125],[-73.99060330275628,8.943199857425967],[-74.56082164052818,10.998728562745175],[-74.40624331037277,11.55234946588934],[-72.88518573896661,11.584969057872003],[-72.86556285459382,12.022233108620012],[-72.37141478858655,12.292989850233322],[-70.53222285457437,12.47806234187564],[-68.31903461474784,12.368302588231685],[-66.74985466105556,12.156146822681128],[-65.61048594184702,12.11660141944374],[-67.66068330815753,13.05280573648804],[-68.93818854376237,13.24145760101937],[-70.32087943106214,13.369276080433226],[-70.66571052753203,12.960064336169859],[-71.23083953808917,13.150281634081306],[-72.86625926820143,13.020987081717559],[-73.32690805246325,12.844871704150814],[-73.71135146270915,12.085723391314172],[-75.39138196985995,11.133152559052789]],[[-80.61063020509027,9.721629021633683],[-81.51472168549421,8.932644056647408],[-82.98754768960025,9.648594108832857],[-83.25304361892623,9.26026332435651],[-82.22435687201265,8.767483937311688],[-81.788464437779,8.272192977032491],[-80.29110719425769,8.164685243412661],[-79.73904534720789,7.486487175897942],[-78.12047041830223,8.045292306094812],[-79.06784411308718,8.849810907936158],[-79.46351420518421,8.569097537101989],[-79.8943550514914,8.718921683646428],[-80.83784224678118,8.474116575216932],[-80.8943436425293,8.965855929223213],[-79.97968883788627,9.565037779104399],[-79.05049347875145,9.896473783251043],[-78.80527662957051,9.571249365127823],[-78.2163716990108,9.459263742698583],[-77.74878748745414,8.7449750064659],[-77.56881445611955,9.018417522007],[-77.20265081154943,8.988207211363076],[-77.76009532065711,9.864281556779591],[-78.35551002765833,10.277772757988394],[-80.61063020509027,9.721629021633683]],[[-79.0898755098505,6.960623023880741],[-79.30692993496797,6.086292044134264],[-78.42851651988069,6.039358205704781],[-79.0898755098505,6.960623023880741]],[[-80.00638352816625,6.4372508572128435],[-82.30613560897685,6.70018239311589],[-82.2598750028974,5.471096905295274],[-80.06420775242117,5.820777368642984],[-80.00638352816625,6.4372508572128435]],[[-81.99081408830502,7.41202074580106],[-81.4777655986554,7.423561516943334],[-82.29583576947405,7.868959813703447],[-81.99081408830502,7.41202074580106]],[[-88.530275338554,15.066258127161747],[-88.51669215162939,15.09895492608825],[-88.57936698671512,15.070475231736562],[-88.530275338554,15.066258127161747]],[[-88.8452056231071,14.050389962140033],[-88.81406384514774,14.02297296935127],[-88.8143280652731,14.06683510179121],[-88.8452056231071,14.050389962140033]],[[-77.56719910738398,1.536911254107019],[-77.09844920878554,2.01209430143305],[-77.00033601149522,2.5506511771950606],[-77.56719910738398,1.536911254107019]],[[-76.67850902969955,-6.473905457979868],[-76.87907620108103,-6.807095146947855],[-77.26365706872639,-6.749301416217747],[-78.1933142841764,-5.4702797890031825],[-78.28451111915238,-2.4053278210626976],[-78.51479966582566,-3.1606026489800083],[-79.0252393828118,-3.560969350415508],[-78.68858735242993,-3.9753363874865415],[-78.74204314983446,-4.79448423167151],[-77.33156142990565,-7.64810979109207],[-76.54886798188356,-8.597342085225181],[-76.07441214625055,-8.762725755974733],[-76.20169480811174,-7.380252850754402],[-75.86626075594347,-7.007526122642968],[-76.67850902969955,-6.473905457979868]],[[-75.92687756531278,-9.379221483359157],[-76.63090507786582,-9.475477230957368],[-76.4096040388422,-10.256901127145985],[-75.63944644439893,-10.601626221159298],[-75.92687756531278,-9.379221483359157]],[[-78.286928061683,-1.9133827290155727],[-78.25731611696938,-2.2093066514953623],[-78.02372680374741,-1.9777376550995562],[-78.286928061683,-1.9133827290155727]],[[-79.34197735500392,-0.4336294646541213],[-79.21304956851574,-0.1553224184419898],[-79.22530727769289,-0.12981091584279777],[-79.34197735500392,-0.4336294646541213]],[[-75.46723736835824,3.6685343432098807],[-75.98509176892554,2.9442707984061225],[-75.96780747652072,2.877640774002221],[-75.46723736835824,3.6685343432098807]],[[-76.16297445386121,5.537371844826099],[-76.47974039623509,5.901812292520964],[-76.70565270976982,5.999482562324132],[-76.62683757480754,5.509903564517224],[-76.16297445386121,5.537371844826099]],[[-79.1794998174426,0.8323879135593462],[-79.176668167444,0.834400810477948],[-79.18166865542938,0.8384529237871389],[-79.1794998174426,0.8323879135593462]],[[-76.74707888247917,3.025990747593681],[-76.80397185564892,3.0615481240471105],[-76.80403522918253,2.953257660598448],[-76.74707888247917,3.025990747593681]],[[-78.87035079612092,5.348854257371634],[-78.86050704118975,5.337420047020736],[-78.8435011074672,5.349421965907566],[-78.87035079612092,5.348854257371634]],[[-79.19612491671303,4.003609912092262],[-79.59750762629253,3.243627078505396],[-79.88021807908657,2.65935880991143],[-78.6943895139177,4.139834370106804],[-78.47590924460668,4.755978029402344],[-78.77822294117338,4.11542495964381],[-79.19612491671303,4.003609912092262]],[[-76.93856278972987,6.340844587133179],[-77.06868706032648,7.174726640751399],[-77.28277654340681,7.473720365708527],[-77.15645783430935,6.462660993519955],[-76.93856278972987,6.340844587133179]],[[-77.32646293202879,7.616584680330255],[-77.3271992102029,7.62159632775219],[-77.32805967934705,7.623596918506704],[-77.32646293202879,7.616584680330255]],[[-74.4759965935046,4.5476907248375475],[-75.05272685046779,3.7736208996411964],[-74.84716859539859,3.414104051930723],[-74.2197709421752,3.8427422674408596],[-74.47692013875998,4.03047559135773],[-74.4759965935046,4.5476907248375475]],[[-73.77479603896987,4.58745628056075],[-73.35925781172428,5.292024859431029],[-72.79675969040147,5.703435446651448],[-73.25101317786005,6.57375495265278],[-74.13454236175525,5.225471896089654],[-74.19678230919213,4.8602202208713425],[-73.77479603896987,4.58745628056075]],[[-75.1785044535064,6.043838041502586],[-74.93051215150832,6.72954845832228],[-74.99413622869169,7.240107266127998],[-75.42975148499725,6.63404096174631],[-75.1785044535064,6.043838041502586]],[[-72.39009409417766,6.389711607263777],[-72.39018492577308,6.389717248612404],[-72.39015923711891,6.3895548024025],[-72.39009409417766,6.389711607263777]],[[-73.65794699605124,7.228625887816441],[-73.5306271911546,7.312590136027226],[-73.61853052164211,7.615975000647339],[-73.67942589733039,7.496654215113523],[-73.65794699605124,7.228625887816441]],[[-75.41226962680587,-10.65903759894345],[-75.40249408953812,-10.635939950607462],[-75.43359037443904,-10.643873665426291],[-75.41226962680587,-10.65903759894345]],[[-74.47032740355596,-10.480852494757242],[-74.8525321854286,-9.510227105623413],[-75.13990094027181,-9.53134718191898],[-74.90484712315543,-9.754057639645515],[-74.47032740355596,-10.480852494757242]],[[-73.26308010614382,-12.697183440611889],[-72.6892917782938,-12.668503970585364],[-72.55997117074116,-12.298445082194391],[-73.290457534587,-12.442649263887414],[-73.6885983933831,-11.8279874074059],[-75.17338117893335,-11.165915186834587],[-74.8009813212142,-11.676505071354182],[-73.72870744903247,-12.054960304855452],[-73.26308010614382,-12.697183440611889]],[[-71.11387156975243,11.443182136460972],[-72.1857476307939,11.521418515593531],[-71.45712877443185,11.266825894876474],[-71.11387156975243,11.443182136460972]],[[-71.90825061220873,10.677796481524318],[-72.53079117008024,8.961084991087226],[-72.15535746931359,8.724854003043617],[-71.12643782091044,9.555278554342227],[-71.30448942173105,10.031977741861585],[-70.99948698623902,10.388683222530258],[-71.90825061220873,10.677796481524318]],[[-73.40592563083857,9.858084934799903],[-73.26884522424191,10.025561866750916],[-73.51325528875832,10.394710866484166],[-73.20470618355847,10.880678793409556],[-73.75674192458996,10.86052989545467],[-73.40592563083857,9.858084934799903]],[[-72.95928396283317,8.135710788781703],[-72.8957685815606,8.313001629056343],[-73.04757017027944,8.342871049509782],[-72.95928396283317,8.135710788781703]],[[-66.68241893910876,10.985380772620704],[-65.55991476752797,11.22598045291322],[-65.66367626313044,11.417298783547427],[-68.35908822901851,11.669148643713168],[-67.71314340005239,11.09440824809678],[-66.68241893910876,10.985380772620704]],[[-69.92401046458517,10.08382866611541],[-69.6548287495603,10.24231640934485],[-70.09304162765713,10.369950391538401],[-69.9905670579815,10.24915642598986],[-69.92401046458517,10.08382866611541]],[[-69.21992397501165,18.810584972513492],[-70.65649855496991,18.420867253741484],[-70.01052210942764,17.78852918919754],[-68.41525671233057,17.587981671581094],[-68.73883529165519,17.849074534631203],[-68.81111444898787,18.398514722521888],[-68.47163487688792,18.702538644427168],[-67.96253319561255,18.690248980855838],[-69.21992397501165,18.810584972513492]],[[-67.79027266055263,17.575582824003334],[-67.30277951902187,17.674887960708777],[-67.73567870592767,18.093453350481415],[-67.79027266055263,17.575582824003334]],[[-66.83853577760208,17.69256542325932],[-66.94757227646161,17.706051258140846],[-66.96408768679296,17.700241710016133],[-66.83853577760208,17.69256542325932]],[[-29.682114997724753,-55.99945923582618],[-29.980067403525958,-56.05972708055535],[-30.15220292913077,-56.70414607003068],[-29.530279238414757,-57.460174924034085],[-29.566008153239714,-58.46673961142112],[-29.235656233902233,-58.69312078948859],[-29.230126239937775,-59.64421919990168],[-29.662867823739656,-59.86419563160792],[-29.45740068983512,-60.08854501168677],[-27.982855511119347,-60.26258650525736],[-26.164253633354157,-60.05066834003387],[-25.263954968660492,-59.67509464558083],[-24.308686139929787,-58.743711393099204],[-24.18526248575249,-58.22274875976944],[-24.528375155172192,-57.376135011475924],[-26.560771604979088,-55.74411328978138],[-27.657697736019006,-55.44166706009928],[-29.366375788374025,-55.37911570358634],[-29.682114997724753,-55.99945923582618]],[[-75.68489318739152,-15.212567156248621],[-75.69500288990623,-15.162880709448253],[-75.74307644334846,-15.151238859349778],[-75.68489318739152,-15.212567156248621]],[[29.16523577678951,41.12798312221381],[31.62762804025856,41.046476620765034],[35.393013315165774,41.44340474665281],[38.95572522036863,40.312304439449676],[40.80415291295998,40.79174262359977],[41.314202180021724,41.162530386037645],[40.745247534702145,40.825329175748294],[40.3789742947875,41.001821666944],[37.05420855436449,40.98614280608449],[36.69953549421331,41.31806353516122],[36.32763784484583,41.276360465953225],[35.810568577002016,41.82892083080583],[34.40967172360255,42.120821490480466],[32.95262416603304,42.041020036106985],[30.253215636042334,41.1269143200057],[29.16523577678951,41.12798312221381]],[[30.496490132446986,39.37347654183032],[30.641371245532113,39.2590048353381],[30.75268270989006,39.324589842669404],[30.496490132446986,39.37347654183032]],[[30.955942513670145,36.59432729719761],[30.55977800475913,35.87768738015155],[30.089480268210846,36.10424895748733],[29.77572991606501,35.85388260910328],[31.920502912808907,34.94228706344699],[32.24906014918315,35.462505760922234],[30.955942513670145,36.59432729719761]],[[32.01403417093534,36.576489825301444],[33.083274565609855,35.99815060536268],[33.19365063746463,35.650906961757286],[34.08722914487093,35.623163551954335],[34.53308740849068,35.83673823314319],[35.12553216686555,36.69836299639089],[34.66221204288938,36.85369931894641],[33.544299678334134,36.235838429788416],[33.15314128030672,36.56704184862178],[32.76965669203825,36.324206999773146],[32.07756921409121,36.76142768887822],[32.01403417093534,36.576489825301444]],[[35.56625975656609,36.036717815772924],[35.12729626381993,35.43003503780495],[35.61003198772353,35.76243749457522],[35.56625975656609,36.036717815772924]],[[35.55778213094528,34.84974790743676],[35.93155370957658,34.55618339987384],[35.99450745344058,35.139214645269995],[35.55778213094528,34.84974790743676]],[[14.713115495916519,38.18662998485718],[13.358690038461749,37.93493781661537],[13.411355791511637,37.70485746775202],[14.11367428128553,37.41456450000581],[14.936542803105866,37.821724936992695],[14.713115495916519,38.18662998485718]],[[14.164806841713498,34.75854040410568],[14.165260126685343,34.68153461287023],[14.211062539390852,34.75472633947815],[14.164806841713498,34.75854040410568]],[[-7.119510593846608,31.375799319304186],[-7.395117233775359,31.299054340664828],[-7.405156243186157,31.288977117657456],[-7.119510593846608,31.375799319304186]],[[-4.266441741032507,33.61890416048361],[-4.036714266386263,33.8434645476168],[-4.556246344100768,33.536480998919025],[-4.266441741032507,33.61890416048361]],[[-3.1790667948001,35.40506073531411],[-3.115527851735864,35.25205273993761],[-2.6499515659702375,35.635037368745614],[-3.1790667948001,35.40506073531411]],[[6.477102474903698,35.155389779039616],[6.75644603259161,35.15622390664099],[7.167048724155973,35.06839629670678],[7.157647211327774,35.274088781893035],[6.477102474903698,35.155389779039616]],[[9.326784912646833,35.97420348102539],[9.416208164213549,35.98034664090505],[9.448793835052575,36.043052094544755],[9.326784912646833,35.97420348102539]],[[10.354391212800547,36.64710629271562],[11.060830148805191,36.71934663509043],[10.798615763513018,36.973606604212755],[10.354391212800547,36.64710629271562]],[[13.15647805515802,37.020786437130496],[12.517952311837641,37.386092863676474],[12.258712778197209,37.22412597393146],[12.98224608841524,36.886822385344274],[13.15647805515802,37.020786437130496]],[[8.790446196120296,34.815559264671336],[9.07589410550784,34.704030529588564],[9.187642045387914,34.79596611606958],[8.790446196120296,34.815559264671336]],[[1.9886670551080492,35.91650240874668],[1.772224348095389,35.940625401446006],[1.4793921767048355,35.723765708508544],[1.8038531931487656,35.83531261822519],[1.9886670551080492,35.91650240874668]],[[4.525287524098288,35.92410045626735],[6.008129931751188,35.83610029573443],[6.06472991736124,36.27035459496586],[5.206530293079897,35.93940136762699],[4.525287524098288,35.92410045626735]],[[4.081829861281543,36.75452906314311],[4.346096833360466,36.77036133560941],[4.368126753071798,36.79308637144299],[4.278474380888356,36.77010455237717],[4.089875156189166,36.76427119015575],[4.081829861281543,36.75452906314311]],[[7.65400005014761,36.8409008240771],[8.03988332306305,36.572750819422296],[7.919966170072039,36.20280158575762],[6.811868888346641,35.9184554396039],[7.899576303679263,36.16408631284791],[8.927267946814924,36.552518288209306],[10.82384188394598,37.831085738014465],[11.21272335785385,37.827376516829894],[11.358867320689583,37.54555402566926],[12.502821308407144,38.26338441044137],[11.420468078096201,38.04774989366136],[11.21576088848934,38.378412146713956],[11.474076253396769,38.705733408949655],[11.279685742732783,38.72209299524513],[9.32645549617325,37.79961143584228],[8.40827303362318,37.05034223558732],[7.65400005014761,36.8409008240771]],[[6.910498519884228,36.89344982249056],[6.836289376611273,36.894533904557925],[6.811935524515908,36.88902009158032],[6.910498519884228,36.89344982249056]],[[14.229111982563811,47.19473004309763],[13.584789754252203,47.04355114783571],[13.252871702016733,46.97879167526444],[14.439234312636609,46.8325013284179],[14.229111982563811,47.19473004309763]],[[14.435821391839882,44.66986631261334],[12.887031083505873,45.804824618954086],[11.606219633446829,45.32454249460632],[13.17349021117723,44.326664889845034],[13.297419818709553,44.690674871966735],[13.685386468555642,44.717590251914935],[14.529652020490186,43.921024042478344],[14.435821391839882,44.66986631261334]],[[14.451764474316224,43.09642752488393],[14.378520513150344,42.84288235761179],[14.49720904811641,42.81642332782892],[14.451764474316224,43.09642752488393]],[[14.698279904642535,42.54701196483748],[14.773860597326998,42.58232784795792],[14.644119489848483,42.6866058563625],[14.698279904642535,42.54701196483748]],[[25.36992321816415,41.524659720803356],[24.594002993786294,41.71671806507119],[24.49008112045837,41.48565763104726],[25.36992321816415,41.524659720803356]],[[24.560086262524067,40.560358714546105],[25.167668492545328,40.710595967933905],[25.171688442532155,40.77189657883835],[24.951911112556402,40.792357041030826],[24.560086262524067,40.560358714546105]],[[25.39990301165611,38.11510625505555],[24.80215168064324,37.83856902373512],[24.07131979404368,37.95880389503329],[23.332885791693187,37.5434883508207],[23.71166849404043,37.261825109595264],[24.596594963924613,37.496797230067244],[24.969565261634603,37.2601638193288],[25.646898034524536,37.11411550243702],[25.866477848864424,37.19041503299856],[25.464549968572513,37.38660655890591],[25.39990301165611,38.11510625505555]],[[25.603157258343092,34.59807448456272],[27.0755333440255,34.66353847940708],[28.911801309865954,35.70100902294292],[28.439590996622137,36.38133097042658],[28.75445732454102,36.70277522884962],[28.84564755440021,36.95935143738009],[28.15557619362332,36.50902267473977],[27.486637079199348,36.41881108726528],[27.20963326484067,35.200097317589496],[26.416503177263397,34.6728507031173],[25.603157258343092,34.59807448456272]],[[17.42179076653544,40.74453714203673],[17.211484142036728,40.29646223346456],[16.205842744894113,40.23370105024794],[16.645799615105425,39.79046257805343],[16.771547407091855,40.09579459330567],[17.159298027584416,40.12566121980062],[17.636006300832005,39.28668933473781],[18.039449344814297,39.510863318074236],[19.98496746225669,38.44161137617828],[18.849209525783277,39.61270574114863],[19.073689592743264,40.07734192569356],[18.628449770677335,40.977066625346374],[18.910262531033318,41.57331372937106],[18.02616566683829,42.09610254361586],[17.47293422981375,42.034543672566215],[17.270803129586092,41.39781069747574],[16.866884082448635,41.29511870107525],[16.725002595288963,40.99299559449208],[17.42179076653544,40.74453714203673]],[[20.75995382803775,37.73920720890477],[21.227679015859326,38.22501912487507],[20.878639058073833,38.545560510585496],[20.556980080206632,38.03326917772673],[20.75995382803775,37.73920720890477]],[[21.831525712325444,37.858767454527396],[21.199372511551488,37.188786232085185],[21.977670460695627,36.33730075320518],[21.623229590193752,37.41200034808375],[22.500888099034565,37.75777701334532],[21.831525712325444,37.858767454527396]],[[22.464180216449154,36.083139016387285],[22.539771885075712,36.04679157627501],[22.524253166902337,36.12694975762122],[22.464180216449154,36.083139016387285]],[[17.06478581845599,37.92408678176344],[17.376138472176414,38.4802501112627],[16.70012826966024,38.50509435313689],[16.463632341664628,37.822074328305234],[15.79273142231737,37.88735855075318],[15.66380285369739,37.65192222318672],[17.06478581845599,37.92408678176344]],[[17.7279276389835,38.787487868056736],[17.633509771241975,39.05402330899747],[17.516801699611545,38.6461235530114],[17.7279276389835,38.787487868056736]],[[21.356038298053157,39.0776096268122],[21.64021481271557,38.86918100621404],[21.369131465537194,39.214357629610696],[21.356038298053157,39.0776096268122]],[[18.39142394482808,38.53439831920907],[18.408369198679797,38.53816260229249],[18.39356424492031,38.545216563311605],[18.39142394482808,38.53439831920907]],[[18.079498106316656,38.11600618110622],[17.92782988607883,37.8409308996811],[18.126573526167775,38.17927997965341],[18.079498106316656,38.11600618110622]],[[16.935130150298328,39.20875663658688],[16.86895039166945,39.40527587210726],[16.657666949146083,39.71250841395105],[16.639145425302125,39.21873851305321],[16.935130150298328,39.20875663658688]],[[21.23991194566195,39.451641709532325],[21.38879359789384,39.658920019338076],[21.11219658999907,40.17121854598615],[21.045635016574817,39.84081001698652],[21.23991194566195,39.451641709532325]],[[23.0658750923117,40.12398400266589],[23.108467985509773,40.066144751875875],[23.12871140745823,40.105621323932226],[23.0658750923117,40.12398400266589]],[[16.809281216369232,44.43239516213368],[16.381239308066554,44.94345544743511],[16.15178338497815,45.033092817580574],[16.809281216369232,44.43239516213368]],[[17.935320381258556,43.624595980805715],[17.825855616412575,43.86021969883241],[17.73700144331514,43.73414162151237],[17.935320381258556,43.624595980805715]],[[24.312644423794215,42.48526099369374],[24.305160249254882,42.49550974206251],[24.312733359695844,42.481244301420595],[24.312644423794215,42.48526099369374]],[[21.718597116704398,41.24543338894987],[21.9512943528469,41.37239702377892],[21.613233478724926,41.49337286569307],[21.718597116704398,41.24543338894987]],[[16.031369339350274,42.05231415643563],[16.01191438329811,42.06499410946376],[16.009529247902545,42.05476961514418],[16.031369339350274,42.05231415643563]],[[20.48848445759036,43.130969784257125],[20.377501022263502,43.36458289005494],[20.12519297094737,43.03633444287641],[20.48848445759036,43.130969784257125]],[[18.094859088062716,44.50656547663547],[18.137975150200752,44.81363993898589],[17.74255414069234,44.85591665786275],[18.094859088062716,44.50656547663547]],[[29.106153644107337,38.350302986930025],[29.33361089283696,38.59375966179847],[28.600925116378107,38.80434557081056],[29.106153644107337,38.350302986930025]],[[26.71905812726796,40.920507349455704],[28.25355399037216,41.18692750886695],[27.84701296790166,42.30781608993871],[27.283510457053033,41.839372831721946],[26.939412922037192,41.852752327740156],[26.754693300306972,41.31944513923954],[26.152970556159882,41.19931160626407],[26.71905812726796,40.920507349455704]],[[33.061864190103464,34.80178725377185],[32.93360057912694,35.23168457893145],[32.756361302291936,34.95617503036781],[33.061864190103464,34.80178725377185]],[[32.83599718370815,28.81112352684627],[32.87186536745671,28.802436710897073],[32.84912305230115,28.824462093237333],[32.83599718370815,28.81112352684627]],[[33.8228627095927,27.734480499314387],[33.82724826416394,27.728248378378254],[33.82871482485686,27.729435594177282],[33.8228627095927,27.734480499314387]],[[68.73063855349153,35.81153647642661],[69.2792396154638,35.84322408717421],[69.12915431902202,36.19955257990976],[68.94299431456471,36.07860950136631],[68.73063855349153,35.81153647642661]],[[68.47433591100703,35.81362023774763],[67.48002086903614,36.261213570789856],[66.67807710209784,36.23312669263436],[66.82208135556876,35.957915500481185],[66.60602055689654,35.63455766410223],[65.33316028850808,35.73811490742395],[62.809920878904634,34.93560505558535],[64.81594081779097,34.80440070133685],[67.40129621621908,35.10985740333307],[68.09862717828992,35.405149529297944],[68.47433591100703,35.81362023774763]],[[69.89264417908113,35.13441424153133],[70.04288574209636,34.7020239480807],[71.00901466176627,35.16766741125036],[71.3893195434752,35.729349664632984],[71.34146036241988,36.17497107446349],[72.95044206199046,37.191051878788684],[73.919640514671,37.11629269542934],[74.1993403883675,36.616880506484726],[73.90263928176417,36.09021148210204],[72.69079662349152,35.86534291246663],[72.91984499845164,35.62830919807303],[73.24416928102559,35.660945127178415],[73.4417143428235,35.409373316331184],[74.32124251374594,35.525724707476925],[74.5697699509031,36.09090203452779],[74.96700269881403,36.16252258226711],[76.6307022825445,35.41619355653744],[75.09021470226585,37.06806280972266],[73.53826604359612,37.9420083260862],[73.77371722160574,38.47428662143867],[74.74794725018502,37.9251740603005],[74.64732886335766,38.59358342551889],[73.97111700015179,38.93485997539768],[73.02193067494207,38.18105498602142],[72.77287546243737,38.47974221406238],[73.03083515280322,39.02349535719398],[72.74277383087085,39.02484146969191],[71.33996068078919,38.754927792540954],[70.5940338028828,38.11835834069092],[70.551964206947,37.706821139992186],[71.20885805982925,38.58504317951489],[71.70788269431212,38.28549042104205],[71.21171679292456,37.47005842829925],[71.05414170873455,36.19758174129068],[69.89264417908113,35.13441424153133]],[[74.40187679947677,34.4959269360962],[74.43641665528513,33.960781038453504],[74.04964172118677,33.74887063786176],[74.2721120924451,33.26770603209484],[74.9048783818617,33.30602809761629],[75.16503369961647,32.932978438549036],[75.84267244366231,32.635680197027845],[76.98599895978596,31.455220003635702],[77.04659682478909,31.02184260453208],[78.06008242636058,30.624232647103444],[78.87158885281934,29.86697176298249],[81.0989676628195,29.13061393551665],[81.71323981549985,28.66182302732808],[82.68087509811579,28.200640785549634],[82.295733814219,28.528060765990194],[81.79875581956026,29.594148904629492],[80.92738630556484,30.0487795318386],[80.95333215517898,30.746181808713445],[80.16630518159445,31.24063991364212],[79.4957494386836,32.152674399315146],[78.95703647945903,31.491002475068225],[78.34563034249291,31.61507846045783],[78.45998432909816,32.3380321114446],[78.0108818524149,32.56194009440491],[77.87572316238645,33.17755758787121],[78.10851037195374,33.57874528852149],[77.43069992010534,34.287775179652556],[75.10400679851392,35.423075833260434],[74.40187679947677,34.4959269360962]],[[44.428875970404384,37.88549496236599],[44.387220827560284,37.915238650806444],[44.36982323855588,37.901607536632696],[44.428875970404384,37.88549496236599]],[[34.38093419026675,40.71082003664058],[34.39264630218518,40.44043510815834],[35.27153088739761,40.74522827846853],[34.80675374199409,40.7677322428739],[34.38093419026675,40.71082003664058]],[[34.587550719485215,39.4191108770461],[35.3544148717173,39.95438250720009],[36.18220910146932,40.21766274173036],[34.314719361753234,39.641993371810244],[34.587550719485215,39.4191108770461]],[[34.353847115989005,38.53807984106379],[34.59797196975447,38.28042506801684],[34.766474362983985,38.19641533402908],[34.71741952500885,38.41968073387595],[34.353847115989005,38.53807984106379]],[[34.35191360155856,37.62326359430107],[33.33067608872198,38.62276757355485],[32.42555989928942,37.41785417473411],[33.167909379426554,36.689130576016794],[34.35191360155856,37.62326359430107]],[[32.34673224363047,38.52785065603154],[32.18857137998721,38.49578618165729],[32.3761906841447,38.512403862745785],[32.34673224363047,38.52785065603154]],[[31.294561705496502,40.26188972104324],[31.297659670752036,40.21489282224658],[31.33582902543733,40.27168188819947],[31.294561705496502,40.26188972104324]],[[37.98227103524639,39.18028014028652],[36.20445712351773,38.78727002268091],[35.3961205768693,37.671718856540394],[36.46875183379111,38.35247948798716],[37.59796892573009,38.42150143555463],[37.98227103524639,39.18028014028652]],[[36.413724271739355,40.17458535571224],[36.47195387228633,40.190796169010966],[36.37044003295515,40.19907587921552],[36.413724271739355,40.17458535571224]],[[43.33169398926824,37.94542013086365],[43.3094645278817,37.915856855075255],[43.33529696824681,37.94649762842659],[43.33169398926824,37.94542013086365]],[[38.729133201263075,39.58660425766773],[38.83828331377139,39.62104615972163],[38.69121261775971,39.6543224325363],[38.729133201263075,39.58660425766773]],[[41.48568631272082,39.517505310681514],[41.498016218830145,39.52140437490012],[41.47677184743171,39.523695963039806],[41.48568631272082,39.517505310681514]],[[39.16231166578117,38.93672997907392],[38.437183896026426,38.433919229706156],[39.41222500729992,38.860652348487456],[39.16231166578117,38.93672997907392]],[[57.7251000027621,35.732105333357566],[56.66985953189989,36.160006424725815],[55.59803522143959,36.0356828215562],[55.34292498707217,35.915547242616995],[55.645747959450574,35.750388375263924],[55.625071586219285,35.362039245407104],[54.79568475753848,34.993502028279075],[52.864261481144936,34.55744371686753],[52.63849641710768,34.276179283505755],[51.37420882294207,34.74195918374893],[50.440554736365435,34.2396902257006],[48.72609025891637,35.47024383425325],[48.69349686760821,36.02581233727124],[47.883878068932184,36.39434627915314],[46.79214250475824,37.46049626975427],[45.93025880557411,37.92009922499853],[44.925540039858475,37.68757620497655],[45.62935547442758,36.36729830963065],[47.206509306739505,35.14238299575782],[48.34461109480039,34.64867936337374],[50.6221200521784,32.669722971046106],[53.61992591076099,30.710082115095496],[52.78491155390461,32.87567280937296],[52.40176932073008,32.5716706537639],[52.02525851706462,32.66904710776455],[51.05897772734887,33.758833307780954],[50.933004365331406,34.327439488727975],[51.406288488727974,34.47236063466859],[52.2938705630227,33.61849364711223],[53.10313225252647,33.51112664343954],[53.39234853025429,33.22803617532361],[54.306401306019346,33.638485057446005],[53.8689516970623,33.79616104284498],[54.01627704284498,34.2687023029377],[57.7251000027621,35.732105333357566]],[[58.83634766801405,34.7612569394363],[57.47920458728028,34.38599349006486],[57.92337667076695,32.44912420657182],[57.93680690053456,30.4048637377024],[58.723868519269516,29.27232209174608],[58.55956029106186,28.899639616917522],[59.13243078144006,28.31569624315322],[58.82532124315322,27.927516218559937],[58.08451198756885,28.382893661630686],[58.1483,27.58137150104121],[58.74169836871098,27.20018409917367],[60.0538408545637,27.13098634637299],[59.88059726776455,28.526832018618936],[59.46534462658471,28.580100626584706],[59.33384030221813,29.218374082553854],[59.59400732614477,30.122738605922997],[59.59850538309675,31.732207572591822],[59.907285718170876,32.283879351888764],[59.628918688981,32.639541450408984],[58.67195115098747,32.959189376951365],[57.90855586790891,34.16822352601613],[58.25741052601612,34.51936513209109],[59.42037736671126,34.38064771303443],[58.83634766801405,34.7612569394363]],[[58.26696810799527,26.468196935537353],[57.70216714344647,27.023878627288276],[57.577625848087415,26.9867267724695],[57.75348706371714,26.659162463766997],[58.26696810799527,26.468196935537353]],[[47.12501826665292,34.41009341532265],[47.129739189387536,34.42172126948972],[47.099032241298765,34.43356650672538],[47.12501826665292,34.41009341532265]],[[51.84210924181479,29.501747798947523],[51.64880836423085,28.960542312306334],[52.04254670412454,28.681453258751493],[51.88312004219954,29.08556793520162],[51.84210924181479,29.501747798947523]],[[53.69527200591227,28.144888522220253],[54.50291191070558,28.109796085570636],[54.26682381918213,28.45598290093086],[53.642637086375125,28.46833447849532],[53.69527200591227,28.144888522220253]],[[55.34842696653427,28.913674162360977],[57.11301852296882,28.267462138480074],[57.29836446578701,27.777372807070158],[57.38926284849438,28.567095833692072],[57.651949848410695,28.821058837147625],[57.451413834706536,29.560744270009973],[57.32583008531366,29.680761682212143],[57.18347725020923,29.183443283368685],[56.411581076802506,29.143142333822095],[55.82696509615469,29.85509643105126],[55.50887988106411,29.44550774121067],[54.80347782339012,29.94674503116562],[55.34842696653427,28.913674162360977]],[[55.90520854268349,27.68255102834571],[55.626724829853124,27.891632996654348],[55.03617406577219,27.913616535109544],[55.10621912056109,27.41311911093164],[55.90520854268349,27.68255102834571]],[[53.63177998593622,28.033338283991952],[53.28086897422899,27.92057278816685],[52.21747182888756,28.224896778766926],[53.405580190498874,27.524077335063197],[53.63177998593622,28.033338283991952]],[[54.733820354822534,27.995873044268762],[54.6573833006022,28.026350671326316],[54.780827727737716,27.971750043214595],[54.733820354822534,27.995873044268762]],[[48.51895640336366,31.858321397290304],[49.073276929275345,31.511689992191357],[48.251835476084544,32.21712277722643],[48.51895640336366,31.858321397290304]],[[50.506304531950235,31.08502274547908],[51.20136325437998,30.61422282104481],[50.86177056140165,31.330789224255643],[50.544689431618615,31.35572968247039],[50.506304531950235,31.08502274547908]],[[53.52516074560708,32.8364738479829],[54.08909791875654,31.494984269664634],[54.910413745728675,30.7237461790183],[54.346003179263775,32.39144724112657],[54.61086053928545,32.67621581016624],[54.93667456618785,32.57642873923201],[55.30965809061924,33.33019636615969],[53.52516074560708,32.8364738479829]],[[55.654228952904276,31.70676277822136],[55.66522018952152,31.70184427914677],[55.65912558026667,31.710581683565227],[55.654228952904276,31.70676277822136]],[[56.591728546183994,31.618378041133745],[56.617985105818235,31.441954562357196],[56.8046832473833,31.211563446409503],[56.79169476121626,31.38657617534538],[56.591728546183994,31.618378041133745]],[[57.16490199627099,32.7705750220384],[56.618736906273966,33.37436009729817],[56.274997492165774,32.30472982177081],[56.59217789039422,31.813482139423133],[57.12713719389722,32.00640656017307],[57.16490199627099,32.7705750220384]],[[57.185348950598346,29.808095888359933],[56.72130360022662,30.28800647193616],[56.517438302533925,30.16119128549452],[56.622064170125014,29.828407025785204],[57.185348950598346,29.808095888359933]],[[53.91614160387861,29.37687942921798],[53.54157578855097,29.97311611175693],[52.15040956958751,30.71480968063405],[53.91614160387861,29.37687942921798]],[[50.92628135112595,29.970180068725586],[50.920593209099756,29.95468510730864],[50.983795908308096,29.935263270461324],[50.92628135112595,29.970180068725586]],[[51.12188683829943,29.86455432927807],[51.1064567880628,29.882948243282428],[51.07769996643764,29.892533467915843],[51.12188683829943,29.86455432927807]],[[56.75908944146988,34.6792622244708],[55.17727100378575,34.01834987441109],[55.53372831183932,33.869894634865204],[55.512344337057506,33.45916262418058],[55.834182540367955,33.36688344966386],[56.75908944146988,34.6792622244708]],[[54.34149295715502,33.648835697062296],[54.69076459628831,33.75877228895412],[54.86475167306406,33.87298821596189],[54.652796331387904,33.812162468531085],[54.34149295715502,33.648835697062296]],[[47.280082157031764,33.42064247308442],[48.249320086584106,33.04464887676557],[48.52304455180143,32.86426999313457],[47.533237700216475,33.52369369415471],[46.707816667076415,33.84365123648595],[46.285889000235336,34.2247771129569],[46.146925369051665,34.07374481303143],[46.908617091880025,33.20860858013338],[47.280082157031764,33.42064247308442]],[[46.54389776315631,38.38626075062052],[47.601861567679265,38.03120375156552],[48.02078902578613,38.528692569573806],[48.41060515739742,38.60187785386538],[47.861092502427546,38.96574717879054],[47.285259612627016,38.9278441118883],[46.54389776315631,38.38626075062052]],[[50.018419287119,37.52148432731515],[52.711680205946415,36.6653258382162],[55.74495634992865,37.73174232096335],[57.019537973894636,37.689189132655784],[57.758471746248816,37.334736070210695],[56.829392539491856,37.898019997192726],[56.697884218517835,38.28722798379908],[55.52803589350117,38.862819995748985],[53.72001107671067,39.43770319075126],[52.71196843674723,39.21487299378845],[49.637846022365274,40.20352455617205],[50.850304481383844,39.03059706365845],[50.47258506365844,38.710709518616156],[49.55382399614531,39.238126579309075],[49.28453654350899,37.7466519632892],[49.541439734097345,37.358857099154676],[50.018419287119,37.52148432731515]],[[53.73210011055005,35.45305609118915],[54.88963325855611,35.818213392368385],[54.40804175685469,35.83870583741807],[53.73210011055005,35.45305609118915]],[[49.91814252742899,36.0260577253575],[49.910971458775286,36.00296129832515],[49.97716006352365,36.013841762953554],[49.91814252742899,36.0260577253575]],[[48.68664428415185,39.60932202961534],[48.3432710008645,40.197735839616335],[47.80144069285111,40.25566505327496],[48.68664428415185,39.60932202961534]],[[46.95902375972373,39.605025194625924],[46.95464618930703,39.54521166413866],[47.04249071851152,39.584829963327195],[46.95902375972373,39.605025194625924]],[[47.37087048876275,39.703066931124155],[47.333126930508534,39.65900728797714],[47.421897988901975,39.666431896745664],[47.37087048876275,39.703066931124155]],[[68.56107774418695,34.5602381512814],[64.77946718912398,33.96909746403383],[64.52933365212886,33.71222711175545],[62.74986149388521,33.2295204113018],[62.43008157476346,33.607330950231685],[62.96127974254672,34.002167028749135],[61.39457713079786,33.6846110361357],[61.071435331259636,33.90099480738888],[61.09752663367059,34.207437437786446],[60.661029992886064,34.30695439540466],[60.24969338415561,33.863003725787884],[60.82057374543321,32.675415875600855],[60.61597444127864,31.77131908570778],[61.328601110605696,29.398825209062736],[61.888934486925386,28.921046611980564],[61.91664432559125,28.26050283477074],[62.7924523745025,27.5551950651901],[63.98665065549307,27.767776753434],[65.22592612494263,28.279663968551844],[63.91499475822236,28.10049009633541],[63.57071354695987,28.456116933865466],[63.791986960076265,28.775930372792562],[65.63654854559975,29.565240653222617],[66.24851709995939,31.124388706423247],[65.49045982300451,31.334464885072794],[65.34214228344365,31.806695662827284],[65.68167383009428,32.0909546321162],[66.07552724515202,31.944045235808446],[66.3608546264678,32.51633214220406],[66.95299084405943,32.561680378626114],[67.77824209212886,33.219656067218736],[68.56107774418695,34.5602381512814]],[[69.03371763975572,33.868232004734836],[69.45794688823369,34.231859531069624],[69.35257973436887,34.54305660009859],[69.03371763975572,33.868232004734836]],[[69.59829112841868,33.43624566203829],[67.7923623784741,31.785652541563554],[68.2507019440739,31.519893643577614],[68.64669247105601,31.598056353936567],[69.32875406038447,32.993501076645096],[69.67398776189249,33.17254367049814],[69.91326807654505,33.034422307483226],[70.21045809958662,33.472992448764],[69.69610269277999,33.77760597292511],[69.59829112841868,33.43624566203829]],[[61.17842997954465,28.173289565060816],[61.202495043258715,28.596066837786402],[60.707628299517715,29.03759081201173],[60.52899021857799,29.700292709033352],[60.267402067220395,29.472442449052647],[60.63360651226917,28.40529118123114],[61.17842997954465,28.173289565060816]],[[66.69859537955631,27.981072448511608],[66.88555730532354,28.726499313119767],[66.71863252715649,29.116473350719165],[66.33939168685347,28.253313063850108],[66.69859537955631,27.981072448511608]],[[67.55917986516366,25.453046300187342],[67.36340704433348,25.381487046931003],[67.34021626578291,25.21994653705543],[67.55917986516366,25.453046300187342]],[[67.45818572631457,31.70061210313464],[67.44643799225757,31.703504927992142],[67.44814576663056,31.697277568283695],[67.45818572631457,31.70061210313464]],[[59.66426062022132,33.43808552531425],[59.342823444253604,33.672086308963905],[59.329257982258454,33.37316278866085],[59.66426062022132,33.43808552531425]],[[63.082589526455784,34.04872444704649],[63.08230029546864,34.047227872922186],[63.092388737730374,34.050786243654755],[63.082589526455784,34.04872444704649]],[[72.35340456734328,32.92517915847791],[72.00400686534167,32.984473396628864],[71.96379167993952,32.98406814789828],[72.10029693426038,32.773360673651624],[72.35340456734328,32.92517915847791]],[[72.83603532045093,33.093094197908535],[72.84613062751123,33.09929816739525],[72.8248937638128,33.09334567699623],[72.83603532045093,33.093094197908535]],[[70.057890867992,34.40137686334589],[70.04373704858284,34.42748064565499],[70.04008024726221,34.40655813483092],[70.057890867992,34.40137686334589]],[[72.48751975027206,34.22087111353181],[72.95647286374714,34.50855113012998],[72.14269803361299,34.274800643328284],[72.48751975027206,34.22087111353181]],[[71.59225048764151,34.117568882024145],[71.55722545229683,34.11667354556875],[71.57820478216516,34.09786301642579],[71.59225048764151,34.117568882024145]],[[66.4441172290501,39.86095372035572],[66.64915321192623,39.84065982150156],[66.43025161567031,39.928096850341966],[66.4441172290501,39.86095372035572]],[[78.1084924317765,34.538258378261425],[79.91279975563882,34.981843218210365],[79.34332920642886,35.298332318870514],[79.38194098002334,35.77072870456952],[76.98463309819387,36.08978533799341],[78.1084924317765,34.538258378261425]],[[80.20819918685842,35.6179016488977],[81.03596068137266,35.32879370054345],[81.18107679561275,35.54666807621488],[80.20819918685842,35.6179016488977]],[[82.51187520441542,34.326254723257975],[82.49461114095475,34.35218669831724],[82.51642128929466,34.31413183024668],[82.51187520441542,34.326254723257975]],[[82.9453690019836,33.488689563807995],[82.47228743382539,33.342507434087615],[82.57245541642264,32.963827834015184],[83.5608375123364,32.550698939315204],[83.29346396920297,33.22779940837285],[82.9453690019836,33.488689563807995]],[[82.77275601834837,30.778832198121655],[82.20205971210541,29.862866450439615],[83.4413912628837,29.031125723187767],[83.73503468223225,30.255270279247554],[82.96240193945759,30.066907946756515],[82.77275601834837,30.778832198121655]],[[78.5912119838689,32.40294402514533],[78.58647327243678,32.39922189158232],[78.5900904221399,32.400395021215765],[78.5912119838689,32.40294402514533]],[[78.69727222581848,32.54023224911184],[78.76458932836415,32.924957120769086],[78.61127068965718,33.098008054640246],[78.69727222581848,32.54023224911184]],[[78.87786012129031,33.941338673566726],[80.63626252209285,31.761126203848665],[81.95259596616647,31.107108644512042],[82.09343095014373,32.0140965134135],[81.22105496217728,32.819785088716074],[80.533714015325,33.0277011756053],[80.4550543696808,33.47296935509079],[79.90355068594448,33.39297526157778],[79.39234969918041,34.02591364929406],[78.87786012129031,33.941338673566726]],[[80.18531751983771,34.120548251032375],[81.51444956297989,34.1520038570112],[81.15573551103954,34.638342819107415],[80.59972966851393,34.53845092159005],[80.18531751983771,34.120548251032375]],[[99.29446310311548,39.53793314742348],[99.31547688256317,39.52479953526866],[99.30349088794176,39.537165650841295],[99.29446310311548,39.53793314742348]],[[97.26565419493524,38.84228762344275],[96.10668974316938,39.2874684050299],[97.23706630180573,38.415646033693065],[97.26565419493524,38.84228762344275]],[[98.54040819500085,37.88259903274172],[98.92682583529782,37.224922701748305],[100.52423491941423,36.73380982436299],[100.12475689213792,37.466328751043356],[98.54040819500085,37.88259903274172]],[[98.60352288204555,36.476904594784024],[96.8252212231774,36.35817832688143],[95.77638563806057,36.754527483687504],[95.12242924751276,37.17053730731915],[95.10070629062152,37.670494642647824],[94.26356004138144,38.229165722310256],[94.22056677180169,37.73839281870326],[93.44024970437192,37.5394925160029],[93.64434919464662,37.328760240941634],[93.54886154726532,36.951765985987876],[92.65718204816426,36.957248814518735],[93.29680331041435,36.68909455391805],[93.27310519583753,36.300918101211224],[92.98722123278485,36.169268923739615],[96.09832642178542,36.09813154136167],[99.08107921526133,35.45974222206689],[98.60352288204555,36.476904594784024]],[[99.70374075113602,35.12547541039032],[100.43524070690984,35.01451515204173],[99.80060885063509,35.40090116755897],[99.70374075113602,35.12547541039032]],[[101.74484600527565,34.45582634871882],[101.49643505958709,35.02859503538806],[101.44512990563778,35.06639883303491],[101.44641740929603,34.57536750071154],[101.74484600527565,34.45582634871882]],[[102.43442964987011,34.24318620260137],[102.13094380898599,34.5362142889368],[101.74749000595763,34.45476423451261],[102.43442964987011,34.24318620260137]],[[103.35782817040159,33.328330814082555],[100.09763737710547,34.137027799260316],[100.9358013311757,33.23700808744746],[100.84044067069958,32.85998169115124],[100.45562075508141,32.803801698145],[99.25504481275209,33.94406480930046],[97.46484117336368,34.52623664895836],[97.46882376206713,35.05996551339201],[95.83924430409525,35.41028763556154],[97.00693379256118,34.91322279940859],[97.34154763845218,34.322171319170046],[98.84526405025984,33.39670122489387],[100.88914107152897,31.634196356340365],[102.21214512954694,32.80125343561533],[103.35782817040159,33.328330814082555]],[[97.37038028688568,33.471703171252024],[96.46440332070799,34.41227569403133],[95.01037031382546,35.10786325299276],[94.27219920896327,35.271289737834145],[95.76937586304017,34.59376117526414],[96.41251071486064,33.961465710922816],[96.41507422967337,33.622626304187605],[98.72733906931623,32.56049282712355],[97.37038028688568,33.471703171252024]],[[97.98844659940038,32.07363063921667],[98.33929243660809,31.55799357544171],[98.68981961106556,31.528298209559942],[101.11766646405073,29.637315162955662],[101.06194820270602,29.252428121834146],[100.6850364875882,29.156615189108418],[99.55414066367716,30.024819682337295],[99.31562708057596,29.42470415603124],[99.77062664983865,29.47295839274594],[99.90679729290356,29.108678122846737],[99.48689347704287,28.53565525453255],[100.40648899437052,27.487787232333996],[101.37529560406476,28.097750072307765],[101.91021746888973,29.176168533433838],[101.26954009681886,28.51697324368904],[100.88812847138763,28.95661242860703],[101.61469315307373,30.03948237336789],[100.58202972883689,30.97892667972799],[100.11166943651163,30.861675958719474],[97.98844659940038,32.07363063921667]],[[98.38638861093865,30.201457327751438],[97.35638935148447,31.805574449543254],[97.65674258094758,32.21967148437588],[96.09324463885028,33.046765840480205],[96.03982815018854,33.443256672252765],[95.34722516924053,34.033847562587525],[93.1087117347063,35.04218540566755],[90.5584499315473,34.95332455964102],[90.14523581987388,35.304670009411716],[90.13844262616638,34.13679958635979],[90.97861221821282,34.43735691092078],[91.33923972763256,34.291787825877755],[91.54432187993615,33.61886322511379],[91.20090908256158,33.17777128663762],[91.49730422022509,33.276683592939285],[91.83560314347946,33.97977751573901],[92.20365648379631,34.105393190525895],[92.4605581502604,33.81342728012105],[92.24229673586285,33.22876903774228],[92.71107914629765,33.43746501965206],[93.54643818615443,33.0061926405846],[93.31914305223096,32.37077032168732],[92.78525511845355,32.08673428913417],[92.32432753913407,32.15329602319298],[91.52859089937809,31.43470784697703],[92.2802538699298,31.01837933273523],[92.66930009925522,31.173830158400712],[94.92264916643225,30.567417324655175],[95.76723150850117,30.194666478399558],[96.68273696412855,29.390237782702034],[96.79328875910474,30.06950086686142],[97.24824233763852,30.264480971947325],[97.46822958537898,29.94378147100894],[97.16906264910797,28.848879240127772],[98.1952035070616,27.824373622553352],[98.26394894768362,28.175629580438997],[97.62002649677103,28.44475548019292],[97.48703473436247,28.810208281799394],[97.7737753537508,29.072929381567466],[98.45913312215963,28.862591945399927],[98.8215032224789,30.074310971931517],[98.38638861093865,30.201457327751438]],[[98.96070406825446,27.995160470100732],[98.96249768790544,28.002772894105554],[98.95875208987215,28.003700375523323],[98.96070406825446,27.995160470100732]],[[98.60574170023955,26.1401475726141],[98.62975858444996,26.15555024799274],[98.61725368492726,26.226914178184355],[98.60574170023955,26.1401475726141]],[[99.19538633672678,22.840898928124723],[99.23738247747931,22.56414444679968],[99.45909852584333,22.66328323802031],[99.19538633672678,22.840898928124723]],[[99.2267044004236,21.78657067169663],[99.56125380174136,21.80628541169299],[99.94986908754899,22.046592102655147],[99.89992915208144,22.098169413056063],[99.2267044004236,21.78657067169663]],[[98.10099837322383,21.475378611048395],[98.1165666200407,21.686572417825076],[97.67105653914528,21.635916272790343],[97.73702537354717,21.22708661955886],[98.13535783637894,21.02593920132778],[98.25227824386992,20.352835801486886],[98.91599343014963,20.75178316127634],[98.7050593130265,21.180694444830515],[98.10099837322383,21.475378611048395]],[[98.35217061494805,19.590080732065324],[98.10454915900755,18.59262898345062],[98.35334435321587,17.844847850972503],[98.88672517081272,17.395299977945097],[99.12118821201034,18.071574510139147],[98.40404047391164,18.292780737892542],[98.38734493278426,18.697286591906966],[98.69773668241668,19.040200695885694],[98.62602749389141,19.749712350460722],[98.35217061494805,19.590080732065324]],[[83.13558139422189,46.32522112426144],[83.5827459375823,46.49102860735867],[83.88250834502807,46.16986796761985],[85.36341599409926,46.65338586447651],[84.62793110591655,46.821544434162824],[84.24915887418473,46.51929853220992],[82.96824772324308,46.61912679924387],[83.13558139422189,46.32522112426144]],[[92.92836964698714,40.195011723656904],[91.05309951120698,39.604686919440105],[91.96457890448879,39.623069394250955],[92.92836964698714,40.195011723656904]],[[92.39993979656035,37.015335774558324],[92.18750321557964,37.30433708999677],[92.1127198523267,37.320032363765904],[92.0843210351349,37.08038085516875],[92.39993979656035,37.015335774558324]],[[91.86102501771353,36.41167188990863],[91.91709328477748,36.27256752532471],[92.85794960135492,36.186752669836665],[91.86102501771353,36.41167188990863]],[[92.259874018792,30.690110350810983],[90.74783442992138,29.9000801467408],[90.20721208617424,28.64058970030698],[90.2786408092616,28.164180549397486],[89.09257461572773,27.238298260491295],[89.71867961799846,27.065825316918524],[93.51759261755682,27.3390676108862],[94.07114807179279,27.850206042508514],[95.48656205759488,28.622496428060778],[95.9873155069682,28.499917113462846],[96.24409734125389,28.838927911915523],[94.66384277140003,29.916641379644048],[92.259874018792,30.690110350810983]],[[82.80793373235792,42.892513632129045],[79.79601122476377,42.60057989745827],[77.55464114491734,41.82088036251936],[76.02524231793124,41.985484485025204],[75.62059890798159,42.385410362364965],[72.55717247140512,42.236145255697224],[73.90502603312476,41.60790985999591],[74.8433354873384,41.75118893071208],[75.08912069733003,41.436719603320796],[75.72269293195558,41.59063358367324],[76.02573390689247,41.34302075517056],[76.82565418080668,41.57264348505295],[76.88807561673447,41.08162050765096],[75.66362199183091,40.289709340537556],[75.90222405187602,40.15383493634221],[77.1415792582455,40.38922565452881],[77.87606884342422,40.88148944756172],[78.29532363013782,40.70276262588555],[79.20830465664766,41.27450698128303],[79.03451595642642,41.60838718656727],[79.28037595897442,41.909709967348356],[82.94058138468824,42.66399189591949],[82.80793373235792,42.892513632129045]],[[82.98986544318696,35.84876738087198],[81.87850048767955,35.157563894021145],[83.9678865734423,35.72979269601723],[85.45247704311916,35.814853651713186],[85.69487327266806,36.23625979338609],[87.85579285334876,36.04487012953078],[87.73597414842548,36.829802170527074],[87.93594589997349,37.142140210325586],[86.40826343536706,37.293976102204724],[85.84932545189112,37.0811494406216],[85.85351640749074,36.74020243709519],[85.30753944779316,36.48178622927219],[85.14883423462538,36.10665487436298],[82.98986544318696,35.84876738087198]],[[72.01183430071944,41.53524699776183],[72.311777763585,41.57953946869771],[71.85658120226319,41.72999580149741],[72.01183430071944,41.53524699776183]],[[73.19736653697949,40.06247653181473],[74.47964121514123,40.12486677825399],[74.83297392596744,39.74513034175228],[75.07385935874457,39.88655130891763],[73.63424784116665,40.93807620200776],[73.12373143549527,40.53309190126637],[73.19736653697949,40.06247653181473]],[[69.20707267594089,36.418299501884256],[69.20575828181727,36.36475749595933],[69.26188852721423,36.407395951137545],[69.20707267594089,36.418299501884256]],[[69.91155846178536,37.218109305523924],[69.77966544239013,36.94071110646691],[69.4726749827581,36.482173453380504],[69.89867497755539,36.72464541306475],[69.91155846178536,37.218109305523924]],[[79.63995827165981,41.22237701702124],[79.71502599525817,41.3016508170765],[79.55440632027236,41.26155507898409],[79.63995827165981,41.22237701702124]],[[71.49782592384652,40.60864838861611],[71.63145917280414,40.543122490755835],[71.68058376895046,40.652183037704226],[71.49782592384652,40.60864838861611]],[[80.03418464765518,44.45883574015264],[79.62685904369037,43.74983713021458],[80.61616800264375,43.84231109747568],[80.38701311121636,44.1749211152531],[80.57841050582331,44.51346150635618],[81.12374659768055,44.33355708340815],[81.19326542939588,44.85374822498489],[82.24684262322997,44.896941064072536],[81.5709927369344,45.46317990628477],[80.83811330369952,45.590509835819375],[80.57176510769601,45.18406558891308],[79.47493869736405,45.03584748709345],[79.25840012091312,44.786841912943046],[79.76223179069545,44.7770680475563],[80.03418464765518,44.45883574015264]],[[81.95980603533954,44.21715676797644],[82.13702723337774,44.196566333300346],[82.0438390274823,44.227015336451196],[81.95980603533954,44.21715676797644]],[[78.4105210343603,43.81158846578352],[78.41538184326357,43.81005661274718],[78.43034719017405,43.82265422716794],[78.4105210343603,43.81158846578352]],[[84.34489035731102,28.168002777075447],[86.79597075570175,27.067398443474083],[88.77639706010545,27.266450693240834],[88.72915088105457,27.805304724385373],[87.57723943905965,27.641086282465242],[87.02748971080605,28.00547171034591],[87.08496415186019,28.435787266444294],[87.77533087411373,29.341247945003513],[88.25656803592842,30.819926373932606],[87.1371626866887,31.28879337165324],[86.94639870384476,30.49615496470154],[87.30764925564687,30.114115195119318],[86.97111826255107,29.51577599687131],[86.54980119492464,29.429003854407693],[87.00974424271179,28.507724359989954],[86.83062967032157,27.978178156779464],[86.33567574139343,27.982717786566095],[85.97421630997361,29.037475351346764],[85.81260496143126,28.359390833765215],[85.1047024315846,28.303035804211508],[85.03082424820269,29.013800820512277],[85.4310507212929,29.46242653559311],[84.98110867915543,29.67798011624449],[84.33049952333181,29.640560690051483],[83.87019153154132,28.339898016697585],[83.51829274120222,28.183698212106005],[84.34489035731102,28.168002777075447]],[[88.21299377447541,28.619845951365424],[89.51063762463592,28.72254912247095],[89.88453747656264,29.327529399300133],[89.6020628362566,30.056446002251935],[90.02385489204693,30.664161364877213],[90.82300530817133,30.998389499262473],[89.50721287099304,31.578713753850494],[89.65311288322,31.93920750622732],[90.42189716075532,32.22667754610867],[88.3189758318323,31.59796603463462],[89.39391043724498,30.633722805575463],[89.17784963857277,30.310364969196517],[88.84687258972671,30.317569031723636],[88.21299377447541,28.619845951365424]],[[83.76713542642604,34.91096007510427],[83.79183493244695,34.499032522692836],[84.12476320212663,34.96180058992714],[83.76713542642604,34.91096007510427]],[[84.89410761537515,35.15919816964222],[85.38695191610769,34.46311009997055],[86.02332631296633,35.28873341662033],[86.45970484308995,35.4623963313929],[85.52296571387225,35.676142972825936],[85.39373683235567,35.31489765853107],[84.89410761537515,35.15919816964222]],[[86.78512954276998,34.42140125678466],[87.09698727598585,33.71562574909524],[87.65537235520158,33.94880483870164],[87.1843318541451,34.21799026288686],[87.09744692656297,34.52470612939264],[86.78512954276998,34.42140125678466]],[[88.11032125905308,34.410190309745126],[87.83764767554652,34.046307532824734],[88.84270000192413,33.689861149952264],[89.34011345220671,35.033293976460065],[87.84258823328837,34.99007103019628],[88.11032125905308,34.410190309745126]],[[83.98586614870587,31.63902735873227],[85.06234406695182,30.5190650971892],[85.98415713256638,30.29462654176579],[86.10935672088215,31.4928898067433],[85.3682106570252,31.976184391947818],[85.49556410132998,31.244952771231603],[85.08659954961702,30.890083352430704],[84.78857778917326,31.1399344868539],[84.67393516659843,31.749345978083564],[84.8115147296547,32.47180119027575],[86.28719804287746,33.14410912674558],[86.56945791883798,33.71296636594912],[86.1775378556397,34.31656553592841],[86.03225394642547,33.94709828887218],[85.63458331683441,33.85380704155509],[84.8950721363915,33.01704161299434],[83.97008347080217,33.508446794234246],[84.18590726453061,32.73985801617494],[83.81904172731417,32.40981604424934],[84.06483611961605,32.05157001879342],[83.98586614870587,31.63902735873227]],[[82.92099511599362,31.11186730497304],[83.13293482693852,31.555409589780314],[83.28645874685338,31.80718200445791],[82.68876566838576,31.453259416802837],[82.92099511599362,31.11186730497304]],[[88.95864071569645,32.55682991114671],[90.02581668419826,32.89725204262874],[90.97908746503398,33.067598704780465],[90.02103712271447,33.07872148861072],[89.90762732518627,33.92572324220745],[89.64196050303305,33.21756457975501],[89.16285809334558,33.26141270990492],[88.83381800916474,32.764114572013625],[88.95864071569645,32.55682991114671]],[[91.68742702515901,32.61676079948333],[91.68540842459991,32.622253239108026],[91.67880695285484,32.61749425654137],[91.68742702515901,32.61676079948333]],[[83.27696244884491,34.12150124187183],[83.13919634985373,34.175030684740996],[83.27482590313208,34.11724804663643],[83.27696244884491,34.12150124187183]],[[84.61277576680384,34.14113240071047],[84.63736633479066,33.98820950600745],[84.73887314308881,34.03812897886426],[84.61277576680384,34.14113240071047]],[[90.68022368039834,37.955856513071474],[90.58041683806351,38.0263358250279],[90.49491746101474,38.021306449907385],[90.68022368039834,37.955856513071474]],[[79.79139468329755,48.86151398828367],[81.28775248043706,47.71223552458272],[81.85711027462877,47.658139483538974],[81.26811121059738,48.14482109361752],[79.79139468329755,48.86151398828367]],[[92.25330102633886,20.478104979818742],[91.8332523733826,22.012226724683636],[91.52551262658477,22.130512626584647],[91.20787774667811,22.804210031829374],[91.15732143879472,24.22336319344361],[90.86873627231859,23.3277583474808],[91.04095035112466,21.881272112254205],[91.74757025625138,20.759157923524754],[93.52670060381698,18.874917632805968],[93.70967547487135,18.13152392560802],[94.21013554475367,17.764344476203778],[94.24767917787483,17.30277183312343],[94.28444157881084,18.424577364979594],[93.84862597545234,19.242922598908034],[92.78744557537871,20.418582416213685],[92.25330102633886,20.478104979818742]],[[92.56837836086146,25.516431928678774],[93.59142977516362,26.100676797173787],[93.6869042092918,26.301937286174716],[93.21592695036324,26.1765909864844],[92.56837836086146,25.516431928678774]],[[91.79731673465223,24.791044453666935],[91.39057530605275,24.43671861585084],[92.17349587868321,24.48392709581058],[92.37454681262639,24.71189268736173],[91.79731673465223,24.791044453666935]],[[94.3448850997437,25.127351371575372],[94.16681759513818,24.810277774877044],[94.12731940625862,24.69651704813757],[95.38795876104474,26.35933496349392],[95.76792769379219,26.442197314518456],[95.96571238614824,25.98845596146628],[94.93166199422764,24.202768322905914],[95.60183304171493,24.77897356156922],[96.21134580956314,25.866742434089748],[95.78113472290869,26.663079921433148],[95.95616132555993,26.99220978150616],[94.52458131667679,26.304691144744243],[94.19894481971524,25.617658688172003],[94.3448850997437,25.127351371575372]],[[96.40533994525327,23.461042840275667],[97.12901455241746,24.038500000000003],[97.019,24.291],[97.35872046301098,25.29030302707576],[96.66218340698444,24.44434636054972],[96.40533994525327,23.461042840275667]],[[93.69699044399856,21.145540446661112],[93.5598868553091,23.09803463775618],[93.71721939253558,23.600015805593983],[93.38411451617537,23.579255632928916],[93.36794309318299,22.83537017527878],[93.36794309318299,22.05534039584038],[93.69699044399856,21.145540446661112]],[[94.49435783637895,20.756939201327782],[94.57421346575669,20.621709759527473],[94.39883454694863,20.965142657500436],[94.49435783637895,20.756939201327782]],[[94.69890602913259,20.381570478150554],[94.99947377337226,19.47291852104377],[95.32897238281237,19.459748488429977],[96.0014901582879,18.6391739245756],[95.7714373777363,19.372312488885118],[95.54494816859183,23.848034764957642],[95.19234949654617,22.710094844179643],[94.7917580544783,22.408073042464874],[94.77175030835848,21.777661096454395],[95.08104951684997,21.440524758424985],[95.24248947783992,20.676137251454737],[94.69890602913259,20.381570478150554]],[[96.44279327016004,21.493740213716595],[96.41989958400671,22.10154769254051],[96.37321730722806,22.28256599488363],[96.44279327016004,21.493740213716595]],[[98.02054416835013,16.14702548632888],[97.79293424427574,17.203743955662713],[97.13162503042214,18.010628499407424],[97.44740246081118,16.4017395501023],[98.02054416835013,16.14702548632888]],[[97.72379507817246,18.566857569091486],[97.72022147555438,18.65224831647231],[97.71051563127988,18.665520130182614],[97.72379507817246,18.566857569091486]],[[96.76968286241181,19.638245772817363],[96.81616174825105,19.28568086867429],[97.00588246742129,19.107046318398993],[96.93199363558072,19.31547749848902],[96.76968286241181,19.638245772817363]],[[98.54737143100823,23.78029517879964],[98.50454500794076,23.75861233934255],[98.56129003363051,23.78114345248407],[98.54737143100823,23.78029517879964]],[[96.5309308724176,22.83848484346901],[96.36110712252177,22.97102880476536],[96.35531089868522,22.715697713709154],[96.5309308724176,22.83848484346901]],[[97.4431987464714,22.324170076352477],[98.4606762311826,22.543203422181985],[97.5056767015015,22.38421370984524],[97.4431987464714,22.324170076352477]],[[97.22064064729837,22.219796763508178],[97.12100884421463,22.124015964064984],[97.29325601330262,22.249151967482625],[97.22064064729837,22.219796763508178]],[[99.1174424733992,22.79029765775056],[99.11863461374945,22.787317306874932],[99.11899743907342,22.787498719536924],[99.1174424733992,22.79029765775056]],[[96.9970818993221,27.641976101866444],[97.39661265303833,27.363508019958662],[96.71392857331823,28.28998428386841],[96.68392948145663,27.573643924437413],[96.9970818993221,27.641976101866444]],[[97.90233716970512,26.337997690982185],[97.74421485865874,26.501365166617592],[97.65723154725994,25.88075711570115],[97.90233716970512,26.337997690982185]],[[94.12875481989863,26.916333800818492],[95.06232637322064,27.42363070327344],[94.44579322220685,27.210401330797254],[94.12875481989863,26.916333800818492]],[[95.58913534222766,27.80436375692422],[95.55246445732416,27.745162163722924],[95.5909230061664,27.75696088175793],[95.58913534222766,27.80436375692422]],[[96.55805260800086,27.24584644696206],[96.46418838316305,27.171940890623492],[96.58260625703775,27.1678575156623],[96.55805260800086,27.24584644696206]],[[95.21790107454399,38.93443865407388],[94.97706744322393,39.09628604675465],[94.51587952713014,38.79778731397727],[94.93285273875752,38.74576163073348],[95.21790107454399,38.93443865407388]],[[94.47317828943636,40.44380308706295],[94.53863825331864,40.46016807803352],[94.47821479406306,40.469123305675055],[94.47317828943636,40.44380308706295]],[[105.04362045088155,39.90817041775736],[102.35000002484131,38.92429569529102],[102.00910966515711,39.185774591224806],[101.3242397259402,39.12904907977798],[102.28458486410655,38.69951239036946],[102.89019568295986,37.74259330817363],[105.40501256796676,37.83824604681627],[105.58564329423623,38.724581293049084],[106.29883466440994,39.39653751984505],[106.62588024226945,40.31999127355817],[105.0011289100193,38.99412196965985],[104.18556645778128,38.883496027401776],[103.94421198384202,39.18843959100013],[104.13358074231786,39.52811889914809],[105.04362045088155,39.90817041775736]],[[104.89221554613127,36.485324739726764],[103.66827252826904,36.751984942461185],[103.7092901430486,36.31817992800292],[104.52099409907188,35.7595410332131],[104.4228564205194,35.38322792539079],[104.15917210551372,35.29819061360375],[106.08694214490589,34.91452296165658],[105.8406714613375,35.9110149518352],[104.89221554613127,36.485324739726764]],[[103.95308383884456,35.39386857941455],[102.80880685354744,36.81661390856126],[101.77014227223907,36.87026574390073],[101.02816564189659,37.25840558940972],[101.3930953245431,36.84725073598014],[102.80587972755156,36.49440005881061],[103.21094234057405,35.6466847962929],[103.95308383884456,35.39386857941455]],[[104.09122264146966,34.5650965233992],[103.19280860724331,34.436914837726356],[104.81617249768235,33.805277443294266],[105.8670464045276,34.23122896462171],[104.09122264146966,34.5650965233992]],[[105.10492744149798,33.0969083444925],[104.06582424207072,33.368393712642735],[104.07769245306649,33.010131921466446],[104.44497156619866,32.69881776952445],[105.10492744149798,33.0969083444925]],[[104.41838005598734,32.06886845022856],[103.31894876809118,32.365360152712256],[102.38427329025653,31.92251807051889],[101.38270580710766,31.212746404081702],[102.38856797966363,30.166003196365804],[104.41838005598734,32.06886845022856]],[[105.03146586351902,19.568380657598784],[102.93829332538115,20.712205264395003],[102.92409583538343,20.241008163752685],[105.03146586351902,19.568380657598784]],[[99.40609244288301,27.60197581083265],[99.42401894985346,27.521114917505642],[99.45090593981952,27.49363045965048],[99.40609244288301,27.60197581083265]],[[99.56581729107194,27.356205689739426],[99.54516692137065,27.376721091150227],[99.57165380870148,27.344808802263262],[99.56581729107194,27.356205689739426]],[[101.04813471463872,26.002098845203413],[101.53141067763552,25.9720313238322],[101.60725939786614,27.08972760732493],[100.96542762988106,27.065494159721343],[101.04813471463872,26.002098845203413]],[[101.52763200096969,22.075761216323578],[101.59941576398596,22.244915622437752],[101.30372129799437,22.210219888439752],[101.52763200096969,22.075761216323578]],[[102.1897953813123,21.411819796512564],[102.09427843425308,21.388520257459902],[101.98534619237823,21.338509769513323],[102.1897953813123,21.411819796512564]],[[100.59362749525563,18.944286531799012],[100.55571408696433,19.501627948161275],[100.09480355058326,19.438814051298742],[100.25472852724877,18.637370693341413],[100.59362749525563,18.944286531799012]],[[100.4734256441744,18.195638405192856],[100.47215581285421,18.188017331842687],[100.47987065654993,18.1912459543234],[100.4734256441744,18.195638405192856]],[[101.27461205531029,19.323099800933846],[101.28026888490562,19.410401774746838],[101.25068733550779,19.39836858094375],[101.27461205531029,19.323099800933846]],[[100.03072927381822,25.25310466337956],[100.06758384615307,25.261378846988283],[100.04199434704368,25.274800842997095],[100.03072927381822,25.25310466337956]],[[102.68812379354259,26.54237043334384],[102.63148633215661,26.6513246859197],[102.60255721746422,26.501078366724702],[102.68812379354259,26.54237043334384]],[[99.59917860349772,36.197557424194954],[99.53555701543335,36.232066282650464],[99.56713875667974,36.16890280015769],[99.59917860349772,36.197557424194954]],[[100.54190683243158,35.714515152041734],[101.0005793722567,35.73999751884977],[100.73788398843995,36.03892091318112],[100.17498766210208,36.03881544632401],[100.54190683243158,35.714515152041734]],[[102.71487490159625,35.142569727662035],[102.09353276825517,35.43262190358451],[102.22870259611761,34.91031892283896],[102.71487490159625,35.142569727662035]],[[100.96690835772448,37.403535448610825],[100.98920906612068,37.350927456877535],[100.94315346126498,37.45579622082172],[100.96690835772448,37.403535448610825]],[[104.42367035195463,18.862355607117422],[104.42767841836773,18.868367096153495],[104.3921138728861,18.882592914346148],[104.42367035195463,18.862355607117422]],[[105.44367783757527,21.9447612532591],[104.95247184185602,22.492124247948016],[104.67239140801242,22.56329941173204],[105.44367783757527,21.9447612532591]],[[108.68338039877706,34.387048748101094],[108.61275199913595,34.387048748101094],[108.75749683738906,34.3806038403957],[108.68338039877706,34.387048748101094]],[[110.7525796387926,35.331865858171085],[110.77216538658082,35.239016839552455],[110.90190683252582,35.328775336078195],[110.7525796387926,35.331865858171085]],[[141.5202741005634,33.9624907948282],[139.74006061517107,34.41461571509476],[139.59458475911396,34.814591394703434],[139.3862498585246,34.75037727764712],[139.08350714987114,34.33465496396012],[138.80348597756307,34.312668166082815],[138.31030464674768,33.49937031385431],[137.22723743067652,32.763867857303744],[133.7229098047626,31.243248660051375],[132.07534638519996,29.230078620968744],[131.59430341017494,28.24826380653041],[130.9369642490747,27.87520606282973],[129.62204456872877,25.958981371438078],[126.59635987851814,23.455259077336247],[125.53554384269812,23.030298670983274],[122.99966985665543,23.119152478730406],[121.87998292932062,23.710581412544666],[121.11971522005922,22.07136596333193],[121.16822488249501,21.596615853955917],[120.77276141670852,21.472305772331055],[120.78144146217848,19.85576201116606],[119.60567872938837,18.05222586112098],[119.41199999999999,14.773521476319456],[119.49191600087494,14.149004483925621],[119.7476146842486,13.847631886074886],[119.7814627111787,13.825663214750062],[119.73072780695198,14.104672682621707],[120.01991418434515,14.36469921626927],[120.70023422217075,14.109096580621474],[120.8981783206714,15.177940345355564],[120.8040199319341,15.329491811220317],[120.09721186955855,14.861714905796894],[119.74580460261426,15.17850841601938],[119.56100605098236,15.882061158478708],[120.18565160820577,16.654440468468398],[120.16600636080277,17.918258637548213],[120.71222851939653,19.381136411000128],[121.34042552925753,20.199433647702477],[121.64730749565238,20.005873366039907],[122.04541494323598,20.205123853247247],[122.59829998681056,19.629173152323332],[122.72890183170693,19.063437050493505],[122.33098604902459,18.431054266170165],[122.52873692748834,18.072374140486573],[122.10182887756817,17.723624791282038],[122.26960891948598,17.395583551973086],[122.67265959990317,17.55752602166406],[122.91564762316071,17.25388251420186],[122.28129824668451,15.95207475118535],[123.98321154321641,15.38410997182008],[124.3581511824949,15.548163293269734],[125.37779940640178,14.591499629001124],[126.47223959829697,12.365570431706788],[127.63845389770663,8.565853304969995],[127.74517620070668,6.253541508643671],[129.53488801574545,2.817448658052658],[129.55970806529115,1.2745138147354889],[131.19572599686188,0.6046792606787912],[132.22821347630924,0.41624118289254575],[132.44243113873475,4.161181144699661],[133.2061604421309,6.2318935557746995],[134.421979591501,7.325700698093848],[136.05910285874214,7.326447390026316],[137.279387621025,8.126077785304759],[137.98026239416572,9.320774051598043],[138.62396792592403,11.415562175050598],[140.75339260683702,11.213424917998974],[142.7357318289546,11.724762127268969],[142.82391161900077,12.40881448157712],[143.56626508898296,13.722865337972957],[143.74435620219606,14.731177360585598],[144.14434414405682,15.17696669920978],[144.13539132340398,15.673053488741077],[144.44534171422558,15.896021520682801],[144.4542934126226,17.69443143842407],[143.99870216931566,19.437153223243204],[143.1938594820139,20.350299833519575],[142.82716106297758,21.777001115949368],[142.2209990083375,22.574946409311124],[142.34984290626636,22.94188211081351],[142.7381537157308,22.963266084336276],[143.43334770041193,22.133460654801052],[143.66076498679195,20.97805666979906],[144.57035604702753,19.87042842679827],[145.313292873321,17.603190931413387],[145.09609873632076,17.208617206966526],[145.12431659671256,15.523891085112728],[144.83518927113101,15.293450835213973],[144.815142856391,14.714038054184574],[144.38286561832436,14.349829531582758],[144.09964560272266,13.147616995339655],[143.44077501862387,11.861416511441139],[145.1642314650029,12.622599132993525],[146.48297716133135,13.603329412519425],[147.3404461865071,15.728094667424585],[147.46900657939597,18.584004835507148],[146.5095646403472,21.16730872699154],[143.50278086151212,23.85373353129131],[143.03298578674364,23.383359985997746],[142.56835998599774,23.55401421325636],[143.0580722583692,24.404097683674294],[142.75128677205382,24.848396448297727],[142.82936745032484,27.865547508628755],[141.87600927106172,30.67355066658777],[141.5202741005634,33.9624907948282]],[[140.44007651634922,8.341809072189337],[138.56638937548257,8.926783965243473],[137.81779753008522,7.673272949203506],[136.35523157071094,6.684309524188168],[134.69527453504517,6.6195103352834685],[133.70377730917494,5.733139338825659],[133.13281965916588,4.038735589581681],[133.01188060721202,0.8337783992833846],[135.0907080115568,0.7359289812106259],[137.02051336163694,-0.07633789155911337],[138.825545444005,-0.5045099392986743],[140.12964612289346,-1.316330752051057],[142.18023638789398,-2.0700994528958567],[143.03029876585808,-0.8959217104082875],[144.93006995290685,-0.19947734694731806],[146.59801712927046,0.05998699537406427],[148.82535552539747,-0.05933392549223462],[148.3501373251686,1.4771964924740817],[148.3377440596249,3.023719384651805],[146.14919808626996,5.619529987306137],[144.96055462956198,6.169175935975511],[143.46566477640715,6.467399338738707],[140.44007651634922,8.341809072189337]],[[121.15182298548069,-11.840492212697612],[121.07973813502797,-11.843],[121.37023611237984,-11.814204748687462],[121.15182298548069,-11.840492212697612]],[[128.8701765781086,2.582786060298083],[127.79476464246905,4.663967408499045],[127.92292240700394,2.476378244028721],[127.122,0.172705044298992],[127.46504590807321,-0.8594012253113759],[130.35990229419428,-0.6353397962761339],[131.41736117642392,-0.1472926444856383],[128.93597227591655,0.8258379806662026],[128.8701765781086,2.582786060298083]],[[132.88953731685595,-0.4136827952331232],[132.37539392484908,-0.37599181293826983],[132.08589571179758,-0.26934459363332],[132.10343394126792,-0.3323219875753099],[132.381699550034,-0.3779968981050929],[132.88953731685595,-0.4136827952331232]],[[133.8966071730937,-0.5358481479341423],[134.22933041087268,-0.8213580047205028],[134.61708830476167,-0.9460249655058389],[134.2720014968138,-0.5868484828211991],[133.8966071730937,-0.5358481479341423]],[[133.59116836888327,-1.167201947128543],[133.6374234686394,-1.2600000000000002],[133.64632949474804,-1.2600000000000002],[133.59116836888327,-1.167201947128543]],[[130.4354497545641,-1.3317425396797533],[129.10297000621395,-2.0391251998036606],[130.2273274862329,-2.190334066175285],[131.65055990921812,-2.8362834147127933],[131.84800536877574,-2.419665129002335],[132.67738183078248,-2.3212705566647798],[133.0981554138736,-2.681847563195181],[133.45737327954112,-3.5883240411854813],[134.01506035569952,-2.933442265089664],[133.7816978027122,-2.374712466654066],[133.4702873091965,-2.4553425034315945],[132.57636102391817,-1.855131794327466],[131.7074736473908,-1.6413725221433744],[131.31367907682505,-1.1524258501772149],[130.4354497545641,-1.3317425396797533]],[[124.63447062090124,14.422023043144232],[121.68748446708649,15.566404152584536],[122.27986823289136,14.459487488377011],[123.75627225282427,13.484184884059987],[123.89656598291462,14.10901046567727],[124.52007836348069,14.210595307056959],[124.46191731591625,13.490729572334542],[123.8750767813577,12.783941064543324],[124.39806964682047,12.83408460833697],[124.68478056953963,12.568437561784409],[124.87700832604311,12.1597810426745],[124.63983428681873,11.812539472652563],[125.70012378944722,10.011781209002143],[125.9800305956846,9.03749492347323],[126.68783602926753,8.740415568659817],[125.8848748737604,10.940934256489255],[125.84641801790411,11.87048350234952],[124.63447062090124,14.422023043144232]],[[123.63921661181381,11.815312426368225],[122.5115513888062,12.667907246671046],[122.35990484214766,12.071537877256603],[122.95783776270608,10.68577642875929],[123.54887417989133,11.070125163871001],[124.1934573046758,10.77696071141695],[124.45072797776989,10.187459979286436],[124.76737046132163,10.180253894445702],[123.63921661181381,11.815312426368225]],[[124.68728391230397,9.297633081187847],[124.0279526757666,9.243432453194886],[123.70913717198624,9.472526479122655],[123.0968378803821,8.683510731569854],[123.89821715371502,8.188657276457016],[124.52831811958589,8.440459260011812],[124.75458682339969,8.113351265991351],[124.7835306700649,8.974563452256783],[125.19198335748284,9.231596821815211],[125.0949327939212,9.629758104653137],[124.68728391230397,9.297633081187847]],[[120.93349454932746,12.629615931037486],[120.91713006725095,12.741707829711702],[120.91089310751936,12.752977094228894],[120.93349454932746,12.629615931037486]],[[120.89239434014017,12.803236800712451],[120.71813786167797,13.207822925118029],[120.55175681455098,13.225356940305439],[120.89239434014017,12.803236800712451]],[[121.68724737851583,13.112492011863754],[121.73863585332016,12.763677177569724],[121.78846111374158,12.624248335927422],[121.87642469869031,12.967430527004623],[121.68724737851583,13.112492011863754]],[[121.29555377599506,18.594680815097888],[121.3886600164076,18.597649192082006],[121.30338081681084,18.6308968865357],[121.29555377599506,18.594680815097888]],[[121.45960451558064,13.865594173104538],[121.19581264481448,13.85291739593543],[121.62082275114963,13.720931755288992],[121.45960451558064,13.865594173104538]],[[121.56053909788861,16.369807256634022],[121.93473140655962,16.685474866502066],[121.936280065721,16.75380126659639],[121.56053909788861,16.369807256634022]],[[121.63793922296485,19.656757815316954],[121.58837466023483,19.538312693479266],[121.65698275790363,19.529127390420882],[121.63793922296485,19.656757815316954]],[[120.88404560855368,23.270388823409814],[120.97667227236138,23.450860819552787],[120.84007456634696,23.298865547475394],[120.88404560855368,23.270388823409814]],[[121.17070281062355,23.878645941910758],[121.34572393718001,24.22703016066351],[121.27855863185958,24.265898833851093],[121.17070281062355,23.878645941910758]],[[120.09299553179761,21.639430226350786],[120.35031729204098,22.123859001135408],[120.08693088548172,22.515509609288404],[119.88244463333389,21.986336022483364],[120.09299553179761,21.639430226350786]],[[126.12281656895998,-0.8597681602112155],[125.71256041467889,-0.5120894414884634],[125.37991360896551,-0.775895753289825],[124.67348686614336,-0.5658383222853564],[124.64608360278307,-0.7321344689209015],[126.12281656895998,-0.8597681602112155]],[[125.07649471957868,0.01712376413491919],[125.65072574423286,0.3743585591483486],[125.76484992302836,0.9032426105949185],[125.07649471957868,0.01712376413491919]],[[127.03556320181468,1.9685435532753146],[127.04978959622638,1.9872500829437305],[127.04863709352516,1.987304294743265],[127.03556320181468,1.9685435532753146]],[[126.47310106817993,-0.3122193630294372],[126.66461867612202,1.2574895966063815],[126.87042661891189,1.731576259423777],[126.47991030002574,0.8983719088158041],[126.31176738392824,-0.3143608164088975],[126.47310106817993,-0.3122193630294372]],[[138.43892516833526,-1.2070384402919183],[134.70683040618474,-0.029652365645276138],[135.20497611027884,-0.5524706084079598],[135.30252930332657,-1.0988932925370845],[137.18913701740286,-1.4206314264691955],[137.51194933802415,-1.16114433805661],[138.53472654918144,-1.4559065784693952],[138.43892516833526,-1.2070384402919183]],[[138.353447687967,-2.1350577290016677],[136.79790351717782,-2.6133382175365436],[136.3737326595784,-3.016136132633928],[136.3186413650578,-3.9807337256477275],[139.98180355976044,-4.577952310771057],[137.42316612272282,-3.771757218767029],[137.1034044388965,-2.7429809275149797],[138.36477845531377,-2.4],[138.353447687967,-2.1350577290016677]],[[133.51735783637895,-4.281060798672218],[133.93348825343767,-4.2109569137047265],[133.58986271627433,-3.8495996868369997],[133.60994307167522,-4.140283857234804],[133.51735783637895,-4.281060798672218]],[[132.4340746310188,-3.001],[132.0273169866652,-3.083989754852522],[132.9471914481977,-4.167059052483937],[132.6370414584483,-3.7155025883490036],[132.4340746310188,-3.001]],[[135.64498801214455,-2.9203150471166515],[136.46177482808568,-1.9771590420915646],[134.4933439487043,-1.6410380086593472],[134.44512765767917,-2.0958849524713195],[134.80820947318375,-2.259750586917172],[135.05534945046628,-2.95797441318488],[135.604,-3.471206995077539],[135.64498801214455,-2.9203150471166515]],[[133.67686597882866,34.38387537593438],[134.37740597283542,34.578385083223274],[134.3937713066246,34.676012287491176],[133.8088477942635,34.77806178517696],[133.67686597882866,34.38387537593438]],[[138.4448352147646,36.39653709140617],[138.5035580041544,36.35639853139419],[138.51279393371473,36.43593152849992],[138.4448352147646,36.39653709140617]],[[140.72206736013828,38.79658616323711],[140.7560070820918,38.66276282564401],[140.79972858494114,38.848394293958734],[140.72206736013828,38.79658616323711]],[[140.82830523017662,38.826524663185126],[140.8257615143492,38.83079486841329],[140.8222261516322,38.83328502258648],[140.82830523017662,38.826524663185126]],[[140.4582577634341,40.25704455316864],[140.45829941483387,40.25711402233919],[140.4572621512792,40.257677360226154],[140.4582577634341,40.25704455316864]],[[160.92950989409138,56.124271509534374],[160.9275469593681,56.12611874622966],[160.92921921361247,56.12407985234258],[160.92950989409138,56.124271509534374]],[[166.82568124591995,-45.88375779562432],[166.74223121954225,-45.96916327100854],[166.84538725121115,-45.90267778796546],[166.82568124591995,-45.88375779562432]],[[166.39712544003555,-46.19522624665902],[166.1841681925873,-46.412596998066505],[166.20170578536283,-46.46059957101048],[166.39712544003555,-46.19522624665902]],[[166.25443711648,-46.712422457136526],[166.20575070332362,-46.595501748743295],[166.18266782575688,-46.711384700537096],[166.25443711648,-46.712422457136526]],[[169.70428459554424,-46.06841972802732],[169.72129970167896,-46.04502496900511],[169.68972023452426,-46.06803850568349],[169.70428459554424,-46.06841972802732]],[[174.24737782202533,-41.02075478031946],[174.4831678906473,-40.605873722336455],[174.0225592209774,-41.06755797710038],[174.24737782202533,-41.02075478031946]]]}},{"type":"Feature","properties":{"id":1,"type":"seismic_zone"},"geometry":{"type":"Polygon","coordinates":[[[-180.34887549030006,-37.13439822986665],[-178.13960569367381,-33.07101926648705],[-177.85702676975777,-31.81304889657273],[-176.48940082667295,-29.363533350269407],[-175.75295340850636,-26.81264435179518],[-175.4928791837289,-24.17780087741786],[-175.90016656803587,-24.133623140200694],[-176.03030655577246,-23.767145115399106],[-175.19921562188588,-23.427547231616586],[-174.27544880685522,-21.77932898610746],[-173.3865660634062,-19.671112634829523],[-172.66082333999108,-16.697217771925196],[-172.73548250219523,-15.54806449661164],[-173.67396037623112,-14.905254906209908],[-174.01771211063823,-15.562681071965118],[-174.4208510228505,-15.638592072585872],[-174.21800788226156,-16.05434894038745],[-174.27758736485987,-16.81675294358893],[-174.76975294358894,-16.869412635140154],[-175.2126537405178,-15.808666879297416],[-174.9358774478591,-15.145935460117437],[-174.37486339482575,-14.710212644402215],[-175.97467765225184,-14.881518569301775],[-176.26768991579925,-15.72516921984077],[-176.55105140532623,-15.936611190008115],[-176.92650452715026,-15.830333737077371],[-177.51537630160973,-16.423876941850935],[-177.89988029387007,-16.365573948733758],[-177.99315865936123,-15.98802699059232],[-177.45123512324358,-15.42505178596776],[-176.98379935069337,-15.487246019157936],[-176.60489655728716,-15.100636047688198],[-176.69490622551055,-14.606351387015371],[-176.49527118968996,-14.317427556586898],[-174.02457360326926,-14.033911089478288],[-172.80092505083607,-14.545386398898652],[-172.101733270005,-15.24631132292747],[-171.95010121845988,-16.049416809177913],[-172.10023212940737,-17.737291918256343],[-172.8917263811146,-20.330670934390792],[-174.7678472872179,-24.17532100408314],[-175.06612588255234,-26.962014635639708],[-175.83400155512905,-29.61301386103398],[-177.30158645450814,-32.284039870719255],[-177.47393164618876,-33.28876533929055],[-178.36435473173867,-35.23640008290254],[-179.6884091344937,-37.32184069654142],[-180.02803377013336,-37.51130749030007],[-180.34887549030006,-37.13439822986665]]]}},{"type":"Feature","properties":{"id":2,"type":"seismic_zone"},"geometry":{"type":"Polygon","coordinates":[[[-179.56472759560813,-30.266888616095702],[-179.1378886160957,-30.016272404391863],[-178.88727240439187,-30.4431113839043],[-179.68318856427555,-32.45346828241275],[-180.0162008641748,-32.65432984465494],[-180.34962484465493,-32.2885041358252],[-179.56472759560813,-30.266888616095702]]]}},{"type":"Feature","properties":{"id":3,"type":"seismic_zone"},"geometry":{"type":"Polygon","coordinates":[[[-178.48827156387568,-28.424677190687937],[-178.37910219908454,-28.797939308859146],[-178.63210219908456,-29.602939308859145],[-179.07093930885915,-29.83189780091544],[-179.31463987912053,-29.528825876902633],[-179.04689780091545,-28.588060691140857],[-178.48827156387568,-28.424677190687937]]]}},{"type":"Feature","properties":{"id":4,"type":"seismic_zone"},"geometry":{"type":"Polygon","coordinates":[[[-177.83376577049552,-25.62838217543413],[-177.44538217543413,-25.935234229504502],[-177.68024262177127,-26.86236492126831],[-178.22806490600334,-28.226867116968897],[-178.60735544605396,-28.312781290995385],[-178.80878129099537,-27.860644553946027],[-178.12975737822873,-25.88063507873169],[-177.83376577049552,-25.62838217543413]]]}},{"type":"Feature","properties":{"id":5,"type":"seismic_zone"},"geometry":{"type":"Polygon","coordinates":[[[-177.45076659809143,-23.38464254684535],[-176.38764729141076,-19.629899402243584],[-176.85662861768617,-19.383927030706555],[-176.9344113859478,-18.878489162310153],[-176.658369427079,-18.135999868833036],[-176.8588191602058,-17.44874331745421],[-176.54134619267592,-17.22412480985005],[-175.95594569356624,-18.01814623800869],[-176.2209224514764,-18.949212375742505],[-175.75866842557033,-19.114055157597463],[-175.63460401999103,-19.4483811586431],[-176.43838597581802,-22.898215060671028],[-177.13135745315466,-23.762766598091435],[-177.45076659809143,-23.38464254684535]]]}},{"type":"Feature","properties":{"id":6,"type":"seismic_zone"},"geometry":{"type":"Polygon","coordinates":[[[-180.3441247116872,-15.426567651470325],[-180.19069037465636,-15.069215635538601],[-179.70417738734758,-15.141295344038456],[-178.9428393228945,-13.705879564174316],[-178.4528795641743,-13.776160677105485],[-178.71929038109695,-15.045234267809493],[-178.47146009717935,-15.296175655976107],[-178.607009063959,-15.660687708829673],[-179.81169127700383,-15.884368191056868],[-180.3441247116872,-15.426567651470325]]]}},{"type":"Feature","properties":{"id":7,"type":"seismic_zone"},"geometry":{"type":"Polygon","coordinates":[[[-177.10968415536516,50.845667759791155],[-170.23209560801675,51.78146519590038],[-162.49621121766913,53.706964547054575],[-156.22475753466045,54.866229821995255],[-153.25519296158453,55.95434652668713],[-154.2030968455082,56.12405786977572],[-154.25660492536707,56.61613193471901],[-153.66944849052143,57.14986548453526],[-151.04836721208008,58.36825543691195],[-150.5979685504459,58.79215417263892],[-150.13130205101734,58.68191983052774],[-148.82934411010353,59.23382974122668],[-148.32169017495374,58.80348267587837],[-148.55123002439345,58.409698246898316],[-149.6996974022692,57.86154204901149],[-150.30542929227482,57.984373443810156],[-151.59093762851887,57.38216560425094],[-151.24500828747014,56.9258547768358],[-151.5324732961471,56.59143808599301],[-148.41795759170807,57.65859681603794],[-145.873403324321,59.60272179096683],[-145.42627820903317,59.39040332432102],[-145.52135440491827,59.013305093025025],[-146.52018861237397,58.096130656115],[-148.11652134062314,57.026429030853265],[-156.06117947800988,54.18553461756546],[-162.34160537309816,53.024143172220974],[-171.59229917278353,50.823493106529575],[-177.08173234848456,50.14605612372199],[-180.00362217443214,50.15427774356991],[-180.34998125643008,50.50788117443214],[-179.99637782556786,50.85424025643009],[-177.10968415536516,50.845667759791155]],[[-152.0696394411659,57.02074751834298],[-152.18265774907326,56.97944758490418],[-152.15046906379078,56.947622325036804],[-152.0696394411659,57.02074751834298]]]}},{"type":"Feature","properties":{"id":8,"type":"seismic_zone"},"geometry":{"type":"Polygon","coordinates":[[[-160.66923273337522,59.09001072896485],[-159.11755143170353,61.104920387022005],[-158.4768615082607,61.56389661482695],[-152.44686905289802,63.08068510171492],[-151.49413204803687,63.61185867964539],[-150.27411415099328,63.64196174173921],[-150.30805921631767,64.01404898005477],[-149.87556111167282,64.52056502344216],[-147.9075419335815,64.55856642028148],[-144.6205129912622,64.02038407096222],[-143.6531230179375,64.2207610179669],[-142.86898684194077,63.35612343968738],[-142.86601648011228,63.0525375141409],[-142.7399977306071,63.015144355177384],[-142.70030017322588,63.005569478244695],[-142.59553819525155,62.97503507886957],[-141.72628383803874,62.699008788727255],[-140.56984201434756,62.38198048151346],[-138.37778416831156,61.40907046742635],[-135.05817570327366,59.32020967072551],[-134.19065204624928,56.52033921074451],[-134.35282596927354,55.89643277373471],[-134.75734122135663,55.88725366835865],[-133.8017367750628,54.82293267721604],[-133.74335781666943,54.47905575390052],[-134.06114393673803,54.25488050780431],[-134.37158949459644,54.41028447613606],[-137.16208639272705,58.04139209154872],[-137.79123216775818,58.30666507882819],[-138.20327076888802,58.79812127132462],[-139.78027662520327,59.250167574687865],[-140.22773195988012,59.64635748223069],[-140.86057289531126,59.72632069295512],[-142.2914524320609,59.376610650018485],[-138.15018084505743,58.223194537266984],[-138.06252560709953,57.64780423478702],[-139.23794711344277,57.66690614196246],[-142.29692726450665,58.59095214576515],[-142.6435033202091,56.563963309088265],[-142.912534020987,56.28313410635198],[-143.32989502209523,56.549235205098206],[-142.97135436658704,58.84718238617311],[-143.4964874414731,59.06417555586716],[-144.49886607776625,58.9905305555734],[-144.5642967291438,59.40833913058855],[-144.93461558139126,59.659227010618686],[-144.99743380093722,60.35235330259037],[-146.70417277402373,59.89770227348989],[-146.94141923067883,59.98688287467002],[-147.67973481540483,59.34332904778191],[-148.25598264079613,59.31698311392561],[-148.41222237445615,59.736062862773146],[-147.972830683786,60.21802383400751],[-147.04514277427063,60.33400548289608],[-146.75395635487118,60.68707482983048],[-145.46827172314053,61.08313950000691],[-142.04139265000543,60.85955325261428],[-139.98355285175617,60.47521136964648],[-139.3344302934664,60.6887971185061],[-136.4957585652149,58.37021742663828],[-134.86082189224788,55.99933796239433],[-135.56594920782544,58.82750421270522],[-138.1328750110476,60.48949452790009],[-141.2123196350894,61.85128740376404],[-140.98189680339914,61.347161053001],[-141.41444028334504,61.1762100335646],[-143.56162588938884,62.5139108124071],[-145.95454480894136,63.07760481159618],[-149.75787223442015,63.007004849586544],[-151.14564053954416,62.757538907370446],[-151.01579714408706,62.232959039299274],[-151.6513399345272,61.997044876447234],[-152.0006556070592,62.16798673789159],[-152.01234122888425,62.48269052269587],[-154.26397259005523,62.0229568409732],[-157.67893545491847,60.938666806811895],[-158.69347010123303,60.25060285310927],[-159.7882531817514,58.917157986324646],[-160.44787329716124,58.647291856542374],[-160.66923273337522,59.09001072896485]],[[-147.9568831357888,64.55758105218231],[-147.96083656988392,64.5569322525722],[-147.95967811737847,64.55678102803155],[-147.9568831357888,64.55758105218231]],[[-143.85480390160694,59.996075070223085],[-143.71020303855414,60.10758767437266],[-143.498022351472,60.19227043953243],[-143.96004644400628,60.209086510361],[-143.85480390160694,59.996075070223085]],[[-146.40715131602286,59.98257236726588],[-146.40760699636698,59.982689271297836],[-146.408301829915,59.982626087735596],[-146.40715131602286,59.98257236726588]],[[-142.68077510291377,62.99965597791986],[-142.6799759163985,62.999576715869225],[-142.68327655726998,63.00043636846946],[-142.68077510291377,62.99965597791986]],[[-142.83237245502195,63.04173655438109],[-142.8321359071956,63.04198953707257],[-142.83379056159586,63.04245685364077],[-142.83237245502195,63.04173655438109]],[[-142.86601785277065,63.052535139659064],[-142.86601798665347,63.05253490806293],[-142.8660115429471,63.052532652072486],[-142.86601785277065,63.052535139659064]]]}},{"type":"Feature","properties":{"id":9,"type":"seismic_zone"},"geometry":{"type":"Polygon","coordinates":[[[-159.66295090174341,61.8312818634327],[-159.0076930803412,62.311053222744825],[-157.14896355644922,63.01360547203197],[-154.1047218719291,63.900212077103276],[-153.6617345603943,63.70276856629672],[-153.85598180482918,63.24750160282423],[-155.3069874864359,62.66718864870833],[-155.91672354935054,62.655498617003325],[-158.2390849976545,61.857626158577155],[-159.24651395252877,61.2438965785194],[-159.62304325365096,61.341201483159324],[-159.66295090174341,61.8312818634327]]]}},{"type":"Feature","properties":{"id":10,"type":"seismic_zone"},"geometry":{"type":"Polygon","coordinates":[[[-160.930918705529,64.05112678929851],[-160.02076554355392,64.40672884953804],[-158.8480841443921,64.68093689284672],[-153.37430656300558,65.50700275878525],[-152.86516737715004,65.52246773773744],[-152.64766975198572,65.20007458936357],[-152.9722019258332,64.84991129590351],[-158.72215461593927,63.99266464106858],[-160.8081277190611,63.35837025865136],[-161.22301079793692,63.6283184589834],[-160.930918705529,64.05112678929851]],[[-160.3753696185535,64.22692282216364],[-160.37262002538304,64.22453301957647],[-160.35683684118212,64.23077465583752],[-160.3753696185535,64.22692282216364]]]}},{"type":"Feature","properties":{"id":11,"type":"seismic_zone"},"geometry":{"type":"Polygon","coordinates":[[[-165.8005022799119,65.35988991018634],[-162.3919383653519,65.59310009543667],[-162.10329276715194,65.19100095512448],[-162.6407799805512,64.84214756473625],[-164.2907044159623,64.85484654125293],[-164.96141398812213,64.61992329858627],[-165.4029060461876,64.70952085582582],[-165.82281279734195,64.65243309272857],[-166.11805852483772,64.90555859414249],[-165.8005022799119,65.35988991018634]]]}},{"type":"Feature","properties":{"id":12,"type":"seismic_zone"},"geometry":{"type":"Polygon","coordinates":[[[-154.92543517793337,18.523168959536772],[-155.96917947472042,18.68654524001478],[-156.22605330223226,19.095538042066394],[-156.3077067771522,19.492836711970206],[-155.8101475319379,20.55347697768023],[-155.26467119856565,20.316339867904187],[-155.3154631587428,19.886186560926895],[-155.12904560146194,19.766559543716706],[-154.97066529708005,19.856115532950508],[-154.84550947749983,19.883062697131425],[-154.71103065281017,19.85929380475462],[-154.48809741152309,19.540635164514338],[-154.90198610173354,19.004617852880763],[-154.92543517793337,18.523168959536772]],[[-156.24015094332384,19.267445316676934],[-156.24048069103551,19.26987841638096],[-156.2406243505381,19.265386390007503],[-156.24015094332384,19.267445316676934]],[[-154.90336478338523,19.870473639826464],[-154.90869301609678,19.869082320708323],[-154.90467912871333,19.86997045799513],[-154.90336478338523,19.870473639826464]]]}},{"type":"Feature","properties":{"id":13,"type":"seismic_zone"},"geometry":{"type":"Polygon","coordinates":[[[-154.76022829110482,60.42665668420882],[-152.20995876897922,61.44387555116057],[-149.88090514482718,61.98123093840664],[-147.7711379183794,62.34437727960872],[-147.40059753128767,62.016200769885806],[-147.63967405122025,61.47985384934235],[-148.4341283435424,61.51938249605389],[-151.98206515974528,60.78113038924788],[-154.61072893652198,59.66312203757419],[-155.14931776494038,59.96842073192474],[-154.76022829110482,60.42665668420882]],[[-150.43039132068105,61.127430349394146],[-150.42991020123475,61.127497198678974],[-150.4299302789923,61.12759859904532],[-150.43039132068105,61.127430349394146]],[[-150.24790407904783,61.18016391777458],[-150.24588855762858,61.180752487117736],[-150.24600853217166,61.18112530557068],[-150.24790407904783,61.18016391777458]],[[-149.8600697666581,61.25889342154805],[-149.86355022134023,61.258230586551285],[-149.86404766111903,61.25801691501959],[-149.8600697666581,61.25889342154805]],[[-149.08472188140806,62.10083509274943],[-149.11636869494464,62.09399487713275],[-149.10833972382815,62.092486839078],[-149.08472188140806,62.10083509274943]]]}},{"type":"Feature","properties":{"id":14,"type":"seismic_zone"},"geometry":{"type":"Polygon","coordinates":[[[-149.81890230134823,65.97096509558867],[-150.10099533362373,66.52555158107874],[-149.69800171518725,66.8129470290237],[-149.22011662036766,66.22539098597167],[-149.42860110553747,65.89709724781325],[-149.81890230134823,65.97096509558867]]]}},{"type":"Feature","properties":{"id":15,"type":"seismic_zone"},"geometry":{"type":"Polygon","coordinates":[[[-141.09336603560627,64.38407308738557],[-146.2669736839582,65.48359008424741],[-146.51353268926607,65.91278544407973],[-146.22058851172093,66.16857103380863],[-145.66299055360983,66.12884572833666],[-144.04424808007485,65.63644867826525],[-142.70309721038336,65.5248053012726],[-140.90455967099774,65.05812958107383],[-140.66193460645786,64.62669815192544],[-141.09336603560627,64.38407308738557]],[[-141.91928388427644,65.31502580533109],[-141.91107945201696,65.31276969671526],[-141.9100842239383,65.31270606990994],[-141.91928388427644,65.31502580533109]]]}},{"type":"Feature","properties":{"id":16,"type":"seismic_zone"},"geometry":{"type":"Polygon","coordinates":[[[-145.19008786093457,70.7018933944657],[-142.82309749731021,70.86688587694566],[-142.57315221451924,70.43965367355909],[-142.86406453390273,70.18155954053498],[-144.529587299342,69.8385378981992],[-146.46684828434965,70.29245784422517],[-147.06252271773928,70.73313114226805],[-146.8638804082154,71.06747197426076],[-146.48896462442548,71.10023769239365],[-145.19008786093457,70.7018933944657]]]}},{"type":"Feature","properties":{"id":17,"type":"seismic_zone"},"geometry":{"type":"Polygon","coordinates":[[[-120.75595882847318,34.268302759820465],[-122.86798253751796,37.46452327022306],[-123.52440914843326,37.98804961636242],[-124.43741734087483,39.856498948287765],[-127.5927920960104,40.100271851164884],[-127.99918050031727,40.36593922331669],[-127.89540071627063,41.68903179257193],[-127.52399762429462,41.964562312060565],[-127.14073881393028,42.85355573592623],[-130.79277346035883,44.4319243414938],[-130.3615390994846,46.35744803402734],[-129.78100949851222,46.77911227819989],[-129.40495814121522,47.56617746974201],[-129.38331515792726,48.225756009943375],[-129.42637736412598,48.69190719553861],[-130.820183404305,49.33539653758955],[-130.6667115944203,50.36336982042455],[-131.42305641288144,51.15931691945353],[-131.0363943072446,51.90823835374037],[-129.99854295723742,51.55537355839203],[-127.78252289226734,50.029493531834824],[-127.48004951778078,49.240109608238676],[-126.49042964216447,48.54330858388002],[-125.79968924306067,47.55272585423352],[-125.14582040618518,45.41675244453701],[-123.69673170313106,44.83751830267967],[-123.81787714183986,44.11828158430234],[-125.0147114730213,44.1424916197364],[-125.12559917558063,43.51226649261624],[-125.05026468206928,43.35139682226948],[-124.61164786879398,43.65405070555138],[-124.04130782862997,43.52498938475273],[-124.09312154578613,41.79085487965751],[-122.64787716119525,39.63240865408759],[-122.87686323001415,40.427884320605955],[-121.9688673624036,40.79843010000964],[-121.92182987754734,41.18298848702643],[-122.20175416526692,41.34604966940912],[-122.5896880778993,42.590323613650796],[-122.13530353463904,43.102186833396544],[-122.03890987116928,43.62974994691361],[-121.69935755741672,43.82856389178084],[-122.00717626374913,44.58790024767285],[-121.74510622524672,44.87523603380102],[-121.3793527116307,44.74307353402105],[-121.05648679001729,44.10425980229271],[-120.33921863840229,43.50288564598238],[-120.23013436188019,43.06377222956557],[-119.25188458058818,43.13549168874403],[-119.33505208507319,41.98235341476622],[-118.59557695090486,43.18583835187564],[-117.79335244674475,43.73701703106114],[-117.47400868178505,43.35883776169095],[-118.00956057424571,42.67766695227738],[-117.18081001066699,42.91066593409041],[-116.9165840802559,42.6253113883601],[-117.07910241859562,42.2719980022935],[-117.38868823338768,42.191658994312846],[-117.37713142630389,41.53064090734716],[-116.87831501710089,41.52496397609415],[-116.71080226101036,41.210764066811656],[-116.30740995607998,41.86425521601259],[-115.92028356904234,41.90134590931599],[-115.70193129294694,41.43357434541532],[-115.89604950266838,40.814261553650425],[-115.18162986468741,41.43200552924373],[-114.42129290638836,41.42917583377928],[-114.30420097400395,40.568441691489404],[-113.97176923947994,40.14108401612265],[-114.16247600567866,39.16275525457086],[-114.6484904197659,38.65719700445246],[-114.22120164785997,37.30738007343883],[-114.45089290849106,36.90153748238063],[-114.29441922156195,36.493952633293944],[-114.88254814986516,35.55063904244501],[-115.5099052487628,36.03482001826608],[-115.95989944017091,35.70729463058245],[-115.57663195290152,34.987404082496646],[-115.64877265663917,34.70759059814603],[-115.09659612609526,34.097835344221004],[-115.14472061978381,33.71192526119936],[-115.46104709491897,33.58623830449101],[-115.12854603544505,32.954404598570726],[-114.91254516821839,32.751483108424445],[-114.39525473711797,32.866189923481976],[-114.07398445486857,32.422635551689766],[-114.36654388846245,32.07435966205063],[-114.22786187210453,31.799010817020886],[-114.41150194012263,31.45620054224946],[-115.24061547190273,31.656121130514602],[-114.8227013297743,30.898534586038338],[-114.83634106266798,30.33933112156253],[-115.20933220825383,30.2292395034206],[-115.76714069454441,31.06503382021305],[-116.75667120180464,31.220183510666722],[-117.82246192023946,31.851927140274928],[-119.574423751308,33.61272650466345],[-120.75598368113413,33.769934010357474],[-120.75595882847318,34.268302759820465]],[[-121.45486564441379,42.71728127443362],[-121.21764040595818,41.73721032383119],[-120.72320258849437,41.757324185183734],[-120.7101848770869,42.285549838365924],[-121.31510653799575,43.018502265088074],[-121.45486564441379,42.71728127443362]],[[-120.94859587951194,40.81031657915849],[-120.49917562771283,40.64575339824468],[-120.93141864701892,41.04674770055665],[-120.94859587951194,40.81031657915849]],[[-122.10801955575435,40.05111399500351],[-121.93421989638436,39.217135718550686],[-121.27110541798496,37.976650854177656],[-119.64401190492485,36.220756993778274],[-119.41646841360985,35.379477523193934],[-118.88490019613451,35.52228206003294],[-118.71591102068874,36.91894948599203],[-119.78754683663662,38.3209966597298],[-120.29073991912195,38.54402505422195],[-120.44951821470971,39.075930762444806],[-121.55954051064641,40.27760521109821],[-122.10801955575435,40.05111399500351]],[[-117.00164002904296,37.96422672092282],[-117.5252604018362,37.62434277186789],[-116.94887028556907,37.0517853157618],[-116.48192354276333,37.22023267007685],[-116.2734760585731,36.69971178463855],[-115.88800948901024,36.76898996490465],[-115.55261984323708,36.33505428838671],[-115.38091680996818,36.56396304073508],[-115.45953030886079,37.18382092514043],[-116.41629412469747,37.43050515140549],[-117.00164002904296,37.96422672092282]],[[-126.34173524525197,43.21679058089208],[-126.30535213483869,42.876004888357706],[-127.32951291067656,40.790433135014325],[-125.29502727458079,40.746979863768416],[-125.65865926075664,41.636559748476266],[-125.8763270572467,45.455785033187716],[-126.41048640407273,47.203375037485735],[-126.98920902618238,48.051803679723605],[-128.0612577338966,48.82835406838281],[-128.2679129891018,49.50062041874682],[-129.917424583825,50.53475715541691],[-129.9643502005874,49.649739980918035],[-128.59827768593527,49.00913278439025],[-128.5880260155356,47.72273265912854],[-130.02826338550116,44.78915344036346],[-126.34173524525197,43.21679058089208]],[[-124.78862802954147,41.70804998268415],[-124.94574210099687,41.70128935008099],[-124.72552706577044,41.33679191697897],[-124.78862802954147,41.70804998268415]],[[-116.82471528270284,32.75807678481293],[-116.8232559635775,32.83202606194803],[-116.84049294090191,32.84541206899386],[-116.82471528270284,32.75807678481293]],[[-116.16647672717923,35.87912310580409],[-116.3568190810732,36.32350289687633],[-116.37176837977259,36.4947355438936],[-116.16647672717923,35.87912310580409]],[[-117.74451065323449,34.77793657971967],[-117.92241527475106,34.89678629342326],[-117.96833510097751,34.87051953543574],[-117.74451065323449,34.77793657971967]],[[-115.8727744301719,38.92669669839614],[-115.91625550846729,38.51766100610468],[-115.83629112827724,38.71208584072181],[-115.8727744301719,38.92669669839614]],[[-118.9041853989849,39.64783044419606],[-118.89093138288543,39.41393588929087],[-118.83873491246783,39.68896875652869],[-118.9041853989849,39.64783044419606]],[[-116.36699007635701,39.530272798073696],[-116.49195391093417,39.375963960699636],[-116.58407923697435,39.29807850418307],[-116.33266971944383,39.336984282577944],[-116.36699007635701,39.530272798073696]],[[-116.87145843657319,38.903429071549986],[-116.85479842194505,38.90529827519647],[-116.84369788592927,38.9287339283302],[-116.87145843657319,38.903429071549986]],[[-119.44292033879056,41.53205748492679],[-119.690865161535,41.377449104152866],[-119.63122575275075,41.27975694132962],[-119.44292033879056,41.53205748492679]],[[-119.3472850579919,41.66009707210936],[-119.2978346997356,41.657720619161644],[-119.32467611744194,41.79224746945677],[-119.3472850579919,41.66009707210936]],[[-114.98544841365735,39.63245634974324],[-114.90179523201262,39.49799308478787],[-114.96425860743712,39.669835509690884],[-114.98544841365735,39.63245634974324]]]}},{"type":"Feature","properties":{"id":18,"type":"seismic_zone"},"geometry":{"type":"Polygon","coordinates":[[[-123.33986881240355,44.53488380663702],[-123.22777844503767,45.08529571349431],[-123.49422839318603,45.35181537773522],[-123.72606873070002,45.058147821902175],[-124.29700645093159,45.23322450236195],[-124.3031962045655,45.72816054565437],[-123.65359858535761,45.67927970324805],[-123.38582060269667,46.03989232459256],[-122.42695218048804,46.02276497238539],[-121.46100014181458,45.38843668883919],[-121.62096252426655,45.03395876953978],[-122.29171285464459,45.09769996665692],[-122.38711020809971,44.69884575719795],[-122.96638753843251,44.42646657062942],[-123.33986881240355,44.53488380663702]]]}},{"type":"Feature","properties":{"id":19,"type":"seismic_zone"},"geometry":{"type":"Polygon","coordinates":[[[-122.73947123478885,47.01766961976691],[-123.28566642787878,47.23681849296828],[-123.19159407348063,47.6973337155148],[-123.96285356942744,47.860096712589964],[-123.99323277557511,48.247807510613946],[-123.37917901983704,48.721457095143165],[-122.41585782763644,48.710565473236706],[-122.40378721618409,49.13122675282233],[-121.91832976494103,49.260954097773244],[-121.646039317069,48.983284381980894],[-121.7979006375442,48.625923089236835],[-121.3829307370604,48.4725803856642],[-121.31971460653888,48.08885355585888],[-121.6790634627084,47.89038151099531],[-121.78241464786117,47.273687310496506],[-122.73947123478885,47.01766961976691]]]}},{"type":"Feature","properties":{"id":20,"type":"seismic_zone"},"geometry":{"type":"Polygon","coordinates":[[[-121.40668568271371,39.87708769816165],[-120.60795301622882,38.854809257499845],[-120.79257074250015,38.39555301622881],[-121.17477118527475,38.467423598621416],[-121.74174802167852,39.23291143008604],[-121.7607714103827,39.71625904234535],[-121.40668568271371,39.87708769816165]]]}},{"type":"Feature","properties":{"id":21,"type":"seismic_zone"},"geometry":{"type":"Polygon","coordinates":[[[-117.09125113009861,44.18714930198936],[-117.04028987013642,43.73473017324404],[-117.39691227769309,43.57960758462768],[-118.22429522498759,44.28186186211382],[-117.98585702396761,44.589091065421236],[-117.50781856809627,44.59885523218769],[-117.09125113009861,44.18714930198936]]]}},{"type":"Feature","properties":{"id":22,"type":"seismic_zone"},"geometry":{"type":"Polygon","coordinates":[[[-116.15670256562233,43.74049800260299],[-116.64447981339242,43.65639475321378],[-116.79398192923794,44.34172636189705],[-117.38498761724061,44.663316082073656],[-117.93565640675679,45.47435525019592],[-118.27961146881402,45.34478425630261],[-119.69819088976844,45.951830317121974],[-119.88684235395509,46.23891742922099],[-120.09235815932152,45.968561945697076],[-121.04684605441888,45.89041869195141],[-121.24815289732494,46.34260842535897],[-120.52216499674391,46.65260805793707],[-120.63073173068423,46.991159533490084],[-120.3441248225162,47.25402649463378],[-119.05326303936418,47.0538322549727],[-118.82995459630847,46.80349830439904],[-118.94834056041424,46.44710542311381],[-118.30150977750047,46.193910751471364],[-117.85114814863674,46.64019786747685],[-117.46291158287,46.66288989409864],[-117.29337518236568,46.31288993984923],[-117.59630007971381,45.955309987285844],[-116.8041014222455,45.2719169134095],[-116.3688940464086,45.215859887319276],[-116.0245648802888,44.516326422117416],[-116.15670256562233,43.74049800260299]],[[-119.90294271239583,46.425860303955595],[-119.88321762385772,46.32669920036822],[-119.93174095961228,46.468959276235324],[-119.90294271239583,46.425860303955595]]]}},{"type":"Feature","properties":{"id":23,"type":"seismic_zone"},"geometry":{"type":"Polygon","coordinates":[[[-113.77831176970687,30.306685365335195],[-113.40823980818163,29.821045918821525],[-113.88295408117848,29.38023980818163],[-114.25898238407744,29.978488471062754],[-113.77831176970687,30.306685365335195]]]}},{"type":"Feature","properties":{"id":24,"type":"seismic_zone"},"geometry":{"type":"Polygon","coordinates":[[[-109.27887773081476,30.01687292653486],[-109.61335100875405,30.630794737563054],[-109.48083100289585,31.409938561237844],[-109.13658701549154,31.590876772256216],[-108.79648365981735,31.25139052229121],[-108.81326835727303,30.366108308762275],[-109.27887773081476,30.01687292653486]]]}},{"type":"Feature","properties":{"id":25,"type":"seismic_zone"},"geometry":{"type":"Polygon","coordinates":[[[-107.08204574170433,30.562539148684422],[-108.3422751309256,31.652142238502627],[-108.06699226602841,31.926845539109927],[-107.75328084547692,31.86657453226814],[-107.66028452699368,32.30592891419533],[-107.2788579522506,32.38179937715899],[-106.83056576676707,32.11682014146529],[-106.90896571267542,32.920080484016594],[-107.34342156327635,32.58507456976104],[-107.61392617683151,33.06843734589632],[-107.44151489545159,33.4170301013051],[-106.93190206772353,33.209252655291365],[-106.75397821614254,33.503010520846786],[-107.13523940061552,33.54876732258501],[-107.54186056032664,34.25680099997108],[-107.30941622356441,34.58260617299242],[-106.90702096505832,34.593384446100984],[-107.21411042239176,35.271514252773805],[-107.09849032886228,36.69463037596066],[-106.75306522237818,36.87330341500404],[-105.95361657216515,36.585064048201744],[-105.90233472241667,37.67745904850226],[-106.5906228680472,38.50690162314851],[-106.51773017979043,39.09939346186484],[-106.1723763093731,39.2782041529835],[-105.18161823209428,37.933152921524616],[-105.00254489238415,37.0735571374928],[-105.48796906322072,35.44548607506479],[-106.602113768053,34.273133724256255],[-106.57115739762155,33.747943863109306],[-105.91104852720174,33.77292535538709],[-105.58227023595583,33.042011054195285],[-105.5552292892616,32.437061734556245],[-105.84634319174863,32.17846877634548],[-106.13136373961818,32.243268820954874],[-106.11224052731806,31.83223531680374],[-105.21759379691765,31.342556113837702],[-105.03723176003331,31.943324233066605],[-104.54548236832326,31.88691026535645],[-104.2553629226321,30.483726722076298],[-104.39419696959293,30.012848712428102],[-103.77492993699245,29.55485583825849],[-103.66388556412372,29.14891753388369],[-103.96140573445703,28.89846932104241],[-104.93578759660681,29.21052162315006],[-105.19004815643332,29.567521724858373],[-105.09749866019469,30.070607437701106],[-106.11775873043824,30.889450044391907],[-107.08204574170433,30.562539148684422]]]}},{"type":"Feature","properties":{"id":26,"type":"seismic_zone"},"geometry":{"type":"Polygon","coordinates":[[[-113.72088469158183,35.29404397205778],[-113.56254020618599,36.15086463918187],[-113.84245444121343,36.99657378649405],[-113.50594735803544,37.683553014854546],[-112.8235397094763,38.30669633305582],[-112.15631959997525,38.19506466810897],[-111.98583317575746,37.64168484777075],[-112.75089198711828,35.97170243965359],[-112.09547993153487,34.64400460970695],[-112.57933730071386,34.490856718069935],[-113.28721418445846,35.25517277198239],[-113.72088469158183,35.29404397205778]]]}},{"type":"Feature","properties":{"id":27,"type":"seismic_zone"},"geometry":{"type":"Polygon","coordinates":[[[-110.91283437831594,39.24195173098575],[-111.20084086186493,38.83939457301468],[-111.61694851926072,39.21558095018205],[-111.83851232015262,39.04094916650821],[-112.20430896900048,39.17299223055258],[-112.155786852308,39.891041727498845],[-112.69884864735153,39.94581122884762],[-112.9925883310291,40.264902256257436],[-112.80516011925441,41.002202860232906],[-113.18405084873523,41.573878661406056],[-112.9601577190804,42.05398375791223],[-111.67587745953479,42.477681331013244],[-111.26493951650656,42.83526229462942],[-111.06353644724169,44.039573643062866],[-110.6659991147139,44.743621988154864],[-110.29768789016113,44.86847951071153],[-109.86523021193987,44.47858221709134],[-109.788868667522,43.98316280172236],[-110.39003768785915,43.80801234273951],[-110.29641230793202,42.554055235561506],[-110.64594393140874,41.48793770278825],[-110.40253066592254,41.1482524064401],[-110.53247952863298,40.623275687753264],[-110.87923220136956,40.5087527449786],[-110.91283437831594,39.24195173098575]],[[-111.0638958217616,40.617636982022965],[-110.93785602277106,41.44918159341996],[-111.4200907142885,41.472336812324144],[-111.41266232430779,40.56961415967302],[-111.0638958217616,40.617636982022965]]]}},{"type":"Feature","properties":{"id":28,"type":"seismic_zone"},"geometry":{"type":"Polygon","coordinates":[[[-114.87727293932983,44.51799087509335],[-114.40420160604016,43.88016970094141],[-114.72349428542188,43.501947299577814],[-115.5137247955691,44.27945456337715],[-115.32250498359782,44.61809529125881],[-114.87727293932983,44.51799087509335]]]}},{"type":"Feature","properties":{"id":29,"type":"seismic_zone"},"geometry":{"type":"Polygon","coordinates":[[[-114.47706171983197,44.35717009775395],[-114.39268147307709,44.870378026854475],[-113.67915822194273,45.29197347397579],[-113.12794790573538,45.022506648434806],[-112.96786672651862,45.42035273103972],[-112.58494405769748,45.43853390248461],[-112.37143156690651,45.96035316210314],[-111.91195562694591,45.627048803766385],[-111.4542562956965,45.745267173712726],[-111.23249298973843,45.29796938632824],[-110.58582579906451,45.91622522085065],[-110.16523550473121,45.655258164859596],[-110.29371423439687,45.18190730411635],[-110.77049644369326,44.88343190478232],[-111.09840920208822,44.290381589058704],[-112.40185112447018,44.342272788464506],[-112.56824352701395,43.63116729578603],[-113.24679743142761,43.29811740160064],[-114.47706171983197,44.35717009775395]],[[-111.93095672006795,44.99097807429648],[-111.94280442261291,44.951911409565774],[-111.9208302535369,44.9556763567329],[-111.93095672006795,44.99097807429648]],[[-111.92330716147478,45.09742836103821],[-111.93829357134744,45.125091724239624],[-111.93153495575086,45.05652045308027],[-111.92330716147478,45.09742836103821]],[[-112.00025981196312,45.2544022246999],[-111.96419988982105,45.283703205961864],[-111.96338091746313,45.29263557292682],[-112.00025981196312,45.2544022246999]]]}},{"type":"Feature","properties":{"id":30,"type":"seismic_zone"},"geometry":{"type":"Polygon","coordinates":[[[-111.34232474762494,46.89883541811062],[-111.06959724822394,46.40512851639905],[-111.29500916774354,46.08821839411035],[-112.44393054328413,46.71243825746105],[-112.15977689700405,47.11772421244313],[-111.34232474762494,46.89883541811062]]]}},{"type":"Feature","properties":{"id":31,"type":"seismic_zone"},"geometry":{"type":"Polygon","coordinates":[[[-114.34877158309467,46.82864489058637],[-114.37936753377352,48.21626656775703],[-113.90879032789195,48.36974976978481],[-113.59085738662426,47.167874911693694],[-113.99198811314925,46.67389310660875],[-114.34877158309467,46.82864489058637]]]}},{"type":"Feature","properties":{"id":32,"type":"seismic_zone"},"geometry":{"type":"Polygon","coordinates":[[[-101.22686404489092,19.285226585940443],[-101.94871723353727,19.87190666765247],[-101.56092284933406,20.390904085940882],[-100.00581293603797,20.407554864987997],[-100.02229774645997,20.74481175740769],[-99.70895251711987,21.010874116839048],[-98.69057953547683,20.772074354056198],[-98.9189226553552,20.111212281232675],[-99.58789318359011,20.256258305139582],[-99.36561052622984,19.823921581902532],[-99.62443874973299,19.540972619884663],[-101.22686404489092,19.285226585940443]]]}},{"type":"Feature","properties":{"id":33,"type":"seismic_zone"},"geometry":{"type":"Polygon","coordinates":[[[-103.39795758333841,19.762654340452208],[-103.85140723805982,19.70852012010872],[-104.13637790765,20.26610060844008],[-104.82242272649086,20.65593093122486],[-105.40754958092866,20.385201914375312],[-105.52759859052789,20.865397952774465],[-104.71926189579474,21.31604666171268],[-103.184519965479,21.346388911999707],[-103.05077779026695,20.981210065898097],[-103.39205820293903,20.69224666277396],[-103.1574059978253,20.235975559002483],[-103.39795758333841,19.762654340452208]]]}},{"type":"Feature","properties":{"id":34,"type":"seismic_zone"},"geometry":{"type":"Polygon","coordinates":[[[-102.58511237312548,20.4661357090328],[-102.1072364459356,20.213604114734917],[-102.32859588214738,19.770885242311344],[-102.967466657925,19.983681749295346],[-102.89159619496135,20.36510832403842],[-102.58511237312548,20.4661357090328]]]}},{"type":"Feature","properties":{"id":35,"type":"seismic_zone"},"geometry":{"type":"Polygon","coordinates":[[[-104.68695560344311,23.850563707093695],[-104.95754176101235,24.57552671585699],[-104.31664161591887,24.75556721976755],[-103.88770328480344,24.327980404496632],[-103.89184884389257,23.965631477030065],[-104.38672505815012,23.68429321749001],[-104.68695560344311,23.850563707093695]]]}},{"type":"Feature","properties":{"id":36,"type":"seismic_zone"},"geometry":{"type":"Polygon","coordinates":[[[-104.38780376012815,28.334966588809348],[-103.7534132520202,27.25323491270796],[-104.06925579831977,27.02632954693282],[-104.8074495461041,27.18400623866598],[-105.04903677089173,27.6197593696993],[-104.38780376012815,28.334966588809348]]]}},{"type":"Feature","properties":{"id":37,"type":"seismic_zone"},"geometry":{"type":"Polygon","coordinates":[[[-102.91472605264705,38.26821565545894],[-103.53777429501902,37.80408286603401],[-103.93202550356457,38.10335863277827],[-103.32875677043889,38.76502520258487],[-102.95576264829101,38.654943669557355],[-102.91472605264705,38.26821565545894]]]}},{"type":"Feature","properties":{"id":38,"type":"seismic_zone"},"geometry":{"type":"Polygon","coordinates":[[[-106.25591884466891,40.32571331182335],[-105.90413229752406,40.0991937809014],[-105.77026479353447,39.64101068209747],[-106.09862069095877,39.27062925083143],[-106.81145798811293,39.850953037623526],[-106.64729728420274,40.20350632772626],[-106.25591884466891,40.32571331182335]]]}},{"type":"Feature","properties":{"id":39,"type":"seismic_zone"},"geometry":{"type":"Polygon","coordinates":[[[-80.75713352650254,-5.6147223659815015],[-80.59881767786985,-6.272885493479483],[-81.131716758326,-6.433438462763527],[-81.38436510192327,-5.706277849145241],[-81.1334958667359,-5.485429699432135],[-80.75713352650254,-5.6147223659815015]]]}},{"type":"Feature","properties":{"id":40,"type":"seismic_zone"},"geometry":{"type":"Polygon","coordinates":[[[-99.96900911136707,18.80651197790293],[-100.18308697082185,19.092417534859596],[-100.0098998042432,19.440625467570804],[-99.1176027371424,19.1884985420551],[-99.30389987067217,18.72992098259695],[-99.96900911136707,18.80651197790293]]]}},{"type":"Feature","properties":{"id":41,"type":"seismic_zone"},"geometry":{"type":"Polygon","coordinates":[[[-73.96551615089422,-52.733952873080355],[-73.59975958611827,-52.601798817547234],[-71.82423794405716,-53.45940806108286],[-68.3548883778017,-54.20188180744416],[-66.25902685275986,-54.162229787836665],[-65.95975968559476,-54.556487524167835],[-66.21770181340965,-54.84753462992373],[-66.80957293017995,-54.93477685653796],[-70.18118450794744,-54.72775386463774],[-73.2820447088757,-53.621942129689764],[-73.98339070146733,-53.12244104473087],[-73.96551615089422,-52.733952873080355]]]}},{"type":"Feature","properties":{"id":42,"type":"seismic_zone"},"geometry":{"type":"Polygon","coordinates":[[[-75.49849039373838,-47.651893585798334],[-74.92414612555697,-47.43108378359755],[-74.28420926485119,-46.76680565209909],[-73.7272426658383,-44.93421828466929],[-72.97675820611477,-44.47647544745793],[-72.68674485645661,-43.647021847740554],[-72.78303200760764,-43.26345114435659],[-73.45139852595462,-42.84386917186988],[-73.20383064266579,-42.16487443754332],[-73.59814095126485,-41.758051166230835],[-73.37659799267928,-41.43842438923663],[-72.94229072726982,-41.51529478799354],[-72.99047283810954,-41.19622720166959],[-72.53238434329451,-40.71869101525851],[-72.7870590045265,-40.27591667959355],[-72.53782123345684,-39.21726581356265],[-73.51785927040456,-38.20473570836032],[-73.5975376171041,-37.82408636823508],[-73.14215631211368,-37.6301073305397],[-72.01934236274765,-38.850206252473946],[-72.20359237382897,-37.87705903456923],[-71.31733373341558,-37.51548664068626],[-71.44062829722407,-36.49475144666458],[-71.01449140688108,-36.242943284190034],[-70.51183200415564,-36.802784429497805],[-70.26332953105756,-37.55186063416633],[-70.45179059681104,-37.8920443871082],[-70.74886926653785,-37.913029999872556],[-70.69465725451599,-38.723506517889426],[-71.25000007341158,-39.214078702729296],[-71.20337830183472,-40.27510221001326],[-71.68355551972562,-40.725534492046464],[-71.78416431015428,-41.78283930311668],[-72.10398357817512,-42.13277919591357],[-72.07975586997316,-43.00892544558731],[-71.59785536629606,-43.30177708285531],[-71.56280528676723,-43.68909355680855],[-72.0129250085362,-43.836714675313395],[-72.39685165481663,-44.94522710537343],[-72.3628885370239,-45.69121913140095],[-74.21400951988821,-47.71159240224291],[-75.29170746345574,-48.26465943107239],[-75.5998174525264,-48.02736047678597],[-75.49849039373838,-47.651893585798334]]]}},{"type":"Feature","properties":{"id":43,"type":"seismic_zone"},"geometry":{"type":"Polygon","coordinates":[[[-72.31294329307808,-34.485933822491106],[-72.21183854174389,-33.85465178347065],[-71.83648187656102,-33.75291716314236],[-71.26902336741821,-34.499924934335915],[-71.48848625704198,-34.84462811675416],[-71.87284384562871,-34.903888585587545],[-72.31294329307808,-34.485933822491106]]]}},{"type":"Feature","properties":{"id":44,"type":"seismic_zone"},"geometry":{"type":"Polygon","coordinates":[[[-74.64739599905869,10.228687549602572],[-75.52990194943555,9.083556145421063],[-75.86573168157888,9.447174614435697],[-75.42635431337895,10.796048539327881],[-75.102996477,11.0121093380001],[-74.77963864062106,10.796048539327881],[-74.64739599905869,10.228687549602572]]]}},{"type":"Feature","properties":{"id":45,"type":"seismic_zone"},"geometry":{"type":"Polygon","coordinates":[[[-67.96468920795452,-35.11845408622699],[-68.48062055560204,-35.38784652384181],[-68.68849912871701,-34.705421391360694],[-68.2267028160234,-34.527252467070895],[-67.96468920795452,-35.11845408622699]]]}},{"type":"Feature","properties":{"id":46,"type":"seismic_zone"},"geometry":{"type":"Polygon","coordinates":[[[-70.20493451928667,-33.29782551052246],[-70.31005190816494,-33.885665044931415],[-70.80309173600982,-33.841941731256874],[-70.74462058664675,-33.07988884626686],[-70.20493451928667,-33.29782551052246]]]}},{"type":"Feature","properties":{"id":47,"type":"seismic_zone"},"geometry":{"type":"Polygon","coordinates":[[[-65.10538351025627,-32.734168499997544],[-65.35651769248125,-31.954191624776993],[-64.90235135491352,-31.706757612395325],[-64.9842783796729,-30.545244769239947],[-64.52998446226123,-30.366571173596466],[-64.13889546863892,-30.886194320841796],[-63.96022811467416,-32.84075912616364],[-64.48731985395725,-33.0607643901679],[-64.46570408822396,-33.43184310069701],[-64.93976359324559,-33.72051601299634],[-65.25497627593846,-33.23123244940667],[-64.58842619644072,-32.96480442555117],[-64.69148191871729,-32.583047942240405],[-65.10538351025627,-32.734168499997544]]]}},{"type":"Feature","properties":{"id":48,"type":"seismic_zone"},"geometry":{"type":"Polygon","coordinates":[[[-68.88086141003146,-33.26580440527835],[-69.18441667487281,-33.02270615300644],[-69.21791753988437,-31.539560867243175],[-69.59825425730783,-31.145781185275037],[-69.5529909964119,-29.934883597534373],[-69.22310454988492,-29.728928526054315],[-68.8058267609126,-30.209982956420554],[-68.85100279617983,-30.731342049722528],[-68.18442090390778,-30.875184029380293],[-68.27989383421209,-31.609742371703785],[-67.52801781439844,-30.811865623592222],[-67.01740927335943,-31.628463941286984],[-67.2627115811928,-31.930240906680588],[-68.22273311976609,-31.995419770790065],[-68.5401023397062,-33.078385582686764],[-68.88086141003146,-33.26580440527835]]]}},{"type":"Feature","properties":{"id":49,"type":"seismic_zone"},"geometry":{"type":"Polygon","coordinates":[[[-61.99689507553386,-31.392524426574195],[-61.45469705644005,-32.75266714969711],[-61.737347081219546,-33.25216579780807],[-62.11115581588475,-33.046972319002656],[-62.80821661713111,-31.178941620059753],[-62.539467977348956,-29.62640894681822],[-61.98586124986659,-29.118192400979723],[-61.62176736205723,-29.45350664293771],[-61.89558680928431,-29.92689851288675],[-61.99689507553386,-31.392524426574195]]]}},{"type":"Feature","properties":{"id":50,"type":"seismic_zone"},"geometry":{"type":"Polygon","coordinates":[[[-66.9289675344596,-28.855208388821723],[-66.2454355022408,-28.461576241149885],[-65.84438024090628,-28.751670497135606],[-66.82528854337248,-29.745508569383134],[-67.21683864970113,-29.44270745605292],[-66.9289675344596,-28.855208388821723]]]}},{"type":"Feature","properties":{"id":51,"type":"seismic_zone"},"geometry":{"type":"Polygon","coordinates":[[[-65.76382819132196,-26.73470313241544],[-65.92124983928476,-27.430655860569043],[-66.60164795609452,-27.614296038551537],[-66.70380939175881,-27.23905531563681],[-66.34291196591444,-26.676227300371995],[-65.76382819132196,-26.73470313241544]]]}},{"type":"Feature","properties":{"id":52,"type":"seismic_zone"},"geometry":{"type":"Polygon","coordinates":[[[-63.43715719595211,-23.65078644807625],[-63.87483156702165,-24.242582229602853],[-64.33714230991586,-24.06575243289256],[-63.947237251287945,-23.253219474423634],[-63.55937434415158,-23.28159066294789],[-63.43715719595211,-23.65078644807625]]]}},{"type":"Feature","properties":{"id":53,"type":"seismic_zone"},"geometry":{"type":"Polygon","coordinates":[[[-64.01354854029309,-22.574516865650413],[-63.70925359094279,-21.40092583221089],[-63.40612072519219,-21.215602904837954],[-63.3493271233474,-20.533671500500756],[-63.6378753788384,-18.338555399061182],[-64.24552382871511,-17.547282956276394],[-63.912567782806896,-17.181031305777488],[-62.90844412260606,-17.903677529670684],[-62.58960621711366,-21.250156928931723],[-62.698557648366474,-21.794809914525704],[-63.10827816925179,-22.00086405288514],[-63.537364421368814,-22.70960455896225],[-64.01354854029309,-22.574516865650413]]]}},{"type":"Feature","properties":{"id":54,"type":"seismic_zone"},"geometry":{"type":"Polygon","coordinates":[[[-69.78032788008723,-18.305941910731086],[-71.60203029021396,-17.935200884008403],[-71.82210231967008,-17.287428899790658],[-71.5846708101606,-16.8034507364034],[-70.63187732948786,-16.854294050927034],[-69.55780728051046,-17.480173282728735],[-69.78032788008723,-18.305941910731086]]]}},{"type":"Feature","properties":{"id":55,"type":"seismic_zone"},"geometry":{"type":"Polygon","coordinates":[[[-41.26686598154546,-61.32098437536287],[-42.17619951700234,-60.84072713681279],[-46.97873309984534,-60.31010447233468],[-50.66374935880811,-60.43559706054278],[-51.004415318748556,-60.9027118849127],[-53.030940294863235,-61.37494693385265],[-53.469069295773295,-60.99180150520838],[-53.213059705136764,-60.69905306614735],[-51.35715632118915,-60.26111378014123],[-51.001584681251444,-59.763288115087306],[-48.25317387111126,-59.618006751087414],[-42.02690591141431,-60.153304063784915],[-41.164114564194456,-60.60231286964995],[-39.795784782065915,-60.28539476456982],[-38.98338066730221,-60.68034485649691],[-36.43903864080554,-61.03629611412687],[-33.51755264292687,-60.35839203265222],[-33.103392032652216,-60.629447357073126],[-33.37444735707312,-61.04360796734778],[-36.33216062560006,-61.73131047994813],[-39.14385782225978,-61.36428526089771],[-39.87196803476498,-61.00547816585486],[-41.26686598154546,-61.32098437536287]]]}},{"type":"Feature","properties":{"id":56,"type":"seismic_zone"},"geometry":{"type":"Polygon","coordinates":[[[-37.85642229938753,-55.432907725655646],[-38.15690772565565,-55.03957770061247],[-37.76357770061247,-54.73909227434435],[-36.67071821844933,-54.91205397005997],[-35.93271821844933,-55.33905397005997],[-35.761036929687975,-55.68800682383795],[-36.154006823837946,-55.988963070312025],[-36.96121062214702,-55.55270264926978],[-37.85642229938753,-55.432907725655646]]]}},{"type":"Feature","properties":{"id":57,"type":"seismic_zone"},"geometry":{"type":"Polygon","coordinates":[[[-38.790489615614575,-55.194762077964135],[-45.263637742715794,-53.2761927853777],[-47.685554133990145,-53.040650720996226],[-52.10974568856305,-53.21787106895861],[-56.40902685681756,-53.99569666501597],[-56.79566447989258,-53.56064633533865],[-56.50497314318244,-53.30230333498403],[-52.213686587188725,-52.52503488515935],[-47.62428783126829,-52.34314749103667],[-45.07678905633354,-52.60015885934966],[-38.63951038438543,-54.51123792203587],[-38.37323792203587,-54.928489615614566],[-38.790489615614575,-55.194762077964135]]]}},{"type":"Feature","properties":{"id":58,"type":"seismic_zone"},"geometry":{"type":"Polygon","coordinates":[[[-7.466067337711002,37.82171806176792],[-8.115279168921386,37.99627730701954],[-8.053322692980455,38.48735916892139],[-7.141886127572317,38.412776319230886],[-7.078041770545319,38.02915351340938],[-7.466067337711002,37.82171806176792]]]}},{"type":"Feature","properties":{"id":59,"type":"seismic_zone"},"geometry":{"type":"Polygon","coordinates":[[[-8.78079598840335,38.18254493198713],[-9.356485873876755,38.46493352460161],[-9.713601699874635,39.096644262979225],[-8.80226268002849,40.24015407411423],[-8.716595682976713,40.584498731112895],[-9.004407967261509,41.25217836819457],[-8.696471023650583,41.489701836151134],[-8.235408980471616,41.20522185419518],[-7.5921295604364145,42.30687927866488],[-7.203569517072733,42.290641921374764],[-7.065805041347601,42.022848900295365],[-6.5776476715306424,42.33518640416153],[-6.368151388276494,41.89387996078116],[-7.183838146239366,40.2984110329438],[-6.740301588300956,40.483204898411145],[-6.384699740255363,40.2460333895508],[-5.416482053147815,40.699399739843734],[-5.231458469806791,40.147563066056016],[-6.949005044466182,38.782609790653176],[-7.339057209346825,39.087338044466186],[-7.061452633231278,39.60379015851866],[-7.636696247657744,39.250317006813816],[-8.056889651341908,39.48230020963696],[-8.176695916694936,38.62135673335596],[-8.78079598840335,38.18254493198713]],[[-8.168580002969906,39.72734035059635],[-8.065922634574493,39.5147793018675],[-7.9885183597734155,39.83468416458783],[-8.168580002969906,39.72734035059635]]]}},{"type":"Feature","properties":{"id":60,"type":"seismic_zone"},"geometry":{"type":"Polygon","coordinates":[[[-2.6416414868273423,40.01509695919889],[-3.395703040801109,40.23144148682734],[-3.3312585131726578,40.72220304080111],[-2.5771969591988912,40.50585851317266],[-2.6416414868273423,40.01509695919889]]]}},{"type":"Feature","properties":{"id":61,"type":"seismic_zone"},"geometry":{"type":"Polygon","coordinates":[[[-6.989494338800824,43.43357015513383],[-6.700460013822427,42.95704351980838],[-7.304336480191626,42.45184501382242],[-7.650230155133823,42.96822566119918],[-6.989494338800824,43.43357015513383]]]}},{"type":"Feature","properties":{"id":62,"type":"seismic_zone"},"geometry":{"type":"Polygon","coordinates":[[[10.289887212656648,3.7912463385047377],[10.123373113362844,2.9618803660705018],[9.628435158070552,2.9679152986372053],[9.321451734419561,3.382255713616288],[9.386207230974145,4.211472123392014],[9.889899264118604,4.392730570524925],[10.289887212656648,3.7912463385047377]]]}},{"type":"Feature","properties":{"id":63,"type":"seismic_zone"},"geometry":{"type":"Polygon","coordinates":[[[2.5773557686955337,39.66222307014946],[3.0522230701494615,40.09364423130447],[3.4176442313044664,39.75977692985054],[2.942776929850538,39.32835576869553],[2.5773557686955337,39.66222307014946]]]}},{"type":"Feature","properties":{"id":64,"type":"seismic_zone"},"geometry":{"type":"Polygon","coordinates":[[[-1.2505113239764112,40.058797755646694],[-2.090014236955889,41.18917118589406],[-2.000943328825028,41.56773284850043],[-1.55414991859181,41.76157255961869],[-1.1788303491041137,41.6245724384444],[-0.6083342691273379,40.69247309719419],[-0.7076070285556317,40.1206865855592],[-1.2505113239764112,40.058797755646694]]]}},{"type":"Feature","properties":{"id":65,"type":"seismic_zone"},"geometry":{"type":"Polygon","coordinates":[[[2.1106389662845846,41.983046487254406],[1.4970942266229623,42.00771845466301],[1.3174754546630059,42.46895277337703],[2.6198967513174147,43.00688695261915],[3.3203236937815963,42.802106756083425],[3.8722990876374372,41.8003991576574],[3.523099157657406,41.44960091236256],[2.9581697527263735,41.86731151730505],[2.768588592155746,41.48365486576522],[1.9145711183715055,40.91939582652137],[1.6189958265213626,41.3164288816285],[2.1106389662845846,41.983046487254406]]]}},{"type":"Feature","properties":{"id":66,"type":"seismic_zone"},"geometry":{"type":"Polygon","coordinates":[[[1.232151905700297,42.3830734975614],[0.5809353986234344,42.26638452471268],[0.2861301400222664,42.81004240590164],[1.1531478465218084,42.959715327090585],[1.232151905700297,42.3830734975614]]]}},{"type":"Feature","properties":{"id":67,"type":"seismic_zone"},"geometry":{"type":"Polygon","coordinates":[[[5.089314242508189,43.17906487147661],[4.70144044150223,43.45736626425474],[4.843693582955581,43.81931460700161],[5.48837191930611,43.99374072501723],[5.895197796270112,44.40602293536008],[6.269291365382377,44.29973765594943],[6.314255982181224,43.913446648667765],[6.051978439249522,43.549314441103284],[5.089314242508189,43.17906487147661]]]}},{"type":"Feature","properties":{"id":68,"type":"seismic_zone"},"geometry":{"type":"Polygon","coordinates":[[[6.960728804570818,43.879775851362744],[8.219251973462338,44.195630918738345],[8.612346918738345,43.894838026537656],[8.440810678483514,43.54581384779099],[7.307132971928738,43.412056283922475],[6.960728804570818,43.879775851362744]]]}},{"type":"Feature","properties":{"id":69,"type":"seismic_zone"},"geometry":{"type":"Polygon","coordinates":[[[6.196291798343861,45.06020851559697],[6.491824303776761,45.31299913508889],[6.881257168697373,45.002722961461046],[7.579236892894406,45.30910602921792],[7.896009029217923,44.92877010710559],[6.92062881891976,44.083365413622424],[6.2563948691831115,44.53850959855407],[6.196291798343861,45.06020851559697]]]}},{"type":"Feature","properties":{"id":70,"type":"seismic_zone"},"geometry":{"type":"Polygon","coordinates":[[[6.945640181721765,46.42865425459038],[7.961252252874889,46.644146987310585],[8.285840987310582,46.27045974712511],[8.047631771083498,45.96305296714941],[6.639475844202928,45.4782111158226],[6.415786115822602,45.91975715579707],[6.945640181721765,46.42865425459038]]]}},{"type":"Feature","properties":{"id":71,"type":"seismic_zone"},"geometry":{"type":"Polygon","coordinates":[[[7.926250280377471,48.315957790770526],[7.8859729020236875,47.58399531503134],[7.3331092757643805,47.45187026545727],[7.312207061976202,48.344186223530585],[7.666970929706415,48.50351342529994],[7.926250280377471,48.315957790770526]]]}},{"type":"Feature","properties":{"id":72,"type":"seismic_zone"},"geometry":{"type":"Polygon","coordinates":[[[9.39849747771193,48.18199813590896],[8.997787625177459,47.84697165353503],[8.670740653535029,48.21850937482254],[9.094065156435917,48.678061037859855],[9.39849747771193,48.18199813590896]]]}},{"type":"Feature","properties":{"id":73,"type":"seismic_zone"},"geometry":{"type":"Polygon","coordinates":[[[5.820394438029174,50.558457760589754],[4.7008297369840015,51.29464785678923],[4.433607598324803,51.66735151086611],[4.477368142658317,52.0537807719608],[5.297903795355755,52.2583517008362],[6.279417918730607,51.91592918369679],[7.386864634002722,50.602048975658235],[6.813537424673968,50.23713178437033],[5.820394438029174,50.558457760589754]]]}},{"type":"Feature","properties":{"id":74,"type":"seismic_zone"},"geometry":{"type":"Polygon","coordinates":[[[15.760002303227854,30.83893267624458],[16.79926395935387,29.1385618345774],[16.65081460453886,28.779110380100498],[15.5961139649957,28.99065054133273],[14.466186321462926,30.747850618791905],[14.773414318748868,30.986290373770437],[15.215176060682156,30.660602142763594],[15.760002303227854,30.83893267624458]]]}},{"type":"Feature","properties":{"id":75,"type":"seismic_zone"},"geometry":{"type":"Polygon","coordinates":[[[14.035084082275079,33.0582038854583],[14.978921180650733,33.03113617326698],[15.22737671226688,32.60303589434937],[14.93556710430331,32.345956700771396],[14.223416207349366,32.50748757773312],[14.035084082275079,33.0582038854583]]]}},{"type":"Feature","properties":{"id":76,"type":"seismic_zone"},"geometry":{"type":"Polygon","coordinates":[[[15.257466124438569,33.62378333535117],[16.09057382892019,33.31485671472466],[16.181465936724557,32.828298779079915],[15.820457417295307,32.68367717637114],[15.250672970079808,33.04179425127544],[15.257466124438569,33.62378333535117]]]}},{"type":"Feature","properties":{"id":77,"type":"seismic_zone"},"geometry":{"type":"Polygon","coordinates":[[[30.516997471348486,-21.417593345870205],[30.284260316225694,-21.72916352367274],[28.474413892225694,-22.36974203967274],[28.02769063532726,-22.156579351225496],[28.240853323774505,-21.709856094327062],[30.050699747774505,-21.06927757832706],[30.516997471348486,-21.417593345870205]]]}},{"type":"Feature","properties":{"id":78,"type":"seismic_zone"},"geometry":{"type":"Polygon","coordinates":[[[28.418863884455824,-15.630584255278626],[29.978631821721663,-14.753810971336737],[30.7639444522532,-13.426410199039827],[31.39853612558481,-11.685564353584608],[31.740933316240127,-11.601930463434684],[32.479971578189,-10.739845881815475],[32.857398894783884,-10.83360717318106],[32.82660529673217,-11.40647030079649],[31.879770218234498,-12.39536848834402],[31.389618550369708,-13.745739009299596],[30.458917618747932,-15.290536709578047],[32.853261735,-15.2047664339999],[33.17661957137895,-15.420827232672119],[33.100749108415286,-15.802253807415191],[29.470853356334892,-16.01355096452198],[26.975032351955793,-18.139225705803586],[26.586776815953282,-18.116860602764355],[26.458860515741545,-17.749600505271182],[26.971352529248435,-17.089352224407957],[28.310597385779573,-16.00048752607424],[28.418863884455824,-15.630584255278626]]]}},{"type":"Feature","properties":{"id":79,"type":"seismic_zone"},"geometry":{"type":"Polygon","coordinates":[[[30.08576547805518,-11.091469483771661],[29.382579625430402,-11.878117610911955],[28.90630619440114,-11.702292518805535],[28.90453536962115,-11.423041270672119],[29.652721027315188,-10.558719083350821],[30.125702079649177,-10.704626328314989],[30.08576547805518,-11.091469483771661]]]}},{"type":"Feature","properties":{"id":80,"type":"seismic_zone"},"geometry":{"type":"Polygon","coordinates":[[[25.251699074232288,-9.699880996052041],[25.084786080947907,-9.233898107232239],[26.160909270108284,-7.950092918061162],[26.933024877062156,-7.480852433454899],[27.584638158672757,-7.578774594842003],[27.66050862103084,-7.960201170168371],[26.377277160498807,-9.508794696353009],[25.950602938274212,-9.768530012191835],[25.251699074232288,-9.699880996052041]]]}},{"type":"Feature","properties":{"id":81,"type":"seismic_zone"},"geometry":{"type":"Polygon","coordinates":[[[30.651085360359243,-8.942601134264228],[29.130490192329155,-9.387372969319783],[28.28930484481341,-10.033807021292798],[27.818362727824557,-9.285482238590976],[28.920775671439955,-7.891797079965315],[30.071551108583233,-8.098539694701032],[29.845822263036087,-7.469607208858195],[29.33557300365458,-7.028077818244079],[28.767955428099093,-5.476767411910988],[28.806798334992664,-3.305632748262525],[28.380649911964642,-2.697996573321839],[28.393948898192317,-2.3188058757408574],[29.343703519044738,0.864756740089604],[30.93458421087901,2.349648224117815],[30.86132986604302,3.1235317769540676],[31.20053446343428,3.742182190174457],[32.11040103115435,3.9367411842398825],[32.31877275623991,3.4877632068458126],[31.773117450185804,2.84218952569526],[32.17535699630459,2.0633281125397804],[30.578490610797175,0.5167527983620702],[30.617270314293318,-0.13329511942130332],[29.919661762022614,-0.9761500366634436],[29.390714795717198,-2.6121246873124275],[29.799647599643393,-3.1418267140415765],[29.674479267324564,-3.741395093756379],[29.97109008380224,-4.573559284404386],[29.88581362727774,-5.092546446390179],[30.25883531631566,-5.770868093345735],[30.10220754193229,-6.160377483267427],[31.10057187907703,-5.914949932516924],[32.021366039823384,-7.117701423454298],[33.38894944689022,-8.348991533356251],[35.8604611000873,-6.321075132561451],[36.364837894364804,-6.611525628040104],[35.91487543794974,-7.387128375704985],[34.852495725459654,-7.969586642641041],[33.96780147856225,-8.813977953561077],[34.88610194153002,-10.060035813995144],[35.18297530481589,-11.451891853602184],[35.001999934000104,-12.66492887809714],[35.840603748243744,-15.002806682612093],[35.38801337483304,-15.810663248986296],[35.93914976032573,-16.558878687918902],[35.57818319605287,-16.98024845871261],[35.60941037094944,-17.290422236708164],[36.36082267797145,-18.647663208506398],[35.93956340824114,-19.049282516552882],[35.31197118323872,-18.358734021171912],[34.964039972681405,-18.969788573410824],[35.59954784324796,-21.242436104238404],[35.38458466890818,-21.783514809451905],[35.593900484817055,-22.549490288639337],[35.299126985644925,-22.909367163300114],[35.37454406732017,-23.886240885398244],[35.094774064648604,-24.156372898820763],[34.73814128147633,-24.001274165630093],[34.48964994137107,-23.338333979449967],[33.7130847838304,-22.94027144441428],[33.51492269737086,-22.172942985625156],[34.12977881595206,-20.78641893773544],[33.79389719995062,-19.912648131024937],[33.981524679956316,-17.711187749198377],[33.44912765019767,-16.568336850601494],[34.025956537345834,-16.039887111876343],[33.453029065586115,-15.522516345514923],[33.647483227466566,-15.185722435240514],[34.257923757913545,-15.364025237374467],[34.36766968500998,-15.101364885948632],[33.50980656337848,-12.09336360301024],[33.90812787163073,-10.82663068470046],[33.28680880059174,-9.790371964934284],[32.56466659417735,-9.523452926068273],[32.029175043607715,-10.237150302579172],[31.64093942213909,-10.214442125782588],[31.5133477017121,-9.847069138276657],[31.87292608511885,-9.134632629113002],[31.22694684028288,-9.480928201939173],[30.651085360359243,-8.942601134264228]],[[34.64111809772612,-17.463387482748438],[34.6729256299544,-17.531485241179123],[34.737637526667044,-17.60013139867724],[34.64111809772612,-17.463387482748438]]]}},{"type":"Feature","properties":{"id":82,"type":"seismic_zone"},"geometry":{"type":"Polygon","coordinates":[[[34.67709654527713,-4.9997679290678985],[34.23515566661715,-5.681271324506732],[33.86015002500748,-5.578250317758254],[33.668093336199966,-4.338686170966009],[35.054373140973794,-3.0758617501697922],[35.76170990456368,-1.6860982208441828],[35.782809559823704,-0.8238043602537936],[35.561716854067576,-0.6326815032036854],[35.660322230193216,-0.9564993240109816],[35.07315541876949,-1.718306202178444],[33.960097252492574,-1.958968033678403],[33.80494268774276,-1.3980005640629694],[34.684907102901285,-1.1303249070571568],[35.01259670573859,-0.703824602476164],[34.225515070361055,-1.0348043458127145],[33.77239089436733,-0.46818350870612024],[34.573700778723676,0.15894246623670824],[35.320420963668504,0.2851603713009454],[35.30353475816172,1.3452698180849045],[35.71816497749985,1.5762923237208173],[36.1545454231689,2.4664845799804054],[35.658639163060336,2.4036043319390266],[35.36044671947372,2.6532517346060565],[35.18044513119314,3.531439024962817],[35.49732054310432,4.457822057503051],[34.96159654583623,6.093954570124854],[35.4966332561517,6.324637447769069],[35.73825469458992,7.0385048650592035],[36.39553444210316,7.19915872804115],[36.92699070481033,7.6750145027844745],[37.585824071927064,7.545557708423717],[38.294163722274554,8.795930631868497],[39.40985612672434,9.644344967174064],[39.52912979448365,10.498918243296531],[39.21341580369673,12.352104376450795],[39.3810398320001,16.6266884670001],[39.636556453629694,17.532351963774435],[39.98817002279574,17.698515910071052],[40.282899618071056,17.300854665204454],[40.0810398320001,16.567818241460007],[39.99922152904829,12.055329447611118],[40.48986730529759,11.815302808181048],[40.316916738981114,12.317790272440927],[40.5979786585036,12.58657783998245],[41.172431886688706,12.03155098003076],[41.45917625119025,12.408851562643216],[40.6138904583999,13.347533166246718],[40.2368391203999,14.151171168246817],[40.295093572052394,14.535682517797413],[40.6726287514294,14.629008545267366],[42.54249294519201,12.164937667679695],[42.36745220421746,11.61398607057883],[42.67594007923229,10.854652800989172],[42.40834997421504,10.572450577809747],[42.02783252864505,10.610651333938593],[41.31682443465494,9.87915865223041],[41.12174595521317,9.000724696499793],[39.26518915143372,7.636236281540956],[38.335732815553676,5.494029852731186],[37.827889793650435,4.954762934185841],[37.36393638085801,4.953921806739117],[36.79589641258785,0.9777256295074149],[36.77398353010475,0.048612320872165195],[37.1494929848295,-0.8232147206669665],[37.03976429697346,-1.9033151874016396],[36.691458197484565,-2.7072862245885485],[36.36503595411278,-2.8886629720845933],[36.87071616578554,-3.257665648287279],[37.32871271179883,-3.0675289222826407],[38.08473043347013,-3.5910924739127097],[38.38322807777207,-4.73589413002882],[37.76446334462888,-5.050558780344322],[37.36805068824361,-4.659273628309357],[36.97186137646948,-4.840596176517746],[36.434675598462356,-3.9702497879086005],[36.17653865725211,-4.848349149566887],[35.78829188788382,-4.825832374805811],[35.65630334738339,-4.5312121526707765],[35.36596045039825,-4.829924539705976],[35.6805472225372,-5.630262993364543],[35.46864385340973,-5.95636040399974],[35.086277221491514,-5.885379294779932],[34.67709654527713,-4.9997679290678985]]]}},{"type":"Feature","properties":{"id":83,"type":"seismic_zone"},"geometry":{"type":"Polygon","coordinates":[[[31.77155608610106,23.636355742662044],[32.9334882332047,23.85147904923358],[33.005004918323344,23.361698114784677],[31.9634571970824,23.18009489226599],[31.77155608610106,23.636355742662044]]]}},{"type":"Feature","properties":{"id":84,"type":"seismic_zone"},"geometry":{"type":"Polygon","coordinates":[[[36.31725341384126,-9.300707634421126],[35.721037513936594,-9.300689677951338],[35.449423955907285,-9.02235780021325],[35.62084746794713,-8.318877682091497],[36.33248120533821,-7.756834039869677],[36.85435084328852,-8.443424353137482],[36.31725341384126,-9.300707634421126]]]}},{"type":"Feature","properties":{"id":85,"type":"seismic_zone"},"geometry":{"type":"Polygon","coordinates":[[[37.5390458222379,12.77206250604022],[37.16025575913094,11.261496079033934],[36.68081963003383,11.138447315869158],[36.512509812472715,11.4890387652559],[36.699824792326574,12.481253349793842],[37.18536191195998,13.118339406237904],[37.5390458222379,12.77206250604022]]]}},{"type":"Feature","properties":{"id":86,"type":"seismic_zone"},"geometry":{"type":"Polygon","coordinates":[[[41.10874480820048,-14.545774616896106],[40.620091461523124,-13.41119439793248],[41.00123684428455,-12.33285080248059],[40.88254740601014,-10.84632462207882],[40.18184120297469,-10.429853937726982],[39.383186435943685,-9.135318071525818],[39.84054741582617,-8.430688507703442],[39.95087844285981,-7.929475002915922],[39.71139398619845,-6.970338188256022],[40.007822955273056,-6.718599384405847],[40.602292362083915,-6.9132860948591315],[40.72698942404543,-8.638293026566659],[41.18800158005928,-8.917031536176202],[41.168738147507405,-7.15196967010117],[40.79855062516743,-6.424357675376111],[40.72859843690391,-3.262083721809073],[39.09078553539033,-6.218585671526547],[38.70888383456974,-6.292027144693209],[38.494885306977494,-5.967300814903178],[39.10727498411438,-4.455751280030441],[40.44369058807615,-2.650692374321935],[41.18285370342624,-2.6831899839824667],[41.41554699057285,-2.9947929255402417],[41.502036030285986,-6.3470567369670645],[41.86848741401034,-7.05368106129668],[41.98934645752767,-8.122779734267768],[41.79312495247072,-10.156639778070428],[42.30418598407347,-10.343517294469148],[42.212779237794706,-11.78202608065628],[42.7200248633533,-13.154064628533389],[42.565730974984355,-14.809514477087514],[42.180231483912586,-15.119982095984252],[41.881895808709274,-14.870505876733723],[42.01962368508613,-13.34443990903759],[41.714607187930156,-12.890792951062991],[41.76166750366186,-12.320557589262444],[41.70081354970485,-12.277774957553548],[41.42533632274667,-13.215048259063666],[41.80741350377309,-14.480673184879537],[42.168680225062964,-18.719055427654848],[41.85846559734516,-19.10475853206276],[41.47276249293724,-18.794543904344952],[41.10874480820048,-14.545774616896106]]]}},{"type":"Feature","properties":{"id":87,"type":"seismic_zone"},"geometry":{"type":"Polygon","coordinates":[[[41.64092885339996,9.776623299932897],[41.911484385157586,10.055983754016689],[42.85754047015748,10.259963335016689],[43.27344664801664,9.991594090842565],[43.13039254725392,9.62996156558312],[42.05902131884262,9.371708331983411],[41.64092885339996,9.776623299932897]]]}},{"type":"Feature","properties":{"id":88,"type":"seismic_zone"},"geometry":{"type":"Polygon","coordinates":[[[42.41602651163985,15.232508121193119],[42.579005747935405,14.879407105041834],[42.4418961709353,14.011140603041833],[42.04158736904173,13.720017153064795],[41.75588827957157,13.983870501246079],[41.887573496064796,14.988592456958367],[42.41602651163985,15.232508121193119]]]}},{"type":"Feature","properties":{"id":89,"type":"seismic_zone"},"geometry":{"type":"Polygon","coordinates":[[[64.9769693408955,29.415680883204033],[63.311928952225585,29.05201784476925],[63.09553760757212,29.497186111786412],[64.7510101458475,30.06398091223267],[65.10118927190352,29.89481490280644],[64.9769693408955,29.415680883204033]]]}},{"type":"Feature","properties":{"id":90,"type":"seismic_zone"},"geometry":{"type":"Polygon","coordinates":[[[91.55275026001604,28.777607580915713],[92.15800224172793,29.91938514638849],[92.65241674531522,29.94292869417838],[92.74535681173222,29.29034408143499],[92.41110628543476,28.997523015533805],[91.94982245812727,27.554820805631856],[91.46996772172518,27.840356743590473],[91.55275026001604,28.777607580915713]]]}},{"type":"Feature","properties":{"id":91,"type":"seismic_zone"},"geometry":{"type":"Polygon","coordinates":[[[89.84715830388073,40.49275875607266],[88.37042871759277,40.42771534650613],[84.63779021311996,41.99070024210475],[85.02633747770285,42.4240459056513],[87.2502926033741,42.011547193794065],[87.39623364689048,42.172262385001986],[86.40831853803688,42.320219854697015],[86.30005488385352,42.80320948313935],[87.33582892822747,42.877512494661595],[87.59584918477594,43.209260424768075],[88.65094396193744,43.34225887918168],[87.49773852616079,43.53263420601114],[87.29090823797722,44.20840543850656],[87.59146438960873,44.45520203245999],[88.74216178861485,44.44166651992997],[89.66085837967115,44.02583602389475],[90.49747046006976,44.17887445516597],[91.25374456117154,43.74364070991121],[91.82670317461982,43.79858194681721],[91.47511032913995,44.34720925561546],[90.17726696888849,45.0885495240112],[89.31318784663172,47.47708848343684],[89.87126219908427,47.64234724436683],[90.49884895916023,46.4253758180588],[92.35963035994709,46.38165759039388],[91.38207357753936,47.35635553187081],[90.46972462644426,47.425375345993196],[89.62703355125248,48.01461951263023],[89.21789560177572,48.8071992020543],[88.8298160024512,48.70464778011992],[89.21521846360365,48.16860041766938],[89.0214490981347,47.8314120547677],[87.99408634735151,48.374265660777205],[87.75700344862148,48.947437654651644],[88.33146672236484,49.01895338798359],[88.49226662491417,49.41514628375872],[89.17883291767909,49.60015979621344],[89.830026523878,49.297665254362855],[89.53370105695545,49.83164279624164],[88.03229424888895,49.51823752897637],[87.12072625250526,49.97075290687432],[87.10340806835694,50.46542459648047],[87.88741204348707,50.76799715920112],[89.4860519204416,50.259001724949],[89.94508756801012,50.79264926314597],[89.68587944227855,51.0708329368897],[89.84382598962162,51.42621364437528],[91.84585301287342,52.06491818221711],[93.84649474918483,52.25906729573615],[94.08880571690301,51.95488321660966],[93.79091488589407,51.56408345791352],[92.02570384577163,51.38533806096847],[90.21276392738642,50.81739848175904],[91.43727585692115,50.76814105546306],[91.93502664960344,50.17270756961425],[92.21246786071436,50.33809022903799],[93.26411482400863,50.10332150994339],[93.83597588586602,50.350292508418164],[92.54754887697041,50.37097800038697],[92.55115755119242,50.95299554170322],[93.63568357661079,51.16557101939734],[95.178241633557,50.876291941187084],[95.87280799178006,51.01432133065853],[95.53649873628153,51.82903033304525],[95.91328319627803,52.150018604957395],[96.49527313452569,51.57054016914067],[96.60845555149206,50.58557398231648],[94.19544680515351,49.74744614807193],[96.26912094189515,49.60188830057364],[97.87591359366147,49.98152646300822],[97.84657898716897,50.46821660221845],[97.21395704734772,50.25716414378479],[96.96724080978385,50.55778626072379],[97.12479583084986,50.92204035742589],[97.64887915522993,51.149613785766064],[97.9605420261403,52.17430975531252],[96.39216236009561,51.9848627951071],[96.13979602349775,52.50933269231915],[97.61067774640527,52.93040099844778],[98.0022425386298,52.881313039510225],[98.8696726220276,52.95758759213737],[94.7162490991233,53.07663164524033],[91.28484166178873,52.61715703453146],[89.77343640217396,51.93986270267459],[89.06776195701548,51.92958456970277],[89.08726488458588,52.424174941441024],[90.57246588457194,53.154030658474774],[94.58140264732246,53.76232579341529],[95.18617568356514,53.8147222718314],[97.01499309641473,53.832202274721574],[100.07466738883808,53.569942395712346],[103.0438270121961,52.244553369747216],[103.7757624227871,52.05918089335108],[104.8663363730152,52.17025192368856],[107.94500922112175,54.14768537305444],[108.84835010464762,55.26080632200087],[109.03063632571417,55.85745406766449],[110.12606788530643,56.42564460443052],[110.80646526409141,56.54709409823594],[111.05794322263897,56.12076225991658],[109.75784980588935,55.49161156612829],[108.91515289816931,54.2551355701819],[109.13680920048273,53.85027993937679],[109.78996434374884,54.28396960838847],[109.92084557567887,54.725681909454],[111.23105907887779,55.54395363181417],[111.22950762230178,56.006333099469416],[111.78995978420087,56.328706112271234],[112.99879071616567,56.67281306751147],[113.3063069392765,56.43078873906512],[114.5128406787348,56.59885148881753],[115.25421405386825,56.97561757333692],[115.97577418178535,56.91775637413167],[116.20470437415607,56.651877581687515],[117.6574955591605,57.05730554861197],[118.16682810418463,57.41881548553819],[119.12873357530117,57.48937377152862],[119.50134587444043,57.90975241467335],[120.21603139103296,58.07085805671896],[120.92927705305597,57.77032197134107],[121.05254764297125,57.392474113404546],[122.41704746576026,57.18620481296864],[122.50758568735789,56.74039003974367],[126.92263961398127,56.49981928216903],[128.14728882461398,56.75926696552557],[130.67142358779464,56.0099680523387],[132.56448410754516,55.731557450301665],[132.7491304907367,55.46868087598574],[133.77865212691088,55.31581882542312],[134.05017643280488,55.03739987782916],[133.77004552581107,54.62932307752459],[132.356046677552,54.76417315606138],[130.94056622308236,54.523904963716305],[130.61328221360188,54.73397099192872],[130.71285631987186,55.32851334153515],[129.1906957405801,55.855757156257084],[122.00905239301053,56.002406496047385],[121.7498617550722,56.49225178711775],[120.8225185098439,56.36391158866766],[120.05626563550568,57.3021756377278],[117.05354321292448,56.11941720499255],[116.60660376740735,55.51361348468533],[115.93866006971894,55.137484595020034],[115.52873405576939,55.46542449539986],[113.53846148953633,54.8652447079186],[112.78268460464604,55.85635906245607],[112.06820509645746,55.6589223970769],[112.14547089965856,55.09795334296298],[111.31909419126801,54.760920198295736],[109.93069528015532,53.39068578660728],[109.23760021309974,53.15663458392923],[108.90698976100163,53.53250085215087],[108.28139678339578,53.103212796583406],[108.68579874432112,52.85597025509789],[108.5597860448743,52.483452992239826],[108.86066458589546,52.18732296284087],[108.68776080277969,51.83897422830203],[107.05679477759345,51.41761036264326],[106.18512423111528,50.637454610572426],[105.75090461534901,50.85792418942188],[105.87926386466346,51.34467069213963],[104.66575021080061,51.04739879778193],[104.48734649160636,50.60495900351113],[103.16635476832752,50.418968596431725],[103.02801041995512,50.98431652665068],[103.90527420707674,51.21002806789034],[102.44847877794567,51.572136045794096],[100.6109042776237,51.351220541976694],[100.39018428877176,50.35152374626259],[99.78715386743836,50.57281783665503],[98.90587518852188,49.99191544850035],[98.67080646615514,50.4275100946622],[99.51234183493096,51.25536700215268],[98.80979297598043,51.79150984128692],[98.40417118200058,51.61932924236087],[98.29918620994785,50.826804712146085],[98.54855940983461,50.34543016326142],[98.33406594362694,49.94188849900438],[97.97097307131213,49.910559692299245],[98.01824108771704,49.50275524066714],[99.53812820721413,49.51236198509669],[99.76455797565902,49.19617830583328],[99.55909326685156,48.86598622157743],[95.70616682310676,48.92103762551262],[95.73194778555698,48.58926397505348],[95.40542411130987,48.37801803017709],[94.73784644277343,49.00212275067225],[92.35940281660923,49.503228295653464],[92.70460182164649,48.15716563965456],[93.7460758782746,47.143410164661844],[94.69820044252606,46.88672803194319],[94.91101319660287,47.112644662509226],[95.65813542566575,47.0898262387237],[96.68509927808515,46.63666830264263],[97.42954672629008,47.569890092433454],[98.06276243547292,47.147791801899864],[98.70318838954626,47.140631203046496],[98.9627352767415,46.80181283158988],[98.76182600919459,46.468829310549694],[97.3170489456713,46.36477368746939],[98.05907717910645,45.912111229483195],[100.20913406841619,45.72862138938076],[100.79691232059547,45.324824937772405],[101.63901886210496,45.29017698961028],[102.916339130861,44.826549640136584],[103.10575776591217,44.369252602429846],[102.78239992953323,44.15319180375763],[101.06388659784795,44.58421091672758],[100.50651660338008,44.408725113898605],[100.91408167354406,44.12327493221275],[102.69172301881518,43.98039305366265],[102.89489530812355,43.4925269608571],[103.4134140031015,43.24685094976215],[103.31616622539477,42.87030689018657],[100.98632002480463,42.875535271573256],[100.63857531416706,42.514197166295396],[98.87536851096239,42.5275547935924],[96.60875333538971,42.60988250511189],[96.16648323021151,42.97716242883008],[94.57357236585487,42.28015218529746],[92.85221215459227,43.16943708946338],[90.21970386446448,42.89790624136125],[89.44348320625248,43.13614096548345],[89.39263538944292,42.665536861331674],[88.60186721496541,42.62205985485872],[88.61071809907259,42.255870935787144],[88.14429677583567,42.10628741567128],[89.89683276424778,41.81166688941062],[89.8268327642478,41.321666889410615],[88.8685948150301,41.06205890655189],[89.9646584758867,41.21125878967765],[90.17821805143339,40.76472513171633],[89.84715830388073,40.49275875607266]],[[100.09839047901019,44.53044118748053],[100.16495993011941,44.51241196113845],[100.03824439599043,44.55087917685617],[100.09839047901019,44.53044118748053]],[[92.91490425338948,45.74663352735947],[91.59259556924188,45.47233341401971],[93.56333149055979,45.26830785984447],[92.91490425338948,45.74663352735947]],[[92.16706970905383,44.56002234321722],[92.49436954993506,44.187896202069346],[93.67231344107601,44.29880969597077],[95.62008921221407,43.59270429760476],[97.66345860684196,43.74757556961398],[96.9292164562899,44.15609743639573],[96.59776451566917,43.89934482781545],[95.75219827533564,43.99844958257534],[94.66555746677184,44.596302087343254],[92.16706970905383,44.56002234321722]],[[91.96332867260335,48.17192706911821],[91.63347572865976,48.244564090251416],[91.98662330330524,47.719179258421356],[92.05458728687378,47.76252887519226],[91.96332867260335,48.17192706911821]],[[90.92135324815189,48.92699997756735],[91.01686466402603,48.973425142620385],[90.89311655394384,48.98067487313161],[90.92135324815189,48.92699997756735]],[[91.41754416339978,49.28577997155861],[91.40078873173125,49.690049144983945],[91.28953459324886,49.75471594603939],[91.23078582266474,49.57554875696867],[91.41754416339978,49.28577997155861]],[[99.39046655166457,44.031687832506265],[99.33299562573218,43.8512384370078],[99.77786532634829,43.90004747217685],[99.39046655166457,44.031687832506265]],[[93.46624181062897,49.391246270660254],[93.50295638708745,49.4147820050242],[93.46322738624065,49.399265845788165],[93.46624181062897,49.391246270660254]],[[96.11857155637115,53.807155389583414],[96.11282000048078,53.80660613860189],[96.11860721732306,53.80613715517293],[96.11857155637115,53.807155389583414]],[[99.51884344155091,52.364513600090376],[100.70678244634749,52.043104043210725],[101.48849199227945,52.131659946187945],[100.9044068857471,52.43535691271163],[99.51884344155091,52.364513600090376]],[[106.70014249417846,51.83637365556152],[107.5218485870997,52.209026097890735],[107.58999266542861,52.55739751965266],[108.22798645024409,53.08745976315157],[106.29835135539321,52.216014091924436],[106.70014249417846,51.83637365556152]]]}},{"type":"Feature","properties":{"id":92,"type":"seismic_zone"},"geometry":{"type":"Polygon","coordinates":[[[87.0438211227289,43.928645331527164],[86.7147439722434,43.721399612394315],[84.7782848563579,43.789217654522965],[84.33294637216332,44.298077269404956],[84.55445599746203,44.61772714813257],[85.62386954849713,44.66792931687758],[86.86682649903781,44.39089299586356],[87.0438211227289,43.928645331527164]]]}},{"type":"Feature","properties":{"id":93,"type":"seismic_zone"},"geometry":{"type":"Polygon","coordinates":[[[88.79599121527308,51.90985193094108],[89.4069060000027,50.798207280745345],[88.98550394093233,50.53855307875498],[88.61888879678492,50.837926975593014],[88.42286654258957,51.58461666434961],[88.79599121527308,51.90985193094108]]]}},{"type":"Feature","properties":{"id":94,"type":"seismic_zone"},"geometry":{"type":"Polygon","coordinates":[[[87.5804847747234,52.15636234698568],[88.06621975638006,52.365750508011004],[88.41222496550358,52.011800800765194],[88.03351649748313,51.59574938679275],[88.03573925486083,51.16634567399447],[87.70478345589063,50.95529355664099],[87.29182121251404,51.514078068268816],[87.5804847747234,52.15636234698568]]]}},{"type":"Feature","properties":{"id":95,"type":"seismic_zone"},"geometry":{"type":"Polygon","coordinates":[[[97.6624273486029,3.087032088032759],[94.86959653609124,5.468405351159497],[94.82540535115949,5.961403463908752],[95.51380705420215,6.20734473144431],[96.80091425015631,4.699092089782002],[98.05153804866822,3.845444108087159],[100.4225120425343,0.7166793767216653],[100.59250809139911,0.038677405904936894],[101.94313531938911,-2.257756578299239],[105.0352094670097,-5.61276387048153],[105.66649219770514,-7.0311523992358556],[105.51097118912172,-7.387601238425644],[105.12214008883728,-7.380325626963608],[104.45898522205457,-6.868656591003382],[104.45615212407753,-6.010321750592466],[101.2827893971675,-2.54766862586081],[99.24682112124884,0.5999592531907967],[98.79077023220206,1.7305354800698343],[97.6624273486029,3.087032088032759]]]}},{"type":"Feature","properties":{"id":96,"type":"seismic_zone"},"geometry":{"type":"Polygon","coordinates":[[[94.22420405577473,7.861650870261279],[93.63828776820588,8.979047479919933],[93.94604747991994,9.366712231794125],[94.29195504664254,9.188975025912523],[95.11437705414421,7.93257578582985],[94.97222502417826,7.560643680826955],[95.19982844953469,6.990272956173262],[94.59076320040086,6.499793146198674],[94.15979314619868,6.743236799599142],[94.37009369001575,7.182103639773461],[94.13080255362547,7.484134356096911],[94.22420405577473,7.861650870261279]]]}},{"type":"Feature","properties":{"id":97,"type":"seismic_zone"},"geometry":{"type":"Polygon","coordinates":[[[93.68285650960804,10.21358429426134],[94.50028681451218,11.363360472164391],[95.25548847429191,13.16344652887915],[95.75044652887915,13.167511525708083],[95.82944691186093,12.786720902715231],[95.13170731166515,11.057366306983269],[94.42590240678382,10.118653181857724],[94.46550585516606,9.471547706798553],[93.97054770679854,9.467494144833934],[93.68285650960804,10.21358429426134]]]}},{"type":"Feature","properties":{"id":98,"type":"seismic_zone"},"geometry":{"type":"Polygon","coordinates":[[[101.69267424558628,16.56817513313184],[101.38748704120731,16.050953383245993],[100.8225135566785,16.08754848801419],[100.87937324964734,17.230707891580337],[101.24881031515565,17.352193749601618],[101.6131812056196,17.1333980359566],[101.69267424558628,16.56817513313184]]]}},{"type":"Feature","properties":{"id":99,"type":"seismic_zone"},"geometry":{"type":"Polygon","coordinates":[[[104.26716707853741,46.64525852905377],[104.5113715484399,46.20863419138462],[104.25218519325121,45.9186945556765],[102.63955997749224,46.58722074202758],[101.51775271811357,46.3219958203857],[101.23433983865579,46.72780013253313],[101.69781286971968,47.021872033513745],[101.32704620017098,47.48759120683705],[101.75239158260707,47.755734841712126],[104.26716707853741,46.64525852905377]]]}},{"type":"Feature","properties":{"id":100,"type":"seismic_zone"},"geometry":{"type":"Polygon","coordinates":[[[100.45486265521835,46.77686554020703],[100.6809327462434,46.224867242784654],[100.29448206703785,45.915584406950586],[99.17154265467606,46.67316437875522],[99.0577540973606,47.04504436382381],[100.73830227669781,47.87653668638965],[101.00460817149613,47.459306329877],[100.45486265521835,46.77686554020703]]]}},{"type":"Feature","properties":{"id":101,"type":"seismic_zone"},"geometry":{"type":"Polygon","coordinates":[[[101.7780041665174,49.59973284708212],[104.14672933261417,49.90134947221419],[104.34081644780157,49.991348968323486],[104.30895671834574,50.41121818826421],[104.85093186675464,50.689610568938676],[105.51804617787431,50.793014939285804],[105.77751316750293,50.503326416275975],[105.60916958846725,50.1527511768936],[104.79932251433722,49.918793816306625],[104.77999957653364,49.41143442086562],[104.23709912427603,49.2034336360615],[103.43912374024261,49.28083941662664],[101.68521454906121,48.85872442900678],[101.3637662824521,49.23511652761405],[101.7780041665174,49.59973284708212]]]}},{"type":"Feature","properties":{"id":102,"type":"seismic_zone"},"geometry":{"type":"Polygon","coordinates":[[[115.43540107708915,-33.733532260448875],[115.55024398333403,-32.98563203383584],[114.61973057573509,-33.266573338821466],[114.2935434963849,-32.47736631872352],[114.49650767876159,-32.145631334522704],[114.9895752574142,-32.197045903991786],[115.49015036085531,-31.256693675727536],[115.92498611468808,-31.481897596176324],[115.96468193456387,-32.01836343533489],[116.34453839035065,-32.405886726065624],[115.92184135747037,-33.82505195025734],[115.43540107708915,-33.733532260448875]]]}},{"type":"Feature","properties":{"id":103,"type":"seismic_zone"},"geometry":{"type":"Polygon","coordinates":[[[116.15946074713092,-30.948521690762874],[116.44653635973586,-30.749078569255364],[116.78740601819403,-30.925818097747158],[116.95978896218904,-30.409066098775046],[117.43514010176004,-30.49329840287518],[117.39444456880112,-31.052438222849542],[117.0752704426633,-31.177994194182187],[116.81596573316837,-30.996632824387515],[116.75674006866885,-31.32109112384555],[117.37107150768676,-31.34039361410349],[117.24580840380186,-32.061382044112975],[116.66376909889877,-31.984630479415447],[116.6882045296462,-31.39726610375032],[116.20470721864534,-31.35661194300807],[116.11993204443229,-31.146019529719794],[116.12396613462109,-31.056000542873456],[116.13794009488021,-31.001758879440892],[116.15946074713092,-30.948521690762874]],[[116.14837038495956,-30.977930116572416],[116.14845444570527,-30.977733884920386],[116.14843437662789,-30.977725603221806],[116.14837038495956,-30.977930116572416]]]}},{"type":"Feature","properties":{"id":104,"type":"seismic_zone"},"geometry":{"type":"Polygon","coordinates":[[[116.1019347513287,-29.29492997317657],[115.7981897109168,-29.352708812404906],[115.5445232616179,-29.07352234543803],[115.90955509176928,-28.429021542534194],[115.79093176322594,-27.57859781852202],[115.30729735848143,-27.506228705049615],[115.54742939391565,-28.257785581850744],[115.27169143547123,-28.64358680535944],[114.89602850199924,-28.542988994817815],[114.7783243111515,-28.20888901596394],[114.24949421165991,-28.452796585474843],[113.88777894993915,-28.309951814801106],[113.59775316537915,-27.32056351947275],[112.58415224726343,-26.126245190650472],[112.71109310755416,-25.247732635834307],[113.6893744079461,-25.226592501439562],[114.05189372351812,-25.6784364924195],[114.52197235410986,-25.776862260658895],[114.76035934894637,-26.29194811175029],[115.1976513247333,-26.235602864122004],[115.42999261731332,-26.862640391569638],[115.85680273593411,-26.25209911374028],[116.7016403538675,-26.13984223393739],[116.8311735073282,-26.485764811072265],[116.55279793590778,-27.087089108643376],[116.53925715060151,-28.22375304032996],[116.1019347513287,-29.29492997317657]],[[114.37147160569822,-27.25653134250313],[114.47422134230258,-27.228495612653905],[114.50816659644946,-27.1889474572368],[114.37147160569822,-27.25653134250313]],[[114.64371869922432,-26.742261780164608],[114.56310605319963,-26.683804605842745],[114.61947868413966,-26.818711485400563],[114.64371869922432,-26.742261780164608]]]}},{"type":"Feature","properties":{"id":105,"type":"seismic_zone"},"geometry":{"type":"Polygon","coordinates":[[[115.29853382907461,-23.92533790813126],[115.31366569280881,-25.25216256158984],[114.86613040457871,-25.463615075858357],[114.28241692980954,-24.750745260213865],[114.03744651877763,-23.73069772105349],[113.23409645186788,-22.60817622948511],[113.73456260394852,-22.157584900710766],[114.03244666462653,-21.327370062461824],[115.02158081850177,-21.168354811550458],[115.01649193660407,-20.61402810719371],[115.9801303637859,-20.220585173412776],[116.2862173125043,-20.646214205399197],[116.17891959297657,-21.219609569883318],[115.35646336203817,-21.78509138209628],[114.4936826799802,-22.031117731699513],[114.58200272294326,-22.823382072085337],[115.02971311828627,-23.009721334563398],[115.00567776566619,-23.685598477250277],[115.29853382907461,-23.92533790813126]]]}},{"type":"Feature","properties":{"id":106,"type":"seismic_zone"},"geometry":{"type":"Polygon","coordinates":[[[113.28427645411368,-24.89196042672084],[113.06792910354528,-23.986023302544396],[113.46310961676718,-23.687975719145914],[113.75335835826039,-23.946815876641157],[113.91554814868833,-24.75147124913214],[113.64684823506282,-25.03261696844544],[113.28427645411368,-24.89196042672084]]]}},{"type":"Feature","properties":{"id":107,"type":"seismic_zone"},"geometry":{"type":"Polygon","coordinates":[[[110.32435482857949,-8.440472273948826],[110.56752772605118,-7.655354828579482],[111.05764517142052,-7.724527726051174],[110.81447227394882,-8.509645171420518],[110.32435482857949,-8.440472273948826]]]}},{"type":"Feature","properties":{"id":108,"type":"seismic_zone"},"geometry":{"type":"Polygon","coordinates":[[[108.84009798441005,-7.995382822589462],[108.46195602370784,-7.904546614903093],[107.61654792064815,-6.901999999999999],[107.27965891614936,-6.852371233372967],[107.25912008324781,-7.30172344416011],[106.38205864078164,-7.688907213856406],[106.0476439785255,-7.212541519670145],[107.17426683057472,-6.760207763861018],[107.2005126265847,-6.304512626584708],[107.722,-6.202],[108.88169063385857,-7.147840799098236],[109.06872836094522,-7.68078671645345],[108.84009798441005,-7.995382822589462]]]}},{"type":"Feature","properties":{"id":109,"type":"seismic_zone"},"geometry":{"type":"Polygon","coordinates":[[[109.89164216362106,-6.996060798672218],[110.672,-6.78],[111.02199999999999,-7.13],[110.80593920132777,-7.4533578363789506],[110.215,-7.4799999999999995],[109.89164216362106,-6.996060798672218]]]}},{"type":"Feature","properties":{"id":110,"type":"seismic_zone"},"geometry":{"type":"Polygon","coordinates":[[[111.38655799987907,18.253688661639295],[113.83064104664453,18.758186968607745],[114.29757178562383,19.15426085473814],[114.74726085473814,18.94742821437617],[114.65680503253382,18.569195080846207],[114.12142821437617,18.10973914526186],[111.6232512275375,17.609230128104432],[111.27031133836071,17.772557999879066],[111.38655799987907,18.253688661639295]]]}},{"type":"Feature","properties":{"id":111,"type":"seismic_zone"},"geometry":{"type":"Polygon","coordinates":[[[104.59808498158664,43.23489068699258],[103.61020201811581,43.34537686888734],[103.70560607618131,43.83107025540258],[104.59808498158664,43.72986543382316],[104.59808498158664,43.23489068699258]]]}},{"type":"Feature","properties":{"id":112,"type":"seismic_zone"},"geometry":{"type":"Polygon","coordinates":[[[105.48100504407944,47.69058687850792],[106.4242026248364,48.312498399643054],[106.84384119621396,48.16376868119058],[107.19774185346199,48.42915038663484],[107.62729079798,48.22282791939428],[109.8199746860858,48.50777692646752],[110.11099181201253,48.2498009750924],[109.83717120269829,47.815598370703235],[108.49394276284833,47.56557357245939],[107.40315563821598,47.71123963977185],[105.72402929720317,47.04659039858663],[105.38613935141524,47.23913375371989],[105.48100504407944,47.69058687850792]]]}},{"type":"Feature","properties":{"id":113,"type":"seismic_zone"},"geometry":{"type":"Polygon","coordinates":[[[108.41618233965717,50.70430689819242],[109.54947805912894,50.971275257716414],[109.96193730702278,51.39114736263702],[111.50066078955335,51.43838746194419],[112.93666465993851,52.034604708017625],[113.29776715286128,51.6960711209026],[112.95911105330275,51.26192772151368],[111.25376561609906,50.70115125416474],[110.99256181739874,50.326366180747804],[108.34882181949342,49.993931234919906],[108.07855646416296,50.408607780806086],[108.41618233965717,50.70430689819242]]]}},{"type":"Feature","properties":{"id":114,"type":"seismic_zone"},"geometry":{"type":"Polygon","coordinates":[[[117.95206366651814,-34.272141233408924],[117.53201101197187,-34.375540425165454],[117.16853862144809,-34.048220666214085],[117.36666706596586,-32.99194488855867],[117.17381662949376,-32.55926204966109],[117.61261535067696,-32.140965092753305],[117.865209536176,-32.32311532383497],[118.06066986022276,-33.14863382862124],[118.60920952989166,-33.07036118875423],[118.66064646725255,-32.4264361494997],[118.288638074,-32.400626599130035],[117.95951299792735,-31.7907885806474],[117.8785229998331,-30.810946918473476],[118.27920055681994,-30.530879230224762],[118.58997614253863,-30.76254219902259],[118.85627687672968,-31.760883726706695],[119.501449728704,-31.83441024782182],[119.636076589981,-32.39503000246408],[119.23889982616404,-33.37417276743479],[118.70299195498417,-33.429173510558144],[118.35424093595624,-33.835618624740725],[118.04868169293674,-33.73110134330122],[117.95206366651814,-34.272141233408924]],[[119.3854327840774,-33.00672773244118],[119.3853209111061,-33.00714832852537],[119.38531541925248,-33.00722747728698],[119.3854327840774,-33.00672773244118]]]}},{"type":"Feature","properties":{"id":115,"type":"seismic_zone"},"geometry":{"type":"Polygon","coordinates":[[[117.6719542344789,-26.499335748079588],[117.68527830336407,-26.851107759128627],[117.39620184194627,-27.030638980888874],[116.86488740906603,-26.500262069918307],[117.21475490291779,-26.149733902179324],[117.6719542344789,-26.499335748079588]]]}},{"type":"Feature","properties":{"id":116,"type":"seismic_zone"},"geometry":{"type":"Polygon","coordinates":[[[116.94911492418036,-19.010434266051274],[118.14575362778491,-19.07651449400197],[118.32164169955335,-19.539184339798712],[117.99206960293861,-19.745642064777755],[116.92728377146913,-19.65678135714243],[116.72226168835056,-19.32631425665545],[116.94911492418036,-19.010434266051274]]]}},{"type":"Feature","properties":{"id":117,"type":"seismic_zone"},"geometry":{"type":"Polygon","coordinates":[[[116.46008435434285,-8.0179316702517],[115.80576002516896,-7.744734524936579],[115.80526547506342,-7.249760025168972],[120.66592277689247,-7.180145102114547],[124.02585076868249,-7.504651239422407],[126.28483041676158,-6.792028815740866],[128.0998143683586,-6.505998269841391],[129.21058224454964,-5.98492416625056],[129.6867814128558,-6.3585086094379095],[130.73986600738723,-4.957854093414586],[131.28969467066057,-5.148762139270449],[130.6711229898794,-6.351369254624314],[131.32394979799844,-6.525288900408743],[131.0327910320763,-7.029257167223375],[130.1429480441109,-6.889833868565385],[126.22757400479715,-7.677320276717253],[125.29512544910304,-8.099621066494711],[121.85175071070861,-8.409792313443125],[120.45788753344176,-8.151493546383982],[120.20763056098508,-7.89363607913632],[116.46008435434285,-8.0179316702517]]]}},{"type":"Feature","properties":{"id":118,"type":"seismic_zone"},"geometry":{"type":"Polygon","coordinates":[[[121.2577878657616,-33.944537699453164],[120.90826321733078,-33.792276600401685],[120.95912192671197,-33.19188466278274],[120.71993115375169,-32.866060019597676],[120.83650237277624,-32.372730156292135],[121.17449075980356,-32.188943373517404],[121.47861706224872,-32.431326853217634],[121.41469478788356,-32.92687614927783],[121.71417330617659,-33.264868041852495],[121.2577878657616,-33.944537699453164]]]}},{"type":"Feature","properties":{"id":119,"type":"seismic_zone"},"geometry":{"type":"Polygon","coordinates":[[[122.82349111917213,-33.307738720128484],[122.22692622425254,-33.98405886286954],[121.77954190285567,-33.772287124981176],[122.3271396774838,-33.003777065863744],[122.82349111917213,-33.307738720128484]]]}},{"type":"Feature","properties":{"id":120,"type":"seismic_zone"},"geometry":{"type":"Polygon","coordinates":[[[120.32761842455211,-33.614437126142214],[119.94617377169237,-33.6902166476191],[119.59229233315048,-33.35066470335659],[119.51964107587611,-32.847957432290315],[119.70163270061059,-32.47449156386649],[119.62630910791792,-32.14966318423129],[119.83160710173884,-31.832073771319966],[120.31107700677163,-32.055759815006745],[120.32761842455211,-33.614437126142214]]]}},{"type":"Feature","properties":{"id":121,"type":"seismic_zone"},"geometry":{"type":"Polygon","coordinates":[[[124.72476081602484,-33.18965469290344],[123.56306458077788,-33.136038960248754],[123.56463264063642,-32.12388578367996],[123.81187351583148,-31.86433239004912],[123.77820239555427,-31.496683808751715],[124.1260122041963,-31.30340541464497],[124.16928616112872,-30.542407488089232],[124.521855108078,-30.37828041318192],[125.26162508872555,-30.54171171919789],[126.02766245431148,-29.449810111760154],[126.67012525634304,-28.97168338609219],[127.10186830789647,-29.362010656936512],[126.59696446391612,-29.868004176074052],[127.78212174904837,-30.37013711910328],[127.81031472635098,-31.15319906101296],[128.00790301791966,-30.574325175854714],[128.64229773432916,-30.400342324615867],[128.5430301293863,-30.005373565653183],[128.80358572057565,-29.716663775430344],[129.17002909455644,-29.846901299731694],[129.40134524391945,-30.480984869910998],[129.85859304057166,-30.167492351233957],[130.76295955424726,-30.183413539058794],[130.39742935057265,-29.46780342844289],[130.68970700111007,-28.855812542537866],[131.04627509569076,-28.988680722902583],[131.10719545287418,-29.316703994246673],[131.86473519955487,-29.49916488823951],[131.99627672757677,-30.078086840728414],[132.37970315986377,-30.485815077892592],[131.74606622368043,-31.639244252225065],[131.3140891642573,-31.64147280219311],[131.02095698499522,-31.357887021404334],[130.101764324819,-31.756104524679003],[129.79143447881864,-31.559541491483348],[129.42663521272786,-31.724255229153982],[128.80963351590856,-31.584022890924118],[128.10456066937883,-32.1408741655062],[127.31287024553316,-32.231218781596766],[126.97042590162987,-32.624886829225105],[125.92724097323952,-32.40645595513493],[125.87057647691049,-32.02828523356193],[126.29505954446745,-31.5706646476901],[125.96366835851961,-31.514905656946613],[125.7240642140988,-31.070203011495813],[125.76953947900523,-32.624088316268505],[125.22861362744425,-32.61507964339502],[124.72476081602484,-33.18965469290344]],[[124.42629566668363,-31.5117040490678],[124.59089099759953,-31.947953415823925],[124.29665301053973,-32.471923240014],[124.63213948609197,-32.202382412808504],[125.02864341029354,-32.25125296401613],[125.02132708645087,-31.590942780862623],[124.42629566668363,-31.5117040490678]],[[127.06695325986396,-31.151532980918006],[127.10637473956432,-30.965343710663046],[126.92977895282296,-31.130153864775874],[127.06695325986396,-31.151532980918006]]]}},{"type":"Feature","properties":{"id":122,"type":"seismic_zone"},"geometry":{"type":"Polygon","coordinates":[[[122.10593926869358,-32.805389537005496],[121.85023908360353,-32.118511204118604],[122.01784503059011,-31.51653098016476],[122.3812488156112,-31.37803820741867],[122.83169292017519,-31.919423174947458],[122.49011829423262,-32.74498229069825],[122.10593926869358,-32.805389537005496]]]}},{"type":"Feature","properties":{"id":123,"type":"seismic_zone"},"geometry":{"type":"Polygon","coordinates":[[[121.24286521732981,-31.07912837902416],[120.95556300964245,-31.276026027033147],[119.98724656840807,-30.96086538386141],[119.6644487068068,-31.163132917761192],[119.3068102128923,-30.82094187803255],[119.58233913990111,-30.351713797862136],[120.31048016863417,-30.23479565214203],[121.14378838543993,-30.465651586911598],[121.24286521732981,-31.07912837902416]]]}},{"type":"Feature","properties":{"id":124,"type":"seismic_zone"},"geometry":{"type":"Polygon","coordinates":[[[123.33043453855602,-30.46782356114919],[123.69079584201768,-30.06975399996731],[124.06470043193428,-30.394092338187285],[123.98905950652833,-30.758266161545052],[123.65064114741656,-30.949879243788022],[123.33043453855602,-30.46782356114919]]]}},{"type":"Feature","properties":{"id":125,"type":"seismic_zone"},"geometry":{"type":"Polygon","coordinates":[[[122.07651898817873,-29.24413214672403],[122.04606228885802,-29.632011338353948],[121.77799041362982,-29.770030586467655],[121.32739100269474,-29.22898524900907],[121.68906205294984,-28.891059145537643],[122.07651898817873,-29.24413214672403]]]}},{"type":"Feature","properties":{"id":126,"type":"seismic_zone"},"geometry":{"type":"Polygon","coordinates":[[[123.2983068099048,-26.617358136770893],[123.73954777386349,-27.118657605619028],[123.51956036418126,-27.439356995471663],[122.86218305493317,-27.585683801534998],[122.3724935332726,-27.314941610709003],[122.54116393210185,-26.747791569979515],[123.2983068099048,-26.617358136770893]]]}},{"type":"Feature","properties":{"id":127,"type":"seismic_zone"},"geometry":{"type":"Polygon","coordinates":[[[120.31578193915013,-22.386486655636844],[120.64832100537382,-22.372299611328792],[120.83688065115926,-22.71242873247519],[120.16053212432544,-23.32303467532806],[119.84532311303903,-22.94140228780854],[120.31578193915013,-22.386486655636844]]]}},{"type":"Feature","properties":{"id":128,"type":"seismic_zone"},"geometry":{"type":"Polygon","coordinates":[[[121.41516910844119,-19.610365672358576],[121.75676020809541,-19.424467636576672],[122.11807154966904,-19.546477487337963],[122.56813675715595,-20.111979849245593],[122.47356830776415,-20.580939511045724],[121.96105350339798,-20.631037182715424],[121.41516910844119,-19.610365672358576]]]}},{"type":"Feature","properties":{"id":129,"type":"seismic_zone"},"geometry":{"type":"Polygon","coordinates":[[[118.64765196836751,-17.472780114874883],[120.26081786700009,-16.306546863931793],[120.71288419803395,-16.508130673662592],[120.62683750471035,-16.887391172052062],[119.99006370409002,-17.491157773192235],[118.986878395339,-18.085091662409436],[118.51110940808599,-17.948549102127906],[118.64765196836751,-17.472780114874883]]]}},{"type":"Feature","properties":{"id":130,"type":"seismic_zone"},"geometry":{"type":"Polygon","coordinates":[[[123.35292272734672,-15.021728078253943],[123.17736684527296,-15.746652610219817],[121.5691506412887,-17.40378335160775],[121.18026046526403,-17.40113947906088],[121.03388125762245,-17.040840038815993],[121.34100794487955,-16.56116560878403],[122.85844034714898,-14.999656021848223],[123.35292272734672,-15.021728078253943]]]}},{"type":"Feature","properties":{"id":131,"type":"seismic_zone"},"geometry":{"type":"Polygon","coordinates":[[[120.9734956532298,-16.157295131694877],[120.59613011041915,-16.25130473849002],[120.38507669578824,-15.803581100323985],[122.25262218586128,-12.801472348493398],[123.80358649104903,-12.559025517035971],[123.80780843451214,-13.053982257765295],[122.6899307064488,-13.544053281634596],[120.9734956532298,-16.157295131694877]]]}},{"type":"Feature","properties":{"id":132,"type":"seismic_zone"},"geometry":{"type":"Polygon","coordinates":[[[124.70528046589752,-13.45611995660468],[124.03684076462788,-14.024446943240617],[123.58918452605555,-13.81325060788587],[123.68331459839143,-13.435915095970287],[124.41780049006475,-12.764089537978444],[124.88682608246454,-12.922250828040271],[124.70528046589752,-13.45611995660468]]]}},{"type":"Feature","properties":{"id":133,"type":"seismic_zone"},"geometry":{"type":"Polygon","coordinates":[[[119.60630454074553,-4.864375884011863],[119.1836295102301,-3.309527033955066],[119.61147296604494,-3.0606295102301],[120.13704524353848,-3.6173975542291283],[120.23425798968688,-4.546200482032079],[120.89654189593826,-5.701085320371921],[120.86430093289252,-6.66275099878597],[120.60363582059767,-6.9513619104003315],[120.17863808959967,-6.697635820597677],[120.20475694652096,-5.8227836170116545],[119.60630454074553,-4.864375884011863]]]}},{"type":"Feature","properties":{"id":134,"type":"seismic_zone"},"geometry":{"type":"Polygon","coordinates":[[[122.44198036772146,0.8424476321647244],[122.44926754099183,1.3223705571203688],[122.93437055712037,1.4207324590081778],[123.60352153613407,0.19833918611196105],[123.59016376373894,-0.19033050525487696],[123.10166949474512,-0.27016376373895157],[122.44198036772146,0.8424476321647244]]]}},{"type":"Feature","properties":{"id":135,"type":"seismic_zone"},"geometry":{"type":"Polygon","coordinates":[[[122.93746251321485,6.6750305813013435],[123.40103058130134,6.848537486785142],[124.05611363377211,5.916888761925293],[125.13128846067511,5.224914725755055],[125.40763853271106,4.452158899029411],[125.20431532931288,3.584289068482089],[124.71328906848208,3.646684670687116],[124.60748768801535,4.7542501295334665],[123.2931518105131,5.679958819112964],[122.93746251321485,6.6750305813013435]]]}},{"type":"Feature","properties":{"id":136,"type":"seismic_zone"},"geometry":{"type":"Polygon","coordinates":[[[125.82857524217812,-26.911923495912085],[125.72515205747717,-28.340484852806195],[125.2301857032939,-28.343367252245272],[125.06492081499181,-27.623797511883755],[125.39268909205975,-26.67739574886497],[125.82857524217812,-26.911923495912085]]]}},{"type":"Feature","properties":{"id":137,"type":"seismic_zone"},"geometry":{"type":"Polygon","coordinates":[[[126.73702673524961,-26.383369984452038],[126.57806958009564,-25.392873543833634],[126.1621013759692,-25.103632712212967],[125.66478530151542,-25.322765850699277],[125.41799297374348,-25.02880234200761],[125.52084610928995,-24.653750623468934],[125.9345352783045,-24.626860512127582],[125.87534396708682,-24.242475740803965],[126.12177283606191,-24.045736892759464],[128.23101524387,-25.805317774034968],[127.64356004837117,-26.479838305634374],[127.24055775783518,-26.16743892631322],[126.73702673524961,-26.383369984452038]]]}},{"type":"Feature","properties":{"id":138,"type":"seismic_zone"},"geometry":{"type":"Polygon","coordinates":[[[127.66506209731695,-21.820894743673477],[127.9605646864272,-21.992589547858326],[127.9887215513,-22.37409713798852],[127.4636122526485,-22.824836482383244],[127.17541140169969,-22.422418454067504],[127.66506209731695,-21.820894743673477]]]}},{"type":"Feature","properties":{"id":139,"type":"seismic_zone"},"geometry":{"type":"Polygon","coordinates":[[[126.77898083450843,-20.35643972079443],[126.09448820721212,-20.40226006497412],[125.62402773268418,-19.965142162511906],[125.5969114740641,-19.577189500980886],[125.94495605471427,-19.403674288533644],[126.76554421258724,-19.875686932647735],[127.17372304908399,-19.753772602547407],[127.94677297229505,-20.655855579608865],[127.94303022257182,-21.04473673227001],[127.23796240471992,-21.2268504939123],[126.77898083450843,-20.35643972079443]]]}},{"type":"Feature","properties":{"id":140,"type":"seismic_zone"},"geometry":{"type":"Polygon","coordinates":[[[124.11670751275949,25.41859830785921],[125.40519155631326,25.239280394297367],[125.735652890054,24.562077405902645],[125.39325963052622,24.37766098879046],[124.89864993486451,24.835179255928228],[124.04350769151465,24.735962041876373],[123.81396204187637,25.174492308485352],[124.11670751275949,25.41859830785921]]]}},{"type":"Feature","properties":{"id":141,"type":"seismic_zone"},"geometry":{"type":"Polygon","coordinates":[[[126.44343389933132,54.33634831719329],[127.93224713179357,54.413901988917765],[128.13116732910234,53.960657292200146],[127.81238863233615,53.73789575701374],[126.55083075557286,53.85316520980083],[126.44343389933132,54.33634831719329]]]}},{"type":"Feature","properties":{"id":142,"type":"seismic_zone"},"geometry":{"type":"Polygon","coordinates":[[[132.54878951326685,-32.1828552977185],[132.11599965237292,-32.34377321985987],[131.89601240463548,-32.023073718919406],[132.11452420822977,-31.3055359896922],[132.49538538892224,-31.03832761445919],[132.82315657558442,-31.409226588836397],[132.54878951326685,-32.1828552977185]]]}},{"type":"Feature","properties":{"id":143,"type":"seismic_zone"},"geometry":{"type":"Polygon","coordinates":[[[132.81450156495046,-29.6504294948841],[132.07154422752325,-29.664958098812985],[131.88990357154637,-29.321084239430157],[132.9374705153727,-28.414331575847786],[133.3205579399467,-28.481313545091894],[133.4841750140524,-28.88716656958627],[134.01839819179972,-28.68554817556951],[134.74815851973608,-29.203265752668553],[134.53025278841483,-29.647694703410224],[133.52617843482403,-29.786144948052435],[133.11082117045805,-30.424743001620964],[132.69897728646023,-30.15018041273895],[132.81450156495046,-29.6504294948841]]]}},{"type":"Feature","properties":{"id":144,"type":"seismic_zone"},"geometry":{"type":"Polygon","coordinates":[[[129.4079310515471,-27.14239232931647],[129.25119503248246,-26.114434648472063],[129.43392579862666,-25.454024053755834],[129.96072629910282,-25.296456055902357],[130.26508299159315,-25.737565874013953],[129.9550648914139,-26.017160174827623],[129.89793105154345,-27.2123923293419],[129.4079310515471,-27.14239232931647]]]}},{"type":"Feature","properties":{"id":145,"type":"seismic_zone"},"geometry":{"type":"Polygon","coordinates":[[[132.1980918031865,-25.77879834159534],[132.46869356120746,-26.078128946141987],[133.04390967158292,-25.917916524564173],[133.09827462833255,-26.50854952485621],[132.7205477866198,-26.601096767496077],[132.4488947953931,-26.26443701967178],[131.88722830421366,-26.38406912895464],[131.78792081162396,-26.00806303726715],[132.1980918031865,-25.77879834159534]]]}},{"type":"Feature","properties":{"id":146,"type":"seismic_zone"},"geometry":{"type":"Polygon","coordinates":[[[129.01983856299384,-23.56557148188287],[129.01751612241677,-23.144079196186627],[129.53574010062565,-22.88063814103379],[130.2112664379602,-23.105746936402294],[130.4295567189316,-23.42760391132125],[130.21573572138203,-23.75244716594949],[129.45543258562554,-23.951596466018575],[129.01983856299384,-23.56557148188287]]]}},{"type":"Feature","properties":{"id":147,"type":"seismic_zone"},"geometry":{"type":"Polygon","coordinates":[[[131.92239313113234,-22.912690363987593],[133.75302850451646,-23.28983838166056],[133.82645326978925,-23.77933690448227],[133.01354412852606,-23.91450982988976],[131.71403067596648,-23.67134557037101],[131.44361094577164,-23.391853658874613],[131.92239313113234,-22.912690363987593]]]}},{"type":"Feature","properties":{"id":148,"type":"seismic_zone"},"geometry":{"type":"Polygon","coordinates":[[[132.92899108399425,-21.978804056848467],[132.598947467091,-22.4465337171199],[131.12705693228878,-22.00403646499178],[131.20455270595343,-21.448855657713736],[130.5257330959077,-21.061384882977997],[130.62836118271676,-20.627513846487304],[130.94678842065244,-20.48037633493497],[130.40347843298125,-20.17723689078851],[130.45170580343284,-19.712954356080893],[130.74242045960435,-19.626456114091173],[131.90863618956803,-20.25776123993918],[133.18252647521626,-20.451960589326774],[133.3665108705422,-20.155639841969062],[133.70621021306098,-20.124173689352066],[133.48758743912197,-19.776454796961865],[133.61417391134287,-19.472535282285182],[134.30327590643634,-19.571875392293457],[134.39750143103106,-20.015176266478562],[133.94004412465551,-20.183651661107344],[134.19024214029398,-20.703097309629605],[133.59055983390436,-21.19615013105054],[132.18230096203354,-21.00835006701273],[132.22305079800296,-21.533911760002454],[132.92899108399425,-21.978804056848467]],[[131.42770169601465,-20.699310244705128],[131.3372994060321,-20.618528129517237],[131.31204449456456,-20.615207375396846],[131.42770169601465,-20.699310244705128]]]}},{"type":"Feature","properties":{"id":149,"type":"seismic_zone"},"geometry":{"type":"Polygon","coordinates":[[[137.2862662972315,-33.833092643124715],[136.6545547859008,-34.15625932064134],[136.3370355039492,-33.776546922122435],[136.9172341707608,-33.12768905545207],[136.94454797580318,-32.6778868442681],[137.54707731079588,-32.48086742221536],[137.94806253030475,-31.628721292361107],[138.46782005178082,-32.026175708393886],[138.42455428697795,-32.89638061400598],[138.7041666100161,-33.41348730129438],[139.1213677050468,-33.12594966417747],[139.465064879457,-33.74730837249156],[140.25257795840625,-33.60900294143718],[140.55873325344967,-33.2551497247508],[140.27362370275682,-33.203766021093095],[140.09913329313284,-32.77994860623954],[140.77323567157254,-32.16711421258867],[141.03452566845152,-29.803203253634],[141.38616251533819,-29.63708857342137],[141.76769382186035,-29.912979276158637],[141.59677842610483,-30.643824326727987],[141.7556513575932,-31.337775997105613],[141.53039441894947,-31.96888474810252],[142.2654757592109,-31.704477150279843],[142.59089261365187,-32.12981626727702],[142.311083323734,-32.586671988496974],[141.68248281310602,-32.8511217664917],[141.68950465094215,-33.24624556397072],[140.32935259948525,-34.67338770965256],[139.89457549355797,-34.75129053806163],[140.10536040563653,-35.221922896833014],[139.9284163228886,-35.6588643101889],[139.48962681028172,-35.919379071024196],[139.08307885471405,-35.641738359962126],[138.4820729177482,-35.987052246395855],[137.9348523076684,-35.38971514576234],[137.47440662195027,-35.428080506806836],[137.1312136267099,-34.227688322963516],[137.2862662972315,-33.833092643124715]],[[137.74761506938185,-33.19230185637151],[137.63039868450676,-33.47526225463399],[137.52461965402284,-33.596954933975084],[137.95798874015705,-33.527679636142956],[137.74761506938185,-33.19230185637151]],[[138.05906781462474,-35.16266428536602],[138.26315056044731,-34.7564478766673],[138.22048464708345,-34.66573344726233],[138.05906781462474,-35.16266428536602]]]}},{"type":"Feature","properties":{"id":150,"type":"seismic_zone"},"geometry":{"type":"Polygon","coordinates":[[[135.85735391412487,-28.110809816786542],[136.3974935705722,-28.276152729007418],[136.4858606219752,-28.61331681284241],[136.26161728612044,-28.931054889558563],[135.80012694459944,-28.720124756354775],[135.85735391412487,-28.110809816786542]]]}},{"type":"Feature","properties":{"id":151,"type":"seismic_zone"},"geometry":{"type":"Polygon","coordinates":[[[136.81291354396632,-28.8152741733305],[136.52826183816495,-28.638530404276892],[136.43840313460908,-28.015781096871866],[136.75134918615245,-27.632290850811454],[137.09483485669236,-27.814664514492065],[137.18469356024784,-28.437413821896143],[136.81291354396632,-28.8152741733305]]]}},{"type":"Feature","properties":{"id":152,"type":"seismic_zone"},"geometry":{"type":"Polygon","coordinates":[[[134.01580474566413,-22.962588592926352],[134.21855332017014,-22.253812954440594],[133.9190406870704,-21.880451242097315],[134.2817694526531,-21.543660739531017],[134.62395376967962,-21.743217291051025],[134.54345673973498,-22.189308296519414],[135.02301933529506,-22.685708495845606],[134.5036148963292,-23.209863316980147],[134.01580474566413,-22.962588592926352]]]}},{"type":"Feature","properties":{"id":153,"type":"seismic_zone"},"geometry":{"type":"Polygon","coordinates":[[[133.3009369359302,-21.82191032137315],[133.59859387067388,-21.835919642699288],[133.78487613725798,-22.1638949695823],[133.58949710812527,-22.64641069711577],[133.26241154815875,-22.810605678377595],[132.94407874020246,-22.431575041913117],[133.3009369359302,-21.82191032137315]]]}},{"type":"Feature","properties":{"id":154,"type":"seismic_zone"},"geometry":{"type":"Polygon","coordinates":[[[135.16955253657477,55.680177336210406],[137.81809312215447,56.99003311466798],[138.27134779141582,56.57857917865257],[138.14352057533787,56.2112880653646],[137.44017911553175,55.78086717418568],[135.45937502150605,55.27892563561805],[135.16955253657477,55.680177336210406]]]}},{"type":"Feature","properties":{"id":155,"type":"seismic_zone"},"geometry":{"type":"Polygon","coordinates":[[[137.77692565636565,-30.73756178348652],[138.02753793241985,-30.24549353166773],[138.4609617681594,-30.224203265321428],[138.5310644466281,-31.43067768243402],[138.03801320136418,-31.474272057572303],[137.77692565636565,-30.73756178348652]]]}},{"type":"Feature","properties":{"id":156,"type":"seismic_zone"},"geometry":{"type":"Polygon","coordinates":[[[140.08146982645536,-30.007132479301347],[139.5178539037462,-31.13613799737669],[139.1678992951782,-31.104541028716042],[138.80325697419218,-30.51240221743606],[139.62424761258944,-29.51183420169379],[140.08146982645536,-30.007132479301347]]]}},{"type":"Feature","properties":{"id":157,"type":"seismic_zone"},"geometry":{"type":"Polygon","coordinates":[[[137.57191318051488,39.61474081440864],[138.305,40.24126439392578],[138.13923854566434,41.49491994818127],[138.4729729533527,42.05296126287869],[138.46106924426047,42.75894277904076],[138.22727032782262,44.3087534140744],[138.5907534140744,44.644729672177384],[138.90537128974128,44.416129253583264],[139.15090360835063,43.200213699726554],[139.15347752854618,41.876912921184754],[138.83413622118033,41.34386838282815],[139.10499429085246,40.80851386340007],[139.0026678217527,40.03166284940991],[137.8524330444596,38.640901396167024],[137.43290139616704,38.90356695554043],[137.57191318051488,39.61474081440864]]]}},{"type":"Feature","properties":{"id":158,"type":"seismic_zone"},"geometry":{"type":"Polygon","coordinates":[[[140.48253140975675,41.382880041567695],[139.9186595588833,42.10870883420241],[139.96154316849268,42.81888808096259],[140.43704308061146,43.202510252707214],[140.7494975201945,42.893224296104165],[140.63945807538244,42.27828161763062],[140.96027471369908,42.103291155029495],[140.9379426534323,41.57678878075676],[140.48253140975675,41.382880041567695]]]}},{"type":"Feature","properties":{"id":159,"type":"seismic_zone"},"geometry":{"type":"Polygon","coordinates":[[[140.23744534345138,67.88924193320763],[140.95924360235566,67.33318249817125],[140.81510608602372,66.79851286832316],[139.93064262069615,66.77670833666126],[138.9396736436568,67.42555606654597],[138.6487153965919,68.2322294900446],[137.59777157452396,68.64853187871674],[137.3187751948137,68.9967415070816],[137.34388499281744,69.39764538923905],[137.70970820030433,69.52961485515654],[138.72786156886195,69.05556956009208],[139.30921014590976,68.62160816057417],[139.6165294502769,67.93394321116212],[140.23744534345138,67.88924193320763]]]}},{"type":"Feature","properties":{"id":160,"type":"seismic_zone"},"geometry":{"type":"Polygon","coordinates":[[[145.97251004515715,-42.783855958877204],[145.65761554255386,-43.03898730085918],[145.2885449635835,-42.91639257499772],[145.3778984489234,-42.01680102156856],[145.7667635333486,-42.01165270286084],[145.92309513728472,-42.25220410576058],[146.31010816272203,-42.097183448551796],[146.8668099306481,-41.401698401865936],[147.42537902445466,-41.6405712203416],[147.44301567432515,-42.02907026493747],[146.67370903835587,-42.66933024365849],[146.61169695322985,-43.37650070502396],[146.11796396726987,-43.34146160436349],[145.97251004515715,-42.783855958877204]]]}},{"type":"Feature","properties":{"id":161,"type":"seismic_zone"},"geometry":{"type":"Polygon","coordinates":[[[145.96405709599998,-39.242058228183886],[145.1448954434082,-38.763049263802934],[144.55720311001605,-39.09835715428397],[144.35027941129397,-38.65160973857838],[143.32877520279706,-39.11890664325385],[142.13388245289283,-38.52479957978758],[142.2957660222918,-37.750719923289886],[142.6790408648562,-37.81364566230837],[142.78848902296048,-38.14082303018534],[143.28900419552826,-38.02920886317012],[143.21415969192824,-37.55061190705291],[142.9593022940139,-37.7323154980162],[142.60680057416374,-37.56804408670782],[142.371315751025,-36.879372837511035],[142.90815530794185,-36.654515702737],[143.23824267466404,-37.248083611068736],[143.2009417869508,-36.26045848814078],[143.59157991736134,-35.38811491394461],[144.08561099812718,-35.418664729612644],[144.0954872108233,-36.185736514798876],[144.5064540919336,-35.961316967227226],[144.63752361973582,-35.25970389141752],[145.1792911345791,-35.36564959858945],[145.21533888427516,-36.102299212620494],[145.5489661220244,-36.5679643241407],[144.94351299244326,-37.114508108235256],[145.53175392833688,-37.86123277099864],[146.29624857082246,-37.812767573838734],[146.35517020744032,-37.54511751689605],[146.71949922167832,-37.409077344686],[147.53559304662303,-38.00736648951545],[147.30424452449535,-38.72345835792254],[145.96405709599998,-39.242058228183886]],[[143.2649882890597,-37.39395351971226],[143.31307093000217,-37.429627962652624],[143.25712583056333,-37.3414929789494],[143.2649882890597,-37.39395351971226]]]}},{"type":"Feature","properties":{"id":162,"type":"seismic_zone"},"geometry":{"type":"Polygon","coordinates":[[[140.61871220420696,-37.30192278144862],[140.78150232741496,-36.9487345386425],[141.17010279917153,-36.96397371254131],[141.74575372823347,-37.672941944785826],[141.70788844621515,-38.05999333606123],[141.21532902063458,-38.108831971092826],[140.61871220420696,-37.30192278144862]]]}},{"type":"Feature","properties":{"id":163,"type":"seismic_zone"},"geometry":{"type":"Polygon","coordinates":[[[147.5909613694641,-36.31553565015739],[148.60052219442994,-35.148533269897264],[149.02820998053045,-34.96842478800229],[148.98000419503512,-33.976718337144064],[149.45678824904692,-33.84376358604411],[150.00030431504683,-34.89957089730336],[149.8450499033599,-36.01856984250128],[149.2603881258259,-36.256666044580115],[149.28342883158857,-36.690016110777854],[148.6728222168065,-37.157213879835126],[148.08199895700773,-37.17694927595132],[148.17288108163996,-37.55792566924271],[147.90181511621765,-37.83679087227139],[146.76274645543293,-37.31614028865209],[146.68346067707225,-36.823803493068354],[146.1655274720485,-36.470849550898095],[146.8921944281937,-35.84003778376016],[147.2359586721823,-36.02188580719044],[147.2545238683419,-36.35306416330379],[147.5909613694641,-36.31553565015739]]]}},{"type":"Feature","properties":{"id":164,"type":"seismic_zone"},"geometry":{"type":"Polygon","coordinates":[[[142.11024349749025,-34.53902212017734],[142.25493721994727,-36.64393405845153],[141.82637272970982,-37.00827134771536],[141.51810323464136,-36.77117964081529],[141.5166985735356,-35.285127245236744],[141.00899324495248,-35.42874945881447],[140.83025775366033,-34.96717213684928],[141.53958831800688,-34.111759743663754],[142.06026903000915,-34.13002987345968],[142.84391170104064,-33.05896118491171],[143.63087007399434,-32.625531151655615],[143.96128812621055,-33.52982991961536],[143.55066401301198,-34.48953611464317],[143.15350822730096,-34.656535616913665],[143.20035705552064,-35.948674738863936],[142.86530568207343,-36.14611621429827],[142.58468700819355,-35.98574251448539],[142.4508355474651,-34.63770030842044],[142.11024349749025,-34.53902212017734]]]}},{"type":"Feature","properties":{"id":165,"type":"seismic_zone"},"geometry":{"type":"Polygon","coordinates":[[[144.27227352870182,-15.333228684570757],[143.98960125543292,-15.557283365076907],[143.64380171229348,-15.379336083459279],[143.47820367388232,-14.57913989348913],[143.63349502975032,-14.229766180381949],[144.12049517577043,-14.318258314362215],[144.27227352870182,-15.333228684570757]]]}},{"type":"Feature","properties":{"id":166,"type":"seismic_zone"},"geometry":{"type":"Polygon","coordinates":[[[146.2692251661674,-6.712594618313163],[143.9449302175893,-5.0404838213708825],[143.92451617862912,-4.545930217589319],[144.30248912720543,-4.454393289439686],[144.75559572349212,-4.699744215290648],[145.24870510927747,-4.42016125477654],[145.9876717211666,-5.154833322270692],[145.93557970090254,-5.5345350367345185],[146.6323610126019,-6.113422106186513],[146.91179964178195,-5.5682161302055775],[148.01326034642864,-6.068115778285884],[147.8379392013278,-6.64435783637895],[147.03628654405094,-6.333790117567694],[147.26293811486642,-6.833072989796059],[148.5285359422399,-7.0329875155934145],[150.52244465717177,-6.372647706992345],[152.11368606382567,-5.435686493085221],[152.98977395988877,-5.356364647522048],[152.85270358359978,-4.93615655808094],[153.27484344191907,-4.677703583599766],[154.2109758890953,-6.042795667555102],[154.77230404769745,-6.167591361235357],[155.18567438763714,-7.015782684134583],[156.02332733205944,-7.427000432393455],[156.89296201636415,-8.265548037121697],[159.17964380556583,-9.347846122058291],[161.33872948469542,-10.841410628932314],[162.11393891802447,-11.08162129068784],[164.50860210188605,-10.740016494262361],[165.26706924838692,-10.99775319994819],[166.0408948877682,-11.999357835624133],[166.57971703786518,-14.126413099284443],[166.61841498875629,-15.760085302766111],[167.4797213974528,-17.176401324523155],[168.3156405185678,-19.610413458074877],[169.60459078216428,-21.682396302991684],[170.31501098012754,-22.29912548847086],[171.37734626750606,-22.732849695482372],[172.86163165345002,-22.689989659582956],[173.4823324573574,-22.484684995674204],[173.7936527902252,-22.014445873035502],[173.76310567779706,-21.494172946101774],[173.23619490941454,-21.45954139966972],[173.0290204510927,-21.136216437309113],[173.09875314937037,-18.844408938719674],[172.9027636203002,-18.49690835065768],[173.5373881493484,-17.04083881277472],[173.12866923098264,-16.38452363096483],[173.005627814968,-15.241500298659526],[172.41134508444327,-13.825463344202397],[171.34662216164062,-14.412172142766499],[169.72114008645457,-14.30254402224634],[168.37783425466966,-13.889807237377745],[168.22993086141238,-13.556800298230451],[168.40631821511064,-13.219855782852711],[170.95527334837246,-13.742250623849815],[171.1632461502271,-13.469153716447948],[172.37360584363935,-13.09025002410807],[173.36301144514368,-13.351275327820643],[173.86867843806917,-12.95255351997738],[175.3949337431329,-12.903486080721361],[178.63076134550576,-14.190623990778667],[180.19859308016413,-15.074504002568048],[180.34226159090085,-15.435892876349804],[179.67746898080208,-16.021197165118984],[177.74847875307287,-16.578450313511226],[177.53684539477115,-16.836976493657325],[176.48451892758197,-16.91221179779174],[176.35196377101263,-17.473356459704014],[176.65549561092863,-17.68009249635742],[176.66896837795508,-18.16286664813885],[175.91913884479436,-19.892514800147566],[176.46466638157816,-21.09971713514809],[176.31375281268373,-21.458140981723755],[173.7391180673997,-23.158696740996522],[172.4345131892362,-23.5279712395743],[171.17732028189414,-23.404039154317683],[169.95025115202708,-22.89892756092925],[169.06365108489913,-22.147296524789194],[167.70032386868647,-19.944747431085275],[166.83563961950657,-17.481143588569203],[165.93997639938794,-15.945810841013364],[165.79124706315204,-13.75625484638661],[165.30250901444037,-12.03354574448282],[164.89069341230322,-11.588348832609931],[164.44366235013604,-11.440679967368492],[161.77985539933493,-11.72536562811856],[156.75660344155173,-8.952739261537557],[156.7428278555016,-9.331916386957927],[156.26653464263418,-9.837845364828198],[154.5687369061851,-10.182229522567702],[154.23160990336999,-10.667354468534972],[152.70701199559906,-10.70117432202723],[152.50825314896534,-10.405548842517394],[151.33135548825504,-9.953229187859543],[151.26777081214044,-9.46235548825505],[151.63629077447263,-9.33811541246132],[153.3228892847081,-10.048],[156.04947895449237,-8.91922091047106],[155.96672639172152,-8.32778198961019],[155.472500997126,-7.909491676782376],[154.31449888573513,-8.89897792575563],[153.82102207424435,-8.860498885735142],[153.77503309023865,-8.474328492746922],[154.75825969378585,-7.598889579439066],[153.3319084253705,-6.2438410384633745],[152.66451051864175,-6.001117141754561],[149.9955419375119,-7.268637132305416],[151.7731620968774,-7.617626581210958],[153.1321702313409,-8.239842029567946],[153.5863546472389,-8.868755460640877],[153.58589154141268,-9.300064840426554],[153.2762445393591,-9.535354647238904],[152.94036832506924,-9.339319630609603],[152.74966461421562,-8.827567590529913],[151.569536367344,-8.287595782903791],[149.05228360960655,-8.001657648970061],[147.29486574507465,-7.394633076091721],[148.43718305601737,-9.083928435595935],[149.20741521101584,-9.15910593766896],[150.94320370192176,-10.099766400023983],[150.82823359997602,-10.581203701921737],[150.22203352261536,-10.545094957903952],[147.95117609468312,-9.611857660133913],[146.3252287186501,-7.346875230032895],[146.2692251661674,-6.712594618313163]],[[179.36159601144536,-15.36764191432475],[175.16906934050283,-13.555186758501584],[173.19100697371962,-13.802524913293839],[173.88382411418687,-15.545030588836992],[173.96551310108566,-16.430860623335843],[174.4667793428228,-16.2148792393527],[174.92070528526654,-16.451227399640615],[177.02486647237785,-16.1648349073582],[177.28868645873564,-15.880172792659817],[179.36159601144536,-15.36764191432475]],[[175.7133299038384,-18.03852283193414],[175.75114483589797,-16.923868309018243],[174.92122065717717,-17.2211207606473],[174.45383341340138,-16.973848507655358],[173.73790398883764,-18.363519306179278],[173.73087769739718,-20.793783630927354],[174.3711777927404,-20.905293673653578],[174.44083267468577,-21.845659016906477],[175.65960341641107,-21.05110851660547],[175.209024681294,-19.75084352353081],[175.8630340625221,-18.50855335008388],[175.9080484413002,-18.141675444032803],[175.7133299038384,-18.03852283193414]]]}},{"type":"Feature","properties":{"id":167,"type":"seismic_zone"},"geometry":{"type":"Polygon","coordinates":[[[146.63442940956955,-3.1653266895789915],[146.750889290176,-3.536378781986095],[146.45264912334886,-3.7859691703456804],[145.40589036619556,-3.8349321689323386],[145.07834166034212,-3.6252791118015852],[145.2587208881984,-3.1643416603421044],[146.63442940956955,-3.1653266895789915]]]}},{"type":"Feature","properties":{"id":168,"type":"seismic_zone"},"geometry":{"type":"Polygon","coordinates":[[[142.70662475868832,42.57279540403139],[143.15729596815464,43.52394886905849],[143.6188526426153,43.589870469822934],[143.76754384534757,43.23051899104402],[143.56719926077048,42.053352183988544],[142.4209263249412,41.9415143988684],[142.2606772863471,42.35467564023495],[142.70662475868832,42.57279540403139]]]}},{"type":"Feature","properties":{"id":169,"type":"seismic_zone"},"geometry":{"type":"Polygon","coordinates":[[[142.13639870089503,42.28293364351609],[141.55825260307864,42.41377011414903],[141.17421376964214,43.04855536446506],[141.25806925213587,43.615224264817776],[141.8988735743868,44.20514116012148],[142.8180561461393,43.4303859108508],[142.6545796685932,42.918967207132184],[142.22592992997713,42.857054081298735],[142.13639870089503,42.28293364351609]]]}},{"type":"Feature","properties":{"id":170,"type":"seismic_zone"},"geometry":{"type":"Polygon","coordinates":[[[145.22948089182015,43.44029663836035],[144.6631728935244,43.23286814325669],[144.39399938679202,43.59502581064177],[144.01052452478663,43.55975081774482],[143.90755637754643,44.15504403318752],[145.42153011601695,44.445683126539656],[145.56169906591535,44.082922565625246],[145.22948089182015,43.44029663836035]]]}},{"type":"Feature","properties":{"id":171,"type":"seismic_zone"},"geometry":{"type":"Polygon","coordinates":[[[142.4424763678874,44.929959915611384],[142.15693118513522,44.53867304217216],[141.57802772128287,44.53852154583219],[141.39649833527832,45.12350061299375],[141.5492621081358,45.605936511119644],[142.03424968011961,45.7048660568642],[142.4424763678874,44.929959915611384]]]}},{"type":"Feature","properties":{"id":172,"type":"seismic_zone"},"geometry":{"type":"Polygon","coordinates":[[[142.29710816729926,47.06567338511794],[142.17177841074295,47.983851633050094],[142.5469189328007,49.10689789609443],[142.32253640847702,50.22487722532339],[142.714573574417,50.52704747621145],[143.06922383356718,50.18386528864811],[143.32574902859443,48.949435298631094],[142.87101095096412,47.88358190156206],[142.9852360413322,46.85975177394756],[142.38406840952743,46.18930127767598],[142.02388591888555,46.566079819012316],[142.29710816729926,47.06567338511794]]]}},{"type":"Feature","properties":{"id":173,"type":"seismic_zone"},"geometry":{"type":"Polygon","coordinates":[[[142.42271752475696,51.600678733264665],[142.71784336704076,53.31113001541099],[142.2544926109037,54.33903360893874],[142.62143500905358,54.6712282453193],[143.0381687520885,54.547720373970954],[143.316416631381,54.08430759158182],[143.45458707415565,52.23502466131765],[142.7903494010591,51.47383488202573],[142.42271752475696,51.600678733264665]]]}},{"type":"Feature","properties":{"id":174,"type":"seismic_zone"},"geometry":{"type":"Polygon","coordinates":[[[141.09250444202465,61.38235062624673],[141.8500268541421,62.6615401981505],[142.75071802396056,63.263029834752494],[143.13271655011982,63.19009366346072],[143.13652145205316,62.695133541106124],[142.30107730713124,62.122542320176024],[141.81207424683325,61.355027878661815],[141.84796556106693,60.56884865937275],[141.60276850989126,60.26698616556918],[141.16506955480878,60.49811302406833],[141.09250444202465,61.38235062624673]]]}},{"type":"Feature","properties":{"id":175,"type":"seismic_zone"},"geometry":{"type":"Polygon","coordinates":[[[145.76033885413133,65.34427072870982],[145.2410531618352,65.78910435228538],[145.37009607922587,66.15597011048837],[146.19762407971103,66.07627054780706],[146.75841093411952,65.72528086267432],[146.8761484258204,65.18846120060412],[150.70476864855638,63.75338167254951],[151.82953823886936,63.14942845519173],[151.95493913919714,62.670602167069426],[151.60517817114768,62.50057327452567],[148.89921144026758,63.758712518811876],[146.20570967967242,64.53222448511046],[144.35622741972432,64.94091300042334],[141.28069237695223,65.08783900146871],[140.76684454926522,65.21390748595368],[140.6158174929426,65.57228352774369],[140.88911823060124,65.84895890768522],[142.75563793369034,65.72966275870674],[143.12467378420317,65.9421876626927],[145.76033885413133,65.34427072870982]]]}},{"type":"Feature","properties":{"id":176,"type":"seismic_zone"},"geometry":{"type":"Polygon","coordinates":[[[143.54906014665698,67.89247335519926],[145.68910705633888,67.43238516898995],[146.41062691134232,66.96350430946826],[149.87819268520673,66.52596503964841],[150.43060700782902,66.1482588776709],[150.471210247801,65.65629785723061],[150.0272697162003,65.43739878367819],[149.66835452460884,65.85716771010476],[146.4984502113152,66.22365335065183],[145.4812644691461,66.76283638151364],[142.83695184093722,67.2688926117805],[142.83079983956503,67.76382912576904],[143.54906014665698,67.89247335519926]]]}},{"type":"Feature","properties":{"id":177,"type":"seismic_zone"},"geometry":{"type":"Polygon","coordinates":[[[150.92032084549095,-34.515963623664504],[150.53975789145446,-34.659506286661724],[150.20198506158144,-34.21608667606869],[150.3512253876831,-33.179141088038286],[150.63203871902036,-32.910515140581154],[151.03753782881356,-33.19436452310105],[150.92032084549095,-34.515963623664504]]]}},{"type":"Feature","properties":{"id":178,"type":"seismic_zone"},"geometry":{"type":"Polygon","coordinates":[[[152.21849728147342,-33.66673401761881],[151.11143298287777,-33.016011500506664],[151.4080342579021,-32.39061225429872],[151.76707569054975,-32.441626209983525],[152.45522538249855,-33.23203894496955],[152.21849728147342,-33.66673401761881]]]}},{"type":"Feature","properties":{"id":179,"type":"seismic_zone"},"geometry":{"type":"Polygon","coordinates":[[[148.15048395298098,-29.87177841047381],[148.64403460971343,-29.90929839500169],[148.88156905636743,-30.377869637632198],[148.68582529688143,-30.71391567568776],[148.1460843189459,-30.50652286096215],[148.15048395298098,-29.87177841047381]]]}},{"type":"Feature","properties":{"id":180,"type":"seismic_zone"},"geometry":{"type":"Polygon","coordinates":[[[149.18341152843544,-27.85932523550448],[148.3486259087349,-27.694147396511642],[148.2078724381619,-27.219607134234927],[148.55197733832574,-27.038404549391966],[149.186489670745,-27.277304646547897],[149.18341152843544,-27.85932523550448]]]}},{"type":"Feature","properties":{"id":181,"type":"seismic_zone"},"geometry":{"type":"Polygon","coordinates":[[[147.95652763017836,-26.530495400444085],[147.501874976852,-26.1830891071528],[147.5995538120114,-25.618104508012873],[147.8381767465698,-25.472304571676197],[148.2328518693769,-25.771021071784872],[147.95652763017836,-26.530495400444085]]]}},{"type":"Feature","properties":{"id":182,"type":"seismic_zone"},"geometry":{"type":"Polygon","coordinates":[[[151.59363670128437,-24.226264280130557],[150.80198738216953,-24.34260730924227],[150.27523324790963,-23.752560181283815],[150.17128471734807,-23.43355712455189],[150.3903020832367,-23.112194475026833],[151.1316903642358,-23.20245918390719],[151.51441023861636,-23.62348113135629],[151.59363670128437,-24.226264280130557]]]}},{"type":"Feature","properties":{"id":183,"type":"seismic_zone"},"geometry":{"type":"Polygon","coordinates":[[[149.9637314779208,-4.11788532687963],[148.34824464482477,-3.5378683632242933],[148.1831316367757,-3.0712446448247825],[148.51740219764864,-2.8724841074833645],[149.68358224968506,-3.2257246306515333],[150.629217656177,-2.707912669902596],[151.77757190717608,-3.7366944600407974],[151.4453055399592,-4.103571907176078],[149.9637314779208,-4.11788532687963]],[[150.4500291842974,-3.50137509317201],[150.44570390771804,-3.4922801352796835],[150.4231266272719,-3.505986960090668],[150.4500291842974,-3.50137509317201]]]}},{"type":"Feature","properties":{"id":184,"type":"seismic_zone"},"geometry":{"type":"Polygon","coordinates":[[[151.79016277304208,60.08110860241663],[153.9067116034094,60.84841052901567],[153.99052723384273,61.37845630151068],[155.17992605386002,61.64998049113316],[155.74535438540363,62.03075147599294],[156.15511535499135,61.756332373120145],[158.2845883685429,62.814735541400644],[158.71370410340475,62.47355879281026],[161.49493802251385,63.427127041887886],[161.9386957639221,63.207857648355116],[161.71942637038933,62.76409990694684],[158.42143620713009,61.60011664926304],[157.24778941573248,61.57786710779597],[155.82386473826554,60.731224922189774],[155.3889559667101,60.786190913785944],[152.90698278925385,59.61595220140952],[152.01806017260645,59.43348736995349],[151.6673765984835,59.6016051557791],[151.79016277304208,60.08110860241663]]]}},{"type":"Feature","properties":{"id":185,"type":"seismic_zone"},"geometry":{"type":"Polygon","coordinates":[[[168.95279200993835,-62.64887040790859],[168.9414278098063,-62.260137319497126],[169.29622146268693,-62.10087645504458],[173.64030896718586,-64.36051935507399],[175.70548136320443,-63.65650594976217],[180.10038201553135,-65.41478123475261],[180.3352947652474,-65.85046001553135],[179.86261698446864,-66.0742957652474],[175.58653001735348,-64.36609839215588],[173.49169953068966,-65.05908469170909],[168.95279200993835,-62.64887040790859]]]}},{"type":"Feature","properties":{"id":186,"type":"seismic_zone"},"geometry":{"type":"Polygon","coordinates":[[[165.65914193626804,60.656113761008264],[166.92991263279228,61.09751578824417],[167.87459291526946,61.73927507633789],[168.31509078168656,61.44336491351134],[167.31319406482314,60.46978880731699],[165.79787412092892,60.18097864239544],[165.65914193626804,60.656113761008264]]]}},{"type":"Feature","properties":{"id":187,"type":"seismic_zone"},"geometry":{"type":"Polygon","coordinates":[[[162.30207986374347,63.317262654847376],[172.81507060974513,66.99559428838741],[173.2840688293346,66.83735184774046],[173.2340162554928,66.45168709835005],[172.93427010787795,66.27345030789762],[166.7436843873715,63.91537548381275],[162.4734225519295,62.638556766258525],[162.04839826354205,62.89223836645992],[162.30207986374347,63.317262654847376]]]}}]}