{"type": "FeatureCollection", "metadata": {"name": "Volcanic Hazard Zones", "description": "Volcanic arc and risk zone polygons. Pacific Ring of Fire derived from PB2002 Pacific Plate boundaries buffered ~220km. Additional arcs are bounding polygons from geological literature.", "sources": ["Ring of Fire: PB2002 tectonic plate boundaries (Bird 2003) via fraxen/tectonicplates", "Volcanic arcs: Bounding polygons from geological literature (USGS, Smithsonian GVP)"], "license": "ODbL (Ring of Fire from PB2002); CC0 (arc bounding polygons)", "features_count": 11}, "features": [{"type": "Feature", "properties": {"name": "Pacific Ring of Fire", "arc_id": "ring_of_fire", "hazard_type": "volcano", "zone_type": "volcanic_arc", "description": "Circum-Pacific volcanic belt - the most volcanically active region on Earth, containing ~75% of Earth's active volcanoes. Generated by buffering Pacific Plate boundaries by ~220km (2 degrees).", "source": "Derived from PB2002 Pacific Plate boundaries (Bird 2003), buffered 2 degrees"}, "geometry": {"type": "MultiPolygon", "coordinates": [[[[-179.22399837752533, -68.11620803853198], [-179.26003884222803, -68.10444921062687], [-179.2974838578694, -68.09852840550363], [-179.4461247562406, -68.0437354474584], [-179.59672983169182, -67.9945979244415], [-179.88416284839676, -67.86845467230837], [-180.5650506361949, -67.66791668416687], [-180.92847796964085, -67.52081695582403], [-181.25622441540992, -67.30564255200264], [-181.53569486139358, -67.03066250437034], [-181.75614941508147, -66.70644414194707], [-181.9091161316077, -66.34544699457699], [-181.98871658584093, -65.961543980184], [-181.9918917769654, -65.56948827631594], [-181.91851968416685, -65.18434636380509], [-181.77141995582403, -64.82091903035915], [-181.55624555200265, -64.49317258459007], [-181.28126550437034, -64.21370213860644], [-180.95704714194707, -63.99324758491854], [-180.596049994577, -63.8402808683923], [-180.212146980184, -63.76068041415907], [-179.82009127631594, -63.757505223034606], [-179.4349493638051, -63.830877315833135], [-178.7521215005049, -64.03198670332264], [-178.58174785549954, -63.972857026526675], [-178.53937564447997, -63.96267279588145], [-178.49904878406707, -63.946154104959845], [-177.65988126325942, -63.69518995412344], [-176.33164329521952, -63.27545488812484], [-176.16340222018505, -63.2399641250386], [-175.99606943353433, -63.20041172808282], [-175.97178970732202, -63.199543114313435], [-175.94801762831, -63.194528350682674], [-175.77608535395777, -63.19254173816223], [-175.6042515300234, -63.18639433665488], [-175.58026887380217, -63.190279152660736], [-175.55597523677102, -63.18999844885643], [-175.38695902398382, -63.22159233130684], [-175.2172276402539, -63.249086166440335], [-175.19446369405267, -63.25757512092097], [-175.17058208984955, -63.26203926423289], [-175.01097713689956, -63.32599950646956], [-174.8498708752642, -63.38607800557852], [-174.3801104322756, -63.615968358937884], [-173.3775757623442, -63.17206080961761], [-173.3775757623441, -63.17206080961756], [-172.21008030453325, -62.57545815948395], [-172.14755656838577, -62.55090183659065], [-172.08872118406228, -62.5184884423315], [-171.96548700122938, -62.4793936485708], [-171.84514884951284, -62.43213059789569], [-171.77903578848276, -62.42024389367977], [-171.71500737004777, -62.39993152777611], [-171.58651408157883, -62.38562972592748], [-171.45926762992863, -62.36275163028759], [-171.3921059318747, -62.363991344125935], [-171.32534505554116, -62.356560599408134], [-171.19653058645216, -62.36760139969607], [-171.0672658446446, -62.36998745147665], [-171.0016364959584, -62.3843059418617], [-170.93470874476375, -62.390042377682036], [-170.81052336286174, -62.42600148834324], [-170.68420790243204, -62.453559992912474], [-170.62263300217813, -62.48040700828862], [-170.5581103720674, -62.49909017663556], [-170.26810563109925, -62.61493057475817], [-170.2677344543078, -62.61466673415943], [-170.26423301023652, -62.612662975920145], [-170.26117914907613, -62.610026863312754], [-169.53990848283556, -62.101679249914454], [-168.68257161586, -61.48362450851394], [-168.65915620557487, -61.470016726465], [-168.63836947538607, -61.45265685840196], [-167.73336947538607, -60.83665685840196], [-167.65630463996126, -60.79461065579538], [-167.5842541745213, -60.74445487404946], [-167.4846277796985, -60.70094458864972], [-167.38919457057625, -60.64887668992482], [-167.30540770714885, -60.62267299687059], [-167.22495676358733, -60.58753729291115], [-167.11875622641577, -60.564299190892214], [-167.01499879651814, -60.53184985774002], [-166.92770978726148, -60.522495667467005], [-166.84195005022204, -60.50373028669289], [-166.73325659778732, -60.501657395283296], [-166.6251622869574, -60.49007363737902], [-166.5377255995449, -60.49792842617351], [-166.4499527676274, -60.49625451164414], [-166.3429434283506, -60.51542649089827], [-166.23466624033358, -60.52515346556192], [-166.15044201762748, -60.54991537829555], [-166.06402915153893, -60.56539725760755], [-165.65502915153894, -60.68099725760755], [-165.57143878887427, -60.713768493678636], [-165.48483463971277, -60.737454438710465], [-164.44132030325974, -61.13637506218878], [-164.0735823588974, -61.27403722263127], [-163.99966187155218, -61.23392732341092], [-163.10318007098851, -60.6865965730455], [-163.04981975400776, -60.66082370677684], [-163.000486545774, -60.62799386319892], [-162.87365595699669, -60.575737143603234], [-162.75013502490793, -60.51607691959722], [-162.6927719746759, -60.50120935314977], [-162.63798190544983, -60.47863475729102], [-162.50339355061874, -60.45212555631547], [-162.37060690629153, -60.41770942520174], [-162.31144555265917, -60.41431851081626], [-162.25330417407443, -60.40286669173554], [-162.1161302081876, -60.403123743107095], [-161.97918076789588, -60.39527429750356], [-161.92049464850513, -60.403490346118225], [-161.86123630113477, -60.40360139080057], [-161.72674824277337, -60.43061481617917], [-161.59089889670526, -60.44963370587835], [-161.5349432862127, -60.469140979352524], [-161.4768452351137, -60.48081062041305], [-160.7538452351137, -60.70161062041306], [-160.72465118801742, -60.71376733363198], [-160.6938580881725, -60.720968935126706], [-160.62839159614848, -60.74324052035382], [-160.5695193501064, -60.71509912635489], [-160.48122519404944, -60.69259624076859], [-160.39578615109406, -60.66093541651518], [-160.29171937399676, -60.64429827885325], [-160.1895956439677, -60.61827075092706], [-160.09860794016603, -60.6134255873147], [-160.0086338640648, -60.59904144732445], [-159.90332095636487, -60.60302640865268], [-159.7980817863681, -60.59742234375425], [-159.70789714125243, -60.61042109903627], [-159.6168456852918, -60.61386641774227], [-159.51433376297197, -60.63832033823161], [-159.4100234352917, -60.65335509743218], [-159.3241075941976, -60.68369823673289], [-159.23547781476793, -60.704840612469425], [-158.84140571571677, -60.840853682943624], [-158.82490963714358, -60.83547237996571], [-158.66068454960106, -60.81583968676387], [-158.49714158854823, -60.79116131747474], [-158.46628487005006, -60.79259969752549], [-158.43561304199542, -60.788932958179224], [-158.27071334502202, -60.80171622688398], [-158.10549830509638, -60.80941769447611], [-158.0755151038191, -60.81684828360569], [-158.04471728098028, -60.81923577643979], [-157.88547997745385, -60.863943753203756], [-157.72494197998608, -60.90372909459663], [-156.98973992012859, -61.1647119191236], [-156.96095891574384, -61.17298157422962], [-156.39132012299777, -60.78743698507673], [-155.47740088362087, -60.1422886187854], [-155.4515622690236, -60.127613939450896], [-155.42851748002758, -60.108854464031666], [-155.2813119025305, -60.03092262786906], [-155.13647831155245, -59.94866641802213], [-155.10827329077264, -59.93931457217846], [-155.0820115088349, -59.9254113701252], [-154.9794738273882, -59.89475173472211], [-154.94755681592568, -59.867935307206764], [-154.91637367341602, -59.846574394466174], [-154.88895733341926, -59.820554762050115], [-154.19555372051158, -59.281187188500056], [-154.15012834062193, -59.243523815271175], [-153.41426253208235, -58.63339818372475], [-152.6426000085574, -57.961270357854474], [-152.49004949656793, -57.85273296991689], [-152.33846605209078, -57.74284901909146], [-152.33038501418477, -57.739134099363945], [-152.32313805520243, -57.733977997374026], [-152.15234416456124, -57.65728725341899], [-151.9822360581147, -57.5790871548924], [-151.97358555020014, -57.57702014859308], [-151.96547193390506, -57.57337693121862], [-151.78299817804805, -57.531480013528046], [-151.60090256876427, -57.487968953231174], [-151.59201502500912, -57.48762929425295], [-151.5833465531253, -57.485638968294495], [-151.39620529615712, -57.480145951918956], [-151.20912001618092, -57.47299603549794], [-151.2003369799075, -57.47439677674487], [-151.1914467769481, -57.474135829312814], [-151.00682975242395, -57.50525780779111], [-150.8225245073516, -57.53465128298131], [-150.6041853410642, -57.337545099837456], [-150.50502706098482, -57.264307750583356], [-150.41148098835197, -57.18402570944698], [-149.56043730951308, -56.587864444138894], [-149.09556103397185, -56.129913551469585], [-148.97923628878314, -56.03590027230562], [-148.97923628878308, -56.03590027230556], [-148.8674256800151, -55.936560799943], [-148.82703761787903, -55.9128938035368], [-148.79062995521912, -55.88346924947651], [-148.6581992764855, -55.81395624110737], [-148.52915690756072, -55.73833871652047], [-148.48492768876355, -55.72300579486161], [-148.44347914340608, -55.70124940798907], [-148.30003176784328, -55.658908016343005], [-148.15871666463178, -55.60991837859491], [-148.11234599324797, -55.603508767264], [-148.06744940954633, -55.590256633325524], [-147.91849793935103, -55.5767140143382], [-147.77034076201878, -55.55623490773385], [-147.7306692511811, -55.55857802226366], [-147.32528911531756, -55.189578155003275], [-147.2630295948082, -55.143196300894665], [-147.206707720783, -55.08976063124526], [-146.65017408047416, -54.656999287308466], [-146.10553162033557, -54.221775988080616], [-146.09135885008567, -54.21257091578875], [-146.07905744880807, -54.20098315072992], [-145.927081383491, -54.105874346997815], [-145.77672763173203, -54.00822109150232], [-145.76103136677085, -54.001957862405355], [-145.74670567265264, -53.99299263733935], [-145.57909497766903, -53.92936038212348], [-145.41257902603024, -53.862916068397155], [-145.39596246501762, -53.85983537487679], [-145.38016300644983, -53.85383721837516], [-145.20335886681116, -53.824126863558284], [-145.02707982993041, -53.79144490931503], [-145.01018153798736, -53.79166514069558], [-144.99351547930235, -53.7888645585489], [-144.8143123789419, -53.79421785640485], [-144.63504456134822, -53.79655421081801], [-144.6185139303575, -53.800066903731015], [-144.60162173884405, -53.8005715207406], [-144.42690635241016, -53.840782747035], [-144.2515389157994, -53.87804762531465], [-144.23601120863947, -53.88471778894141], [-144.2195420417442, -53.88850821295856], [-143.8721575522191, -54.00532203730287], [-142.75605077718254, -54.34478041914042], [-141.56517628090535, -54.68799852921449], [-141.37131584292268, -54.73671842671437], [-141.35749863982943, -54.70170099636095], [-141.3255279921934, -54.65206037176415], [-141.30065972797735, -54.5985077494612], [-141.21959809078768, -54.48758367648031], [-141.14520831185413, -54.37207913206446], [-141.10416756581006, -54.32962950209223], [-141.0693295399879, -54.28195743608443], [-140.76358185318296, -53.93980225549688], [-140.34200934784678, -53.439672406655305], [-140.20896772772704, -53.27479891950908], [-139.9041712901667, -52.8970761325715], [-139.46569437509945, -52.33615845394421], [-139.4351203548632, -52.3040976647366], [-139.40975959544986, -52.26777278620975], [-139.3000595133603, -52.16246901609416], [-139.19511699465104, -52.05242329933021], [-139.15887569594997, -52.02694324465049], [-139.12691560416852, -51.99626397719943], [-138.99877963197468, -51.91438501383914], [-138.87438470001624, -51.82692706443382], [-138.83386885563507, -51.80900692849395], [-138.79653763988924, -51.78515225916172], [-138.65488997114295, -51.72984466520037], [-138.5158230534091, -51.66833544310237], [-138.47258966452594, -51.65866388667682], [-138.4313219425012, -51.642550537027965], [-138.2816060176754, -51.61593975228466], [-138.13321137782506, -51.58274302240442], [-138.0889218793291, -51.581691717982714], [-138.04530354643967, -51.5739389150078], [-137.89327286456387, -51.577047577016806], [-137.74125322538572, -51.57343907106661], [-137.6976096378662, -51.581048419688095], [-137.65331692218368, -51.581954099257636], [-137.50481393710268, -51.61466274388128], [-137.35501132807667, -51.64078113472113], [-137.31369085012645, -51.65675871338566], [-137.27042589587478, -51.66628807074171], [-137.20834896454343, -51.686513679618415], [-137.15522698783732, -51.64958078236514], [-137.14838751409783, -51.64659853852994], [-137.14222979682447, -51.64238490621247], [-136.96875590872284, -51.568273031606275], [-136.79583731427587, -51.492874626418526], [-136.78854745219638, -51.49128400069666], [-136.78168601484808, -51.488352643188385], [-136.59708686938194, -51.44950788416275], [-136.4127813580924, -51.409292982461885], [-136.40532125298432, -51.40915510170778], [-136.3980197767505, -51.40761866943385], [-136.20938941555585, -51.4055338082936], [-136.02077974486266, -51.40204784619934], [-136.01343608438168, -51.40336800909307], [-136.00597516089928, -51.40328554628412], [-135.82056254297117, -51.438040703073554], [-135.63489687674615, -51.47141764415435], [-134.81777193027696, -51.702889579162175], [-133.77247126170778, -51.934430317091156], [-133.73584833036006, -51.946410948012904], [-133.69779690032956, -51.95248246268553], [-132.36279690032956, -52.30248246268553], [-132.36262646627333, -52.30254556137732], [-132.36244700229793, -52.30257423006991], [-131.62621940027202, -52.49573502027885], [-130.90072918238653, -52.67986076665566], [-129.602529692543, -52.98418792669876], [-129.56530497565598, -52.99687344303176], [-129.52655369004788, -53.003577153621634], [-128.82031355214832, -53.19863395361294], [-128.19224206934837, -53.3666713863898], [-127.91610219208025, -53.41502064415411], [-127.87704265789765, -53.39026205905332], [-127.86658910559899, -53.383635887758444], [-127.7021358832803, -53.27912077096174], [-127.70102523434771, -53.27869026355235], [-127.70001915732838, -53.278052543619886], [-127.5182526102221, -53.20784432239969], [-127.33656942265972, -53.1374206663623], [-127.3353961267058, -53.13721510788997], [-127.33428496818732, -53.13678591745687], [-127.14231406982958, -53.10338762172751], [-126.95038290003791, -53.069761768060346], [-126.94919204616818, -53.0697890580219], [-126.94801850734927, -53.0695848906358], [-126.75322059170682, -53.074279998172194], [-126.55841724690336, -53.07874416957407], [-126.55725459896424, -53.07900325923158], [-126.55725459896422, -53.07900325923158], [-126.55606377828353, -53.079031960930635], [-125.95306377828354, -53.15313196093063], [-125.8042272957443, -53.18648460407036], [-125.65407558788056, -53.213301799386585], [-124.64286003832223, -53.49851875662362], [-123.94682302667799, -53.61227597128744], [-123.13424610872363, -53.73881996204692], [-123.09175538410108, -53.749790352657925], [-123.04809088936396, -53.754174762362055], [-122.69418932951874, -53.82526985335511], [-122.30276718601124, -53.26473948820127], [-122.29243330057194, -53.252662214386596], [-122.28443569147112, -53.238925840056424], [-122.16507565773664, -53.10381857431042], [-122.04786929535328, -52.9668387965064], [-122.03537781338746, -52.957009625159586], [-122.02485404241155, -52.9450974475453], [-121.88142935827541, -52.835872217443345], [-121.73975165431855, -52.724390294639825], [-121.72558261647283, -52.71718695530347], [-121.71293710623866, -52.70755675271035], [-121.55095950187854, -52.62841102259086], [-121.39025505105764, -52.54671114256159], [-121.37495296551037, -52.54241045552673], [-121.36067167588452, -52.53543231123974], [-121.18636585979792, -52.48940760712579], [-121.01281044403392, -52.440629450442444], [-120.99696336135116, -52.439396688699965], [-120.98159511428493, -52.43533876889067], [-120.9191484509771, -52.43147437414344], [-120.88276534513648, -52.32113527425051], [-120.8438592559869, -52.17987890739292], [-120.82148859273555, -52.13530117493264], [-120.80586971046077, -52.087933767128526], [-120.73372292749943, -51.96041166449941], [-120.6680066578464, -51.82945970058286], [-120.63736915643621, -51.7901028166495], [-120.61280946376317, -51.74669265307687], [-120.51080946376317, -51.601692653076874], [-120.45551230180146, -51.53751578739834], [-120.4077163865405, -51.46757297723381], [-120.01665452430987, -51.00106121045802], [-119.7748906799097, -50.64866238825618], [-119.62821032611357, -50.43017803694296], [-119.48811284893156, -50.22149905826206], [-119.1943058586526, -49.77767538619164], [-118.90186207691117, -49.3277845987248], [-118.83787901995836, -49.247778247953626], [-118.7816856920985, -49.16212103783819], [-118.36614048775982, -48.64696286962256], [-117.95948502679438, -48.130392563048346], [-117.88203176179584, -48.04972542489212], [-117.8116683450845, -47.9628048575565], [-117.74658148165517, -47.908654722945414], [-117.68794169441055, -47.84758171563961], [-117.59623929422183, -47.78357495633352], [-117.51027052936111, -47.712051764950786], [-117.43587012456352, -47.671639927137825], [-117.36644233172625, -47.62318047551886], [-117.26401486815922, -47.57829383892757], [-117.16574448657093, -47.52491661963196], [-117.08488970623722, -47.49979608288106], [-117.00734197895046, -47.46581245649825], [-116.89812568198812, -47.441770910893304], [-116.79133015932598, -47.408590920288006], [-116.70712820732047, -47.39972705273874], [-116.62444066125461, -47.38152522329575], [-116.51263265193997, -47.379252671792074], [-116.40141608024828, -47.36754499830852], [-116.31710279036557, -47.37527843341989], [-116.23245306154419, -47.37355788701451], [-116.12235005897253, -47.39314166249193], [-116.01098642873046, -47.40335622545635], [-115.16996393755983, -47.56478885428105], [-115.02959316449959, -47.14451570820017], [-114.85017446367456, -46.59813124469323], [-114.8289177221722, -46.54994455036151], [-114.81478641287474, -46.49920883643679], [-114.65530726075112, -46.08781280476997], [-114.6630390789732, -46.05110471715467], [-114.66383290173556, -45.98051933992919], [-114.67348262667585, -45.91059217466982], [-114.66603252106296, -45.784932910137556], [-114.66744811212284, -45.6590609476584], [-114.65445615783088, -45.589676981525656], [-114.65027835282413, -45.51921087919293], [-114.61845649251967, -45.39741956569653], [-114.5952884817014, -45.27369002956572], [-114.56901002387255, -45.208173861433096], [-114.55116523962224, -45.13987679482193], [-114.44656099739706, -44.85660850687616], [-114.29663173220297, -44.362995233775585], [-114.13354756985332, -43.812759153896515], [-114.09760290629596, -43.72438977742876], [-114.07075477996668, -43.63284556052722], [-113.82800551980458, -43.03112463931721], [-113.5892226556208, -42.42881715741962], [-113.58866701063226, -42.42773833797409], [-113.58833110087421, -42.42657225162068], [-113.39839725096397, -41.94916560596088], [-113.2114343419626, -41.471470427353665], [-113.14730829359219, -41.34561406216172], [-113.14730829359218, -41.34561406216169], [-113.09020221436057, -41.216420910432625], [-113.05848503177708, -41.17128595118924], [-113.03344108325973, -41.12213368919048], [-112.94599384011465, -41.01120599019153], [-112.94599384011461, -41.01120599019146], [-112.86478070460953, -40.895636092032944], [-112.82486756506279, -40.85755610373908], [-112.79071569837265, -40.81423412065299], [-112.77663080878662, -40.80220433904214], [-112.73729512087061, -40.50174019980668], [-112.71848087080753, -40.356137451591216], [-112.82620506690284, -40.21943821725074], [-112.9421094633576, -40.07579209536473], [-112.94747562349002, -40.06554899983812], [-112.95463290233008, -40.05646659706455], [-113.03839805931266, -39.89199338974443], [-113.12405141711454, -39.7284955617839], [-113.12731613918001, -39.71740239855734], [-113.13256400403226, -39.70709819577273], [-113.18263250603229, -39.52944352356313], [-113.23474321467577, -39.35237711936607], [-113.23578103723614, -39.34086019248135], [-113.23891781559742, -39.32973017441994], [-113.25336555816187, -39.14572120674355], [-113.26993103233772, -38.9618907889237], [-113.26870207245402, -38.95039268742213], [-113.269607219691, -38.938864574436344], [-113.267607219691, -38.83796457443635], [-113.25508911735933, -38.73236618010243], [-113.25212010376302, -38.62606985500053], [-113.23206724394697, -38.538161595214675], [-113.2214528397245, -38.44862214162936], [-113.18857404446403, -38.347494951447345], [-113.16492469533819, -38.24382030624503], [-112.96539527643262, -37.64662180667495], [-112.77190600759077, -37.05843397376632], [-112.68949869121455, -36.79940440915689], [-112.68993398606825, -36.79809147391683], [-112.69270418804835, -36.77582749788549], [-112.69928693689232, -36.754379279652035], [-112.71430240267657, -36.606861050894054], [-112.71524075406474, -36.604934298377195], [-112.79366282432653, -36.579970242600126], [-112.9458417709604, -36.51448576550769], [-113.09994742658668, -36.45367379758421], [-113.32994742658668, -36.33567379758421], [-113.4892094431068, -36.233096236846265], [-113.64914791460676, -36.1315766268833], [-113.65396551464491, -36.12698006235334], [-113.6595635139682, -36.123374500097235], [-113.79575346614214, -35.99169746033826], [-113.9328132713612, -35.8609260733063], [-113.93664155731119, -35.85547796333206], [-113.94142858234555, -35.85084956545311], [-114.04931276668762, -35.695133321465825], [-114.15822677417509, -35.540135628430946], [-114.30322677417509, -35.28353562843095], [-114.34449249589218, -35.19017238924736], [-114.39436978515697, -35.101111678295325], [-114.42355108936674, -35.011303195520775], [-114.46172590854866, -34.924933089152454], [-114.48398445659721, -34.8253132554924], [-114.51552848495591, -34.72823324470444], [-114.58152848495591, -34.427433244704446], [-114.59222542370958, -34.33706118614392], [-114.61237429421986, -34.248316854018796], [-114.61521296306425, -34.142853170134494], [-114.6276141806294, -34.03808267589987], [-114.62047486669852, -33.94736022187786], [-114.62292342198036, -33.856390237574274], [-114.59892342198036, -33.52019023757427], [-114.56623921743582, -33.32914429029434], [-114.53397986291117, -33.13802614556445], [-114.53318546542673, -33.13593826151895], [-114.5328087614001, -33.133736348435455], [-114.46348135930594, -32.952737667450826], [-114.42879184341751, -32.861564560551145], [-114.41725908635568, -32.70865942317295], [-114.41490319537019, -32.469222369346966], [-114.39929379252438, -32.32527170044292], [-114.3911118466593, -32.1807085505846], [-114.37820002360664, -32.13074394205215], [-114.37263670094985, -32.07943871111644], [-114.3292438460519, -31.94129925737891], [-114.29301624252483, -31.801110066362583], [-114.23401624252482, -31.640010066362585], [-114.18462004630872, -31.53755251032749], [-114.14385010766063, -31.431367073040125], [-114.09968701854245, -31.361384482863937], [-114.06374952739374, -31.28684296357322], [-113.99531398763726, -31.195990820574135], [-113.98994854896512, -31.187488532731383], [-113.987606702397, -31.161606213483495], [-113.96394844150106, -31.081326203426524], [-113.95702303316229, -31.041885772715535], [-113.94478182794839, -30.887011857861214], [-113.92827585187682, -30.794760581303002], [-113.92551339332917, -30.757663249666642], [-114.03763932460332, -30.68055562805465], [-114.15727472746087, -30.607843160506878], [-114.19884665944498, -30.569695329863176], [-114.24533697437309, -30.537724513020336], [-114.34299927208578, -30.437415948285], [-114.44615041551499, -30.34276092114443], [-114.47948128191841, -30.297235808772193], [-114.51884110152825, -30.256809491700277], [-114.59505761538001, -30.13937535879989], [-114.67776045878686, -30.026415311676303], [-114.70156937310593, -29.975262422113154], [-114.73228612160307, -29.927934165505963], [-114.78412789370928, -29.797887392310123], [-114.84320421320194, -29.670963316465695], [-114.85657621221152, -29.616148426570707], [-114.87746946217742, -29.563737028787635], [-114.94146946217741, -29.342137028787633], [-114.95615667830256, -29.262769574556273], [-114.9799117333599, -29.185629413369746], [-114.99174451522967, -29.07045838403284], [-115.01281180889276, -28.956613973265267], [-115.01173299207483, -28.87590620868879], [-115.01998230152398, -28.79561389272837], [-115.02053202829205, -28.66494383995956], [-115.51444758479334, -28.561639567261274], [-115.5525189954663, -28.549680733590563], [-115.59198943090959, -28.54380444740761], [-115.73925167203929, -28.491025039447628], [-115.88849669783048, -28.44414481073875], [-115.92350352431093, -28.424988398935938], [-115.96106913984114, -28.411524723983504], [-116.09520502660565, -28.33103001950512], [-116.23243647216, -28.255934321104633], [-116.26303342173837, -28.230316501332265], [-116.29725059181771, -28.209782839088252], [-116.48325059181771, -28.071682839088254], [-116.5844715156425, -27.97984369183604], [-116.69098554245346, -27.89419985679524], [-116.91798554245347, -27.67169985679524], [-116.9545872343114, -27.628000066077288], [-116.99690886620301, -27.58981322240466], [-117.24790886620302, -27.31411322240466], [-117.25761343382453, -27.301088820487895], [-117.26949487939252, -27.290014303377546], [-117.41085775725358, -27.12960291417536], [-117.59650346484058, -26.982228783229374], [-117.73389270808865, -26.849232628263454], [-117.87192417327475, -26.716903130363473], [-117.87471072512311, -26.712917336230788], [-117.87820499018162, -26.70953480200739], [-117.98700807494562, -26.5522908191601], [-118.09657109987532, -26.395575392464806], [-118.23357109987532, -26.151775392464806], [-118.2398643535107, -26.137444533779362], [-118.24863145474384, -26.124478559541117], [-118.3186299101475, -25.958081341567247], [-118.39121356691362, -25.79279543569809], [-118.39459008560932, -25.777512187565645], [-118.40065919336122, -25.76308497428393], [-118.43685016123504, -25.58622901098943], [-118.47579346278827, -25.409958658483585], [-118.47612348882441, -25.39431034755891], [-118.47926137068774, -25.37897632494928], [-118.48025405243233, -25.198458091822115], [-118.4840604295338, -25.01797726347231], [-118.4813312801949, -25.00256524556851], [-118.48141734912936, -24.986913691520495], [-118.447173596542, -24.809670403023663], [-118.4156967722543, -24.63191487584885], [-118.41001332721892, -24.6173314261709], [-118.40704427564366, -24.60196382112898], [-118.33888005693207, -24.4348068374401], [-118.27332966796025, -24.26660765666329], [-118.2649103388338, -24.25341320900376], [-118.25900026573578, -24.2389201214115], [-118.16752812239775, -24.100379190405363], [-118.13253803425123, -23.9872212850277], [-118.08406375964553, -23.81831648318581], [-118.0746788417194, -23.80010472200775], [-118.06862649035732, -23.780531424567755], [-118.02762649035732, -23.683031424567755], [-118.00305183823565, -23.6376428801546], [-117.98528682945327, -23.58918219553494], [-117.90989013319876, -23.465576387992797], [-117.84095432827387, -23.338254307175596], [-117.80799700545649, -23.29853216771209], [-117.78111913576893, -23.254468422842844], [-117.68305686909501, -23.14794683198441], [-117.59060634058554, -23.03651991762982], [-117.55053287850565, -23.00399068265912], [-117.53114175051019, -22.982926782418215], [-117.5070510746116, -22.90190873987412], [-117.45157115473252, -22.71475544408985], [-117.45118040490371, -22.714013127712185], [-117.450941310571, -22.713209042559026], [-117.35987144588023, -22.54055141202395], [-117.26894576036307, -22.367817809772735], [-117.26841769994144, -22.367165988305985], [-117.26802633050787, -22.366423998414003], [-117.14502251499407, -22.214850785067906], [-117.02214528693922, -22.06317493181245], [-117.0215002089907, -22.062638654390135], [-117.02097160456408, -22.061987274014673], [-116.87076080587201, -21.937323351437545], [-116.72065413824737, -21.81253406516332], [-116.71991683275574, -21.812133940625998], [-116.71927130730775, -21.811598201949614], [-116.54762604219596, -21.718634334777057], [-116.41975307286181, -21.649239608613048], [-116.41159269424828, -21.623677950886673], [-116.37488481816708, -21.49323992876638], [-116.3716185808261, -21.455328245344205], [-116.35491960078882, -21.36565747214376], [-116.34773181023559, -21.2747287133947], [-116.31911621889317, -21.173399206632617], [-116.29983947563534, -21.069886269383918], [-116.2659674617979, -20.985196304339336], [-116.2411784617998, -20.89741698456656], [-116.21286692288614, -20.84189978375491], [-116.1896996544742, -20.72676626893918], [-116.1700609112723, -20.662539566875797], [-116.15886850437148, -20.59631661375337], [-116.01686850437149, -20.074316613753368], [-115.95793977531629, -19.919535353874565], [-115.90376786549814, -19.763025808784388], [-115.88827780223615, -19.736562326424956], [-115.87736744432537, -19.707905354346444], [-115.78937468844335, -19.567594597702424], [-115.70571017913214, -19.424660754966027], [-115.6853549837971, -19.40172772242953], [-115.66906356744347, -19.375749891272108], [-115.61476855364052, -19.31821991049807], [-115.6138519694192, -19.28067402325873], [-115.61687004963498, -19.1287320314934], [-115.60907580194635, -19.085028668252278], [-115.60799238739412, -19.04064893787305], [-115.57471533280822, -18.892365036832196], [-115.5480330093577, -18.742753769592525], [-115.53186242274495, -18.701410736512887], [-115.52214176980888, -18.658095113902633], [-115.50883441550545, -18.62806316615452], [-115.50790310267953, -18.62015552647666], [-115.50578377795112, -18.5198605343097], [-115.4850291874181, -18.425936489782096], [-115.4737783074744, -18.330406929597167], [-115.44283348828041, -18.234981591472856], [-115.42118830346392, -18.137027199201015], [-115.38250883447637, -18.048956898602757], [-115.37940363282262, -18.03938130806865], [-115.37922405753122, -18.028590918588826], [-115.38582944241358, -17.900646798093458], [-115.37596921798762, -17.83301286274004], [-115.37483190262164, -17.76467341768158], [-115.34775061712214, -17.63945387825364], [-115.32926842171865, -17.512679521493865], [-115.32379927058585, -17.49727324546543], [-115.32720228504341, -17.436320120032637], [-115.31755162024372, -17.368122759494028], [-115.31665775544283, -17.29925174729573], [-115.29014464966457, -17.174448738827866], [-115.27226765435535, -17.048119214411177], [-115.24949777934559, -16.983114998335996], [-115.23518502195886, -16.91574170769728], [-115.2304121355019, -16.904629085991314], [-115.2299831832625, -16.841867233718265], [-115.22928688468865, -16.83848758749782], [-115.22925145050712, -16.83503714046897], [-115.1897359186256, -16.64651782339378], [-115.15402371461066, -16.473180379007285], [-115.1539316636498, -16.460178993598337], [-115.14229997400605, -16.403791935737342], [-115.13858766746169, -16.34633747308811], [-115.10277445731101, -16.21218369436148], [-115.07472232463438, -16.076195091088223], [-115.05231356536991, -16.02316072481107], [-115.03746378013537, -15.967534468630424], [-115.0256687802063, -15.943560604775456], [-114.94594009506976, -15.463816817652797], [-114.93961666875788, -15.440317171268632], [-114.93741109428538, -15.416081772741906], [-114.83375063988113, -14.873957530910415], [-114.73108697447974, -14.331733900052571], [-114.70242431695299, -14.234008901966943], [-114.6831186012457, -14.134013839446949], [-114.64738474930724, -14.046352135046579], [-114.62074188403182, -13.955513595193574], [-114.57356477008682, -13.865258162630543], [-114.55846216080664, -13.828208687173106], [-114.55196144176055, -13.784277574838445], [-114.52781310228337, -13.603731095797867], [-114.52328398347485, -13.590478606987208], [-114.52123390582291, -13.576624417783862], [-114.45992852199728, -13.40509650953687], [-114.41961253728498, -13.287129381961165], [-114.41189673597194, -13.225896905201191], [-114.4080656690492, -13.119062870138544], [-114.38744727970456, -13.031866408309567], [-114.37624538941658, -12.942968384773463], [-114.34244519562544, -12.841549771978753], [-114.3178454552767, -12.73751592702276], [-114.28061205668494, -12.6560173689743], [-114.25228226353957, -12.571012876416674], [-114.19934574116591, -12.478137084519664], [-114.15492268161707, -12.380901391989187], [-114.10250513240537, -12.308232681602188], [-114.05813613446563, -12.230388395000906], [-113.98809760437709, -12.149624588598783], [-113.9255583788939, -12.062923761627438], [-113.85997105608239, -12.001877516689023], [-113.80126792905666, -11.934184948322557], [-113.7168189326865, -11.868636835202516], [-113.63856688863187, -11.795802737948401], [-113.56233027625439, -11.748724931416387], [-113.49154894839319, -11.693785468724666], [-113.39593481331232, -11.645972026114103], [-113.30497713285506, -11.589803632088866], [-113.2210209611713, -11.55850343766675], [-113.1408815192097, -11.518428373390606], [-113.0377766430083, -11.490187045074974], [-112.93760877879869, -11.452842874161387], [-112.85388807300913, -11.439288695532225], [-112.85240379960403, -11.43084218834515], [-112.81002946218685, -11.32168853336432], [-112.77643337202797, -11.209521659496586], [-112.73925053439652, -11.13936642203838], [-112.71051616418646, -11.065348473365306], [-112.45951616418645, -10.569348473365306], [-112.40959970131539, -10.49089448830397], [-112.37981272600368, -10.308362096535415], [-112.37883637647421, -10.305753264695953], [-112.37838012467873, -10.303005338883823], [-112.3101344872519, -10.122179994442014], [-112.24239045132504, -9.941166133599673], [-112.24092390423439, -9.938797906076632], [-112.23994032545764, -9.936191791198107], [-112.20853160486644, -9.885784737591882], [-112.20755713372809, -9.876286277698773], [-112.19925613900007, -9.835422162559373], [-112.19735379556651, -9.793766868669255], [-112.1602943572232, -9.643621205115902], [-112.1295077394701, -9.492064923750144], [-112.1133940526467, -9.453605444859232], [-112.1034017175101, -9.413121674554002], [-111.95640171751009, -8.997771674554004], [-111.9112721881066, -8.901495224831121], [-111.87498634275505, -8.80154940639671], [-111.82826812753027, -8.724419674288072], [-111.78999470879522, -8.642769612271646], [-111.72694972706576, -8.557147421957746], [-111.70898169382767, -8.527482984146818], [-111.68870134258815, -8.448495562139168], [-111.64817826037999, -8.276727194518863], [-111.63999240611459, -8.258785173234244], [-111.63508799085182, -8.239683575165937], [-111.55869336554966, -8.080591295241547], [-111.4854385768522, -7.920029069797929], [-111.47390969677114, -7.9040287803659135], [-111.46537298155425, -7.886251018101252], [-111.35940889343534, -7.74511950377624], [-111.25623753869631, -7.601933736788442], [-111.2418086811956, -7.5884900613588036], [-111.22996772720296, -7.572719324331763], [-111.0985063167483, -7.454972180554045], [-110.96938321327121, -7.334665420748037], [-110.95260887125285, -7.324294992228284], [-110.93791871970589, -7.311137341018437], [-110.78601197519477, -7.221299524489982], [-110.63589925143326, -7.1284950931763476], [-110.61742405345383, -7.121596441318667], [-110.60044923863818, -7.111557517083137], [-110.43393485107204, -7.0530814447115935], [-110.26860125481592, -6.991345764140305], [-110.24913519237276, -6.988184000266782], [-110.2305280469022, -6.981649593234042], [-110.05580507081272, -6.956782467686832], [-109.88160427944608, -6.928488005440532], [-109.8618954224022, -6.9291846343636925], [-109.84237100844214, -6.926405858131471], [-109.78494087274825, -6.929566312228342], [-109.76462623632982, -6.873052579395195], [-109.71517899060854, -6.719031466035972], [-109.69840583798118, -6.688832600100715], [-109.68672043835636, -6.656324730462137], [-109.60335347484389, -6.517697594357603], [-109.5816731712327, -6.478663752793284], [-109.5757966348707, -6.450480194972007], [-109.56563749890852, -6.354593057753577], [-109.53587876844952, -6.259036217247285], [-109.51544979704587, -6.1610599500521905], [-109.47773070980004, -6.072319758567186], [-109.44906012630958, -5.980257014909605], [-109.28306012630958, -5.587717014909605], [-109.21316287467783, -5.45923834936283], [-109.14977466865247, -5.327426632799783], [-109.11965125080204, -5.287353928041461], [-109.09569341609578, -5.243316851323965], [-109.00207427632098, -5.130943144638684], [-108.91418886667037, -5.014030578774515], [-108.87682646497187, -4.980604647090278], [-108.84473776586418, -4.942087672141419], [-108.73099446898568, -4.850137382845698], [-108.62198924271597, -4.752616852021191], [-108.5788236733136, -4.727122233220178], [-108.53983726051563, -4.695605545786679], [-108.49036444733908, -4.669629383521565], [-108.47083048540885, -4.635389335408809], [-108.37505150070375, -4.466697635691018], [-108.37369914933375, -4.465132956679916], [-108.37267433707014, -4.46333661749703], [-108.34995161806106, -4.4371554122562005], [-108.33260217860492, -4.368103689976568], [-108.13560217860491, -3.818773689976568], [-108.06955043233549, -3.6793789486141804], [-108.00940668621213, -3.5373350930380196], [-107.98574359903206, -3.5025141038138368], [-107.9677159455035, -3.4644687796109688], [-107.87573880003772, -3.340638525566471], [-107.7890393176069, -3.2130574656441944], [-107.75903767201115, -3.1835219912618955], [-107.73393414024017, -3.1497247180276338], [-107.61956622569701, -3.0462176785192994], [-107.50964281944684, -2.9380022828352867], [-107.47445556185046, -2.914887355011673], [-107.44324086648484, -2.8866369430027063], [-107.31087727768198, -2.8074308355114126], [-107.18195424246883, -2.7227397610339175], [-107.14293359944803, -2.7069336734822618], [-107.10680730372526, -2.685315770189069], [-106.96153469914994, -2.633454441006328], [-106.81856647491628, -2.5755423182323023], [-106.77721198789938, -2.5676524900330837], [-106.73756240510419, -2.553497859355738], [-106.65554329092083, -2.541391862269718], [-106.6351755466804, -2.5213783691010527], [-106.61910732140306, -2.5108446310707184], [-106.60514768250532, -2.497643268175214], [-106.45530101889955, -2.4034592385642024], [-106.30728419282552, -2.3064248465866024], [-106.28946968364696, -2.29922826662242], [-106.27320281715795, -2.289003954661028], [-106.10786102251025, -2.2258632786253654], [-105.94375782746732, -2.159570025543458], [-105.92488163598475, -2.1559871641775468], [-105.90693266846111, -2.149132817725099], [-105.73244973521516, -2.1194619560351726], [-105.55856656495858, -2.086457454387175], [-105.53935409262478, -2.086625998972537], [-105.52041279282254, -2.0834050267192374], [-105.48569576878752, -2.084374250402351], [-105.47286421233446, -2.0788980916769932], [-105.44750456371085, -2.062653817819003], [-105.2927886323626, -2.002046739926038], [-105.13996112342043, -1.9368241225740825], [-105.11048793753814, -1.9306338458893035], [-105.08244646683406, -1.9196491232147535], [-104.9188795043812, -1.890390174196834], [-104.75626423174812, -1.856235959081118], [-104.7261497017964, -1.8559145601516827], [-104.69650402700513, -1.850611525392634], [-104.62971554671725, -1.8519034509801353], [-104.605647861068, -1.6587785067400058], [-104.58831918397054, -1.5820643635740559], [-104.58012811494537, -1.503845125532226], [-104.54522604492247, -1.391290814051872], [-104.5224708592854, -1.290553489505237], [-104.5239826946246, -1.2745200719903609], [-104.50792460854699, -1.1181509804282226], [-104.49797963100764, -0.9612744291331154], [-104.37144745867096, -0.18453726107618135], [-104.29622597565292, 0.2858419597953442], [-104.27333181612117, 0.44385287005152574], [-104.26254803587014, 0.48752877428194363], [-104.25847882129506, 0.5323318547518125], [-104.2342288813573, 0.6592785159401378], [-104.23370131799089, 0.6721645765395687], [-104.23972848890159, 0.7457750691768764], [-104.22570042580165, 0.8675913028147132], [-104.22068443551234, 0.9901099592449287], [-104.21496214114357, 1.030984501897117], [-104.22193491998694, 1.059059063321846], [-104.22375527631172, 1.097686573980712], [-104.23162306038591, 1.1355481145015531], [-104.23279138926851, 1.272373970402167], [-104.25158377331292, 1.380689649409482], [-104.25003362872552, 1.4437855411294613], [-104.25688707719615, 1.506527271614321], [-104.24817667424198, 1.6057655972555949], [-104.26191749976098, 1.7333842588979709], [-104.25707082494513, 1.7876411730053703], [-104.25995193706723, 1.8420378841023148], [-104.23966259296866, 1.9825205455643524], [-104.22703360606766, 2.1238978575535743], [-104.21169505990456, 2.1761667009196928], [-104.20390854038058, 2.230080271557576], [-104.15660224267734, 2.3639053433977466], [-104.1166345728967, 2.500102336858477], [-104.11263855837791, 2.5077445188262923], [-104.12785089299295, 2.5658778217103793], [-104.1437362411878, 2.665730048656822], [-104.16905234372507, 2.763617261640573], [-104.19505234372507, 2.9301172616405733], [-104.19786249699995, 2.9795993699171355], [-104.20788598275789, 3.028137043266641], [-104.20895740706413, 3.1749622157882897], [-104.21728260692379, 3.321555088341407], [-104.21538400468219, 3.335065047331015], [-104.21821892101114, 3.3488876268649017], [-104.22397003351753, 3.403926918911035], [-104.2374065098767, 3.457609877725276], [-104.24430317714739, 3.5985191528861837], [-104.25896473498344, 3.7388331812925566], [-104.25386770826682, 3.7939368951660364], [-104.25657298077854, 3.849209677479215], [-104.23825727257861, 3.9725291858930905], [-104.29613826721996, 4.3452359758730035], [-104.43296541672069, 5.219841107911596], [-104.43488452681926, 5.253466249639876], [-104.44222761437958, 5.286335873989733], [-104.54322743734745, 6.112714425516355], [-104.57525052019888, 6.374723484683983], [-104.71356041202307, 6.409524804737076], [-104.90260908353304, 6.456860828377694], [-104.90365823411497, 6.45735692332788], [-104.90478368255826, 6.4576401069162825], [-105.08086869797005, 6.541151583267847], [-105.25705005217132, 6.624459624688756], [-105.25798226029544, 6.625150866438464], [-105.259030837185, 6.625648172832822], [-105.41544014758468, 6.7419074819403635], [-105.57198363384177, 6.857986059831294], [-105.57276307527263, 6.858845884347728], [-105.57369448438666, 6.859538202342208], [-105.70441736769462, 7.004077564158134], [-105.83530710761757, 7.148465843865915], [-105.8359038288581, 7.1494612085750875], [-105.8366822766667, 7.150321932777433], [-105.93669512578654, 7.317586780685123], [-106.03690110007503, 7.484736001595106], [-106.03729216946262, 7.485828655189481], [-106.03788774065305, 7.486824708451266], [-106.1033471178804, 7.670387148147776], [-106.16901846713922, 7.853873859439815], [-106.19801846713922, 7.969603859439816], [-106.22627071596948, 8.159946225304827], [-106.25521259062609, 8.350184953485657], [-106.2932125906261, 9.069184953485657], [-106.29081173685456, 9.122062680268574], [-106.296, 9.17474], [-106.296, 10.0171], [-106.29152802965581, 10.062504676872994], [-106.29393023649328, 10.108065763372453], [-106.27234634850123, 10.257259553956223], [-106.25757056080647, 10.407280644032257], [-106.24432650508629, 10.450940444636258], [-106.23779402715638, 10.496094734939579], [-106.18751860287212, 10.638211001012962], [-106.14375906502258, 10.782466864730178], [-106.12225188556037, 10.822703967412698], [-106.10703576232649, 10.865716207466315], [-106.03000085811053, 10.995293500623738], [-105.9589392246051, 11.128240466039204], [-105.92999543024625, 11.163508581509356], [-105.90668040879096, 11.202725835049575], [-105.81370827191913, 11.306047559521335], [-105.85419916769867, 11.58460110431059], [-105.86188801039948, 11.750996357829898], [-105.87449837548878, 11.91709114217932], [-105.87092557396033, 11.94657945640817], [-105.87229668086891, 11.976251760879949], [-105.85993119168802, 12.057972870477514], [-106.07228912905721, 12.677991163205876], [-106.31211536815624, 13.372550435346561], [-106.32489391644002, 13.37838393001284], [-106.46824164185682, 13.481720219068611], [-106.61356856475574, 13.582254016861826], [-106.62712699091178, 13.596257246488696], [-106.64293848154037, 13.607655409670201], [-106.76337191070051, 13.736971874819327], [-106.8862932465412, 13.863925820064026], [-106.8968592567633, 13.880305099284973], [-106.91014326270759, 13.89456891875532], [-107.00303420646851, 14.044896000763881], [-107.09882615724945, 14.193391324540647], [-107.10599370569027, 14.211517206840798], [-107.11623973005157, 14.228098532017006], [-107.17801844153826, 14.393659245427694], [-107.2429997763118, 14.55798935572104], [-107.24649341810438, 14.577165273608758], [-107.25330771191251, 14.595426893463172], [-107.28160006988844, 14.769858832907234], [-107.31327359240119, 14.943708615735874], [-107.3502735924012, 15.393708615735875], [-107.3498885436141, 15.417567651974936], [-107.35360629466867, 15.441138400794696], [-107.39460629466866, 16.144038400794695], [-107.39067353839529, 16.24252419952644], [-107.39163459966579, 16.25908925777997], [-107.52744226782296, 16.34376798056347], [-107.53889025086733, 16.354516224940948], [-107.55208358443606, 16.363031917650694], [-107.68170509010513, 16.488601747858898], [-107.81327445172444, 16.61212915402242], [-107.82240558652795, 16.62490426459661], [-107.83368408465867, 16.635830222353135], [-107.9363174908316, 16.78427516476502], [-108.01988894612496, 16.901197607067328], [-108.0206989536915, 16.901524610121964], [-108.03814269509976, 16.910647510488698], [-108.0569187041551, 16.916561300252834], [-108.16065255327022, 16.96082383109041], [-108.29826506383661, 16.995015608459802], [-108.43597226978595, 17.043992430631267], [-108.57595972313905, 17.08601048132525], [-108.99295972313905, 17.25731048132525], [-109.08059450501688, 17.30382324517636], [-109.17233004014496, 17.341610594787042], [-109.2533329603868, 17.395505369676066], [-109.33927236107881, 17.441118298290032], [-109.41614907511834, 17.503834030242416], [-109.49874999145821, 17.558792021614497], [-109.56768211431299, 17.627454109310516], [-109.643071572587, 17.688956543646064], [-109.64704527425326, 17.69376973951666], [-109.72924024329056, 17.731438649359998], [-109.78753877262973, 17.765432417413525], [-109.84972572513128, 17.79164458497298], [-109.95651787651809, 17.863963830273946], [-110.06793544903263, 17.92893121727458], [-110.11848193332158, 17.973645283468798], [-110.17436024075826, 18.01148586416727], [-110.26499162604729, 18.103249630651153], [-110.36159383269734, 18.188705177627778], [-110.39578520888868, 18.233663231957102], [-110.66086228025962, 18.435304617972374], [-110.76139845109749, 18.5286791408529], [-110.86727367795979, 18.615953189153462], [-110.90474539634037, 18.661814832284993], [-110.94813977473768, 18.702118032066497], [-111.02852770550673, 18.81331202361546], [-111.11534224738598, 18.919564357651907], [-111.14314679447834, 18.971855151775756], [-111.17784459783904, 19.01984976012986], [-111.23499502544183, 19.144590097610276], [-111.29941264817984, 19.265737499772648], [-111.31648151083222, 19.322447938995733], [-111.34114932203185, 19.37628955003899], [-111.37286598758595, 19.509782532236628], [-111.4124111580667, 19.641169375800118], [-111.41808838945967, 19.700120109746617], [-111.43177823834775, 19.757739620561413], [-111.43684228818286, 19.894855187034317], [-111.44999530768192, 20.0314323492832], [-111.44406273499689, 20.090357934307438], [-111.44624852835798, 20.149541059406623], [-111.42446535387886, 20.285009935830438], [-111.41072075923321, 20.42152883301294], [-111.39340636791142, 20.478164791928418], [-111.38400410693248, 20.536637157004574], [-111.33621082331823, 20.665253350430152], [-111.29609681159204, 20.796467637888227], [-111.268065983982, 20.848637482555517], [-111.25672923546101, 20.87914573246697], [-111.23145630771349, 20.979526194328766], [-111.20839231871685, 21.106635340251835], [-111.18439231871685, 21.190835340251837], [-111.16743601340595, 21.233805665837423], [-111.16727267840463, 21.234454409150203], [-111.16672203221083, 21.2356150225253], [-111.13581010153915, 21.31395141132503], [-111.09519708387963, 21.439921175867973], [-111.06400628214395, 21.495915196544065], [-111.04047946556776, 21.555536378737674], [-110.96881198811951, 21.666808888633867], [-110.9410205932426, 21.716700262140154], [-110.90822389656249, 21.832334501779513], [-110.87906968018034, 21.965167397829003], [-110.85484354796658, 22.020542359472564], [-110.83835110677572, 22.078691230851387], [-110.79735110677572, 22.182991230851385], [-110.74925471140185, 22.277042023622613], [-110.70988198300769, 22.375065506154414], [-110.66021329423533, 22.4511593521435], [-110.61883988934471, 22.532063575825113], [-110.57134573278583, 22.592126930071935], [-110.56661915915487, 22.61194898255193], [-110.55883367674598, 22.628905647251766], [-110.55650694835349, 22.637917620966583], [-110.56906280704588, 22.695408209889443], [-110.59303140066275, 22.763268579652095], [-110.61079677583187, 22.88649911831509], [-110.61672759316136, 22.91365506116366], [-110.71067928643659, 23.015714708775143], [-110.81858999419651, 23.12304434099032], [-110.84322594079305, 23.15970003106274], [-110.87313810884149, 23.19219359476442], [-110.95239262817555, 23.322128547590257], [-111.0372908894337, 23.44844820574397], [-111.05430229284443, 23.48920580176471], [-111.07730052716528, 23.52691058524793], [-111.12968314134558, 23.66981066408748], [-111.13738004929621, 23.68825167434902], [-111.18444045964146, 23.72252626544522], [-111.27146870793506, 23.800041753004876], [-111.36440144124235, 23.870370082237837], [-111.41751433072092, 23.930123627317787], [-111.47721367083687, 23.983297436360424], [-111.54744717431328, 24.07630185454634], [-111.62487385481177, 24.163409121520107], [-111.66530885666074, 24.232376329697974], [-111.71348739516735, 24.296175182397377], [-111.76422711967537, 24.401094423576186], [-111.82317228345488, 24.501633144871242], [-111.82492135361598, 24.506674820863307], [-111.99905591466735, 24.640910589285436], [-112.11942246267064, 24.754150773847165], [-112.24323219253522, 24.86361581880988], [-112.26201883209414, 24.888304651807577], [-112.28461467186149, 24.90956269324872], [-112.38057634632472, 25.044109348026893], [-112.45680064276017, 25.144281010934407], [-112.68658638127526, 25.312322164316118], [-112.69307502279852, 25.318124253415178], [-112.70053229199631, 25.32261377931919], [-112.83914785442647, 25.448741360404217], [-112.97885123681857, 25.573662959042874], [-112.9840832694837, 25.580619433791057], [-112.99052138629057, 25.58647753576284], [-113.10186721914809, 25.737224165455103], [-113.21451524531541, 25.887000208461693], [-113.21828960504122, 25.894843735435593], [-113.22346115623887, 25.901845289901704], [-113.30325830161028, 26.071417859761667], [-113.38452197108118, 26.24029253779897], [-113.38669361134014, 26.248721694655796], [-113.39039985711621, 26.256597635804503], [-113.43558175545547, 26.43847956706925], [-113.44338027963597, 26.46874930594432], [-113.48463264357895, 26.4982595754447], [-113.49512548390587, 26.507446460960484], [-113.5071111082915, 26.514576914781536], [-113.7751111082915, 26.711976914781534], [-113.80075825196656, 26.735069010227868], [-113.82979323010615, 26.753723524298938], [-114.05009552520816, 26.927989555043318], [-114.32239049610764, 27.14186487764072], [-114.3837784649543, 27.200678366084276], [-114.45132632411321, 27.252300026896968], [-114.7033263241132, 27.487400026896967], [-114.72291119188374, 27.509644353361193], [-114.74591767869262, 27.52832800049309], [-114.85229371443583, 27.656595923529267], [-114.96241125802592, 27.781666494224794], [-114.97728015524096, 27.80730422035338], [-114.99619958012151, 27.8301172093646], [-115.01252988570334, 27.860294509591032], [-115.13105532069157, 27.969627223834106], [-115.17806060917765, 28.022412079670328], [-115.23131700501564, 28.068882440693773], [-115.42531700501563, 28.274982440693776], [-115.45688036886273, 28.315905084606822], [-115.49401827074551, 28.351845103609733], [-115.57638176316331, 28.47084145418277], [-115.66476752119067, 28.58543566918024], [-115.68774079207319, 28.631729702782227], [-115.7171535497043, 28.67422438963496], [-115.77471941435823, 28.807002578956837], [-115.83905064252372, 28.936638104240934], [-115.85255097052517, 28.986524473782467], [-115.87310826812377, 29.03394078150064], [-115.90366428111852, 29.175398218218653], [-115.94146876640107, 29.31509323325308], [-115.94497734148744, 29.366654833529275], [-115.95588917363547, 29.417170579998643], [-115.95821184054276, 29.558866960627306], [-115.9780699558736, 29.65743795471103], [-116.0113776497047, 29.7775540603183], [-116.0166985379919, 29.849181112407972], [-116.02156841320561, 29.87335402272109], [-116.05011853899134, 29.91216959814595], [-116.10448464603749, 30.00369362446833], [-116.16685276659291, 30.08996377300198], [-116.20436010032113, 30.171831536183387], [-116.25034931072408, 30.2492532596092], [-116.2858153365003, 30.3496249787598], [-116.33015460004968, 30.446404887302524], [-116.35096963259569, 30.53401690218543], [-116.38097094426207, 30.61892303877166], [-116.39526333454019, 30.717974340729768], [-116.52433512169836, 30.81406696920997], [-116.57207517050068, 30.85749535594805], [-116.62511365355998, 30.894265674808306], [-116.71677729796467, 30.989128651493044], [-116.81435664579608, 31.077895080551784], [-116.85270692499375, 31.129802624510052], [-116.89755275512616, 31.17621370674322], [-116.96894825963756, 31.287136607834924], [-117.04733517643267, 31.393234201240247], [-117.07482190630321, 31.45162612461448], [-117.10975168340656, 31.505894418357972], [-117.15813535882535, 31.628614538973945], [-117.18168840037394, 31.67864986161194], [-117.20200003948476, 31.711817791764044], [-117.23392243538515, 31.75001268985818], [-117.30419069146528, 31.87869021346255], [-117.38075852678877, 32.0037218074197], [-117.3979736601499, 32.05042864614608], [-117.40259602142376, 32.0588932649527], [-117.42303167744008, 32.08592995081724], [-117.43256789477964, 32.10562691904065], [-117.44537985250128, 32.12336850120466], [-117.47762165938404, 32.19384053781297], [-117.69460638670648, 32.25415272554768], [-117.86250824057873, 32.31913798142137], [-118.03143281523394, 32.38141642144987], [-118.30188711156859, 32.51252458177072], [-118.45596021445583, 32.57144626212174], [-118.70103187660591, 32.663836775245194], [-118.9504486874715, 32.73523994152653], [-119.00452123220161, 32.75664919572907], [-119.06102927795312, 32.770398269314], [-119.56872530032021, 32.94819103652185], [-119.98141449410143, 33.090603446558106], [-120.0988156965463, 33.14451195608873], [-120.2195693594602, 33.19042189649565], [-120.27657919099346, 33.226137738747155], [-120.33771562294997, 33.25421048294535], [-120.44234396572574, 33.32998699397148], [-120.5518207958088, 33.39857265872931], [-121.15882079580881, 33.86757265872931], [-121.21996122570319, 33.925221845800166], [-121.28718321044785, 33.97564788772867], [-121.78918321044785, 34.43564788772867], [-121.79462293926834, 34.441715912116], [-121.80110206842984, 34.4466588317911], [-122.24102042565048, 34.85638671351619], [-122.55641737727154, 35.135141960463635], [-123.17741738504681, 35.584479823232456], [-123.23997867431413, 35.63985551375261], [-123.30838078172235, 35.68782981643117], [-123.68338078172235, 36.01002981643117], [-123.76789708292884, 36.09845306397258], [-123.85872264521645, 36.180382259687605], [-124.17364631573916, 36.52620034092616], [-124.78156809825853, 37.191620144255225], [-124.88398429227395, 37.328574752128475], [-124.98981086011204, 37.46291156374], [-125.27284656803745, 37.90539718246588], [-125.55665038717439, 38.333233861349086], [-125.5695708619418, 38.357602284343066], [-126.25515751296884, 38.3927035472941], [-126.95286941927857, 38.424149717719324], [-127.65668780289559, 38.451509418265566], [-127.81257555870646, 38.47300518456694], [-127.96918064403225, 38.48842943919354], [-128.00647452985493, 38.49974241577668], [-128.04508122468363, 38.505065992894004], [-128.1937800250083, 38.55656091655288], [-128.34436686473018, 38.60224093497743], [-128.37873710674953, 38.6206122120821], [-128.41556340638843, 38.63336529068397], [-128.55135883972167, 38.71288045066284], [-128.6901404660392, 38.78706077539491], [-128.72026623512946, 38.81178435514469], [-128.7538969255359, 38.83147684157247], [-128.87157044952977, 38.93595651486603], [-128.99321356237309, 39.03578643762691], [-129.00594968779765, 39.051305451359084], [-129.06760175149384, 39.097515287564214], [-129.12771838633515, 39.164522299018], [-129.1946126441618, 39.22476437433446], [-129.25831632427392, 39.310088955342096], [-129.32942506910214, 39.38934795730963], [-129.37531416022003, 39.46679562147707], [-129.42917041776747, 39.53893058450879], [-129.47500404954422, 39.635043649084196], [-129.52928379556326, 39.726652339480246], [-129.55918185092094, 39.81156438606051], [-129.5979304424146, 39.892820130631954], [-129.6241326650907, 39.99602810760456], [-129.65949747210132, 40.09646601583172], [-129.67225552619843, 40.18557932249388], [-129.69440736499766, 40.27283323590999], [-129.69997124185002, 40.37916990060437], [-129.71506206015167, 40.484577254175775], [-129.71018982812404, 40.5744672465202], [-129.7148936314867, 40.66436620982087], [-129.69960534584814, 40.769745103846994], [-129.6938422437565, 40.876071157278126], [-129.6158422437565, 41.384171157278125], [-129.61536348640712, 41.386042229773956], [-129.61525524950898, 41.38797054656799], [-129.536255249509, 41.89607054656799], [-129.50300119329034, 42.0250010577915], [-129.4978460944764, 42.05191421202251], [-130.23327160803842, 42.34752494164915], [-131.204581048517, 42.725069558177324], [-131.33495213819222, 42.79111314523514], [-131.468468241527, 42.85054231790945], [-131.5095066746398, 42.8795392506925], [-131.55433223501987, 42.90224705199072], [-131.66931381609726, 42.9924557679084], [-131.7886703885106, 43.076790725287815], [-131.82326325868428, 43.11323669126924], [-131.8627974362234, 43.14425320154199], [-131.95797083102443, 43.255160375956315], [-132.0585810663746, 43.36116017292447], [-132.0853989890084, 43.40365457407094], [-132.11812250743455, 43.44178784622251], [-132.18983025577083, 43.569131378617946], [-132.26782775913622, 43.692722502422974], [-132.28584013650294, 43.73963230272944], [-132.3104954493547, 43.78341689649655], [-132.35598186267222, 43.922303046338854], [-132.4083692337396, 44.058735959402995], [-132.4168838602784, 44.10825844155076], [-132.43252347770985, 44.156011739549854], [-132.4500405386537, 44.30110318998874], [-132.4748045601323, 44.44513485197549], [-132.47349422352045, 44.495366894748464], [-132.47951712380436, 44.54525376451748], [-132.46839166154612, 44.69097473248028], [-132.46458066597842, 44.8370700873939], [-132.45349572171702, 44.88608130155869], [-132.4496704481732, 44.936184618669365], [-132.41033000798822, 45.07693512907907], [-132.37809044979662, 45.21947981436091], [-132.26509044979662, 45.55977981436091], [-132.19193835878283, 45.7241264088605], [-132.13394608585426, 45.86031849071301], [-132.13000461347906, 45.88806019870808], [-132.12010037197876, 45.916284902975164], [-132.1150120091579, 45.94576093551796], [-132.06502580964604, 46.075679263332724], [-132.06548708317402, 46.115891291307264], [-132.043487083174, 46.36899129130726], [-132.03198839568486, 46.430476792762036], [-132.02880272176006, 46.492947091182955], [-131.99602733642615, 46.62276689225881], [-131.9714140577791, 46.75437841587759], [-131.94814108806764, 46.8124392080177], [-131.93282927533866, 46.873087663019426], [-131.8753570730478, 46.99401885254026], [-131.8255405971244, 47.11829968518012], [-131.79138771236495, 47.17070452432445], [-131.76453818520804, 47.22720044979336], [-131.68457779046324, 47.334595709965335], [-131.61147253649597, 47.44676980892496], [-131.56775221289683, 47.491504806494035], [-131.53039678358314, 47.541677095697764], [-131.43102102951227, 47.631409286900194], [-131.37458165158267, 47.689158526307274], [-131.41673473160654, 47.71189114217761], [-131.56274243218868, 47.784494985643725], [-131.58904396518355, 47.80481530372406], [-131.61829793309192, 47.82059159373105], [-131.74396301775266, 47.92450431293599], [-131.8730009141077, 48.024197783231614], [-131.89483277312337, 48.04925882663944], [-131.92044683274358, 48.070439145677135], [-132.02342493218814, 48.19687125295256], [-132.13053417032455, 48.31982318592311], [-132.14705736926246, 48.34866187281462], [-132.16804718664787, 48.374432273100496], [-132.24438091026545, 48.5185250534679], [-132.3254453422291, 48.66001047528142], [-132.3360249038204, 48.691518551092315], [-132.3515838520601, 48.72088869059556], [-132.39833973766045, 48.87710473931327], [-132.45024410279254, 49.03168644455572], [-132.45447346041834, 49.06465307160256], [-132.46400361785703, 49.09649427233299], [-132.4793848629777, 49.25883029425634], [-132.50013450563432, 49.420567794685084], [-132.49785112745292, 49.453726083978125], [-132.50098625548486, 49.48681470644866], [-132.4844017675016, 49.64903221929405], [-132.47599867634736, 49.77105849147211], [-132.4941219127361, 49.79013501840632], [-132.6101438021151, 49.90437277719906], [-132.62895851513312, 49.93206408792638], [-132.65201709160254, 49.95633555609291], [-132.73897883585013, 50.09399092063304], [-132.8304847160082, 50.22866838068284], [-132.84353560286442, 50.25949817906054], [-132.8614159867123, 50.287801782880756], [-132.919851556033, 50.43977753287826], [-132.9833249073131, 50.58971911492395], [-132.99011042974473, 50.62250262909018], [-133.0021254878471, 50.653750676941854], [-133.0297892360831, 50.814206469553106], [-133.03601591261477, 50.84428998048998], [-133.37825631793245, 51.104084256970296], [-133.39193674435896, 51.11676449037882], [-133.40764388189143, 51.12682571381528], [-133.95264388189142, 51.55672571381528], [-134.05191999382336, 51.65223334157536], [-134.1566139478788, 51.74176897328082], [-134.5356139478788, 52.13646897328082], [-134.58134210671565, 52.1945530021808], [-134.63382755399363, 52.24661159174981], [-134.93570304232924, 52.61140047014696], [-135.31678054041154, 53.02865271623561], [-135.38817106636733, 53.12415004459468], [-135.4667082286763, 53.213862145541974], [-135.67393967129775, 53.50358636178568], [-136.06413619698392, 53.88346301797013], [-136.06712561242634, 53.887007687446975], [-136.07073572451023, 53.88991773506333], [-136.58173572451022, 54.392017735063334], [-136.6292643075355, 54.448904999312376], [-136.68338000243853, 54.499566805471524], [-136.91897791773604, 54.768091658328714], [-137.3792682245821, 55.27169198138854], [-137.49198620926398, 55.42235267903277], [-137.6058928100424, 55.57211674743761], [-137.91189281004242, 56.06891674743761], [-137.9150429088429, 56.075373787708564], [-137.91935117440647, 56.08112316500928], [-138.15890645714867, 56.4763511139169], [-138.44211188743216, 56.82204396219588], [-138.51960417381846, 56.93823563463629], [-138.58601114703217, 57.026535789412655], [-138.9484343149225, 57.27453096833986], [-138.99097317652001, 57.3102349943903], [-139.03810582541132, 57.33960922852003], [-139.57210582541134, 57.750209228520035], [-139.60393985283943, 57.78008474632683], [-139.63995061262352, 57.80476625856375], [-140.03180058645418, 58.13416755806401], [-140.29386369575096, 58.2944367506526], [-140.43849141549964, 58.35197171238868], [-140.9243152815744, 58.31550924463889], [-140.97494284014056, 58.31668717383855], [-141.02520414225947, 58.31049534754283], [-141.170562438008, 58.32123856922242], [-141.31627776615625, 58.324628863851], [-141.3657027277938, 58.335661106174946], [-141.41620623847186, 58.33939374770062], [-141.848822013378, 58.41452358647249], [-142.20878529340143, 58.44311546534424], [-142.7821528620061, 58.282733361202716], [-143.56872229355392, 58.05291759741207], [-144.0572990713095, 57.79990726303122], [-144.15723445966609, 57.76003211479928], [-144.2532394977329, 57.71145082253281], [-144.68791432186705, 57.54271440813208], [-144.91086345244136, 57.34096300001199], [-145.39483729772869, 56.889547395225776], [-145.47800659424954, 56.826002203178696], [-145.55500431691414, 56.755104572608104], [-146.24500431691416, 56.2349045726081], [-146.33503076652792, 56.17997781803668], [-146.4196964068532, 56.11710143657191], [-147.2276964068532, 55.63210143657191], [-147.3431500583375, 55.57740544464107], [-147.4545839954697, 55.51492604940092], [-148.4175839954697, 55.09312604940092], [-148.4892834539461, 55.06978974478934], [-148.55763969513688, 55.0379649156614], [-149.41863969513687, 54.7357649156614], [-149.4950028718837, 54.717127803190465], [-149.56864475907855, 54.68964054842597], [-150.01807032849044, 54.5705331282063], [-150.67257364657104, 54.3850092368517], [-150.70465921973215, 54.37923567970503], [-150.73537321572852, 54.368305518812576], [-151.54749085217986, 54.16636268929262], [-152.30145017754995, 53.80595886663171], [-152.38520185205957, 53.77560233148859], [-152.46521830346154, 53.736445854194166], [-153.42209706054922, 53.37963383573798], [-154.46261872347776, 52.94134180997244], [-154.5771730011442, 52.905844170656636], [-154.68868209639322, 52.86170250547026], [-155.58768209639322, 52.60440250547026], [-155.6436372189821, 52.59418683085975], [-155.69762650710325, 52.5762845259843], [-156.6172973143705, 52.36869037282613], [-157.52698868796648, 52.154185344906374], [-157.5795115345856, 52.14713720573247], [-157.63048678821676, 52.13265103301413], [-158.98848678821676, 51.88735103301413], [-159.02210581486068, 51.8846377740493], [-159.05484109701075, 51.87651361075371], [-159.83267331981094, 51.76286092800826], [-160.59533316480903, 51.645776529269114], [-161.33109606712415, 51.52428782722902], [-162.0045348499289, 51.4081218849882], [-162.69303695195055, 51.239420846377655], [-163.44206271409394, 51.049344427741275], [-163.46245081529446, 51.04625589060585], [-163.48198444761886, 51.03964900477234], [-164.2056126943838, 50.87175933219869], [-164.898718707897, 50.70541388895553], [-165.58453211773923, 50.52240295674695], [-166.2877416408269, 50.328649446799155], [-166.34063670353552, 50.319532522014654], [-166.39169581031382, 50.302980374375196], [-167.51952790625836, 50.056321279779645], [-168.4587842248692, 49.80696881311789], [-168.86474935038893, 49.69917807289367], [-168.88221551457337, 49.696335118748706], [-168.8988980632046, 49.690432420149385], [-169.6798980632046, 49.49773242014939], [-169.74245165785487, 49.48867925649125], [-169.80324755355068, 49.47139426177217], [-170.5383002083356, 49.33852702037879], [-171.27235447200601, 49.203568604195155], [-171.33546872687236, 49.198276864345324], [-171.3973219059845, 49.1846535052995], [-172.24139254646838, 49.08406014543948], [-173.07946751219777, 48.97910217875987], [-173.11928365476567, 48.97805024889901], [-173.15844823506683, 48.97079990992371], [-173.94511221631052, 48.903868827828006], [-174.70623834952397, 48.83577315220422], [-175.26080573221222, 48.77348033401029], [-175.7137569724959, 48.65421842495243], [-175.86289297598535, 48.63026086521003], [-176.01079426327468, 48.59958968290984], [-176.87579426327466, 48.50728968290984], [-176.9645837140638, 48.506567969095634], [-177.05278158101186, 48.4963101083008], [-177.72278158101187, 48.484510108300796], [-177.74884943048878, 48.48661481110009], [-177.77489690387335, 48.484271377613815], [-178.49689690387333, 48.49037137761381], [-178.4970352768525, 48.490386187565704], [-178.49717388203757, 48.490373736915345], [-179.21869444493004, 48.49656961986538], [-180.01621500590167, 48.50303573268429], [-180.40607125933172, 48.54462729956558], [-180.78032242199305, 48.66147687817333], [-181.12458623158702, 48.84909400473164], [-181.42563282297633, 49.10026865828377], [-181.67189314448277, 49.40534833775407], [-181.8539035500552, 49.75260900215117], [-181.96466948188012, 50.1287056188883], [-181.9999342673157, 50.51918500590167], [-181.9583427004344, 50.909041259331715], [-181.84149312182666, 51.28329242199304], [-181.65387599526835, 51.627556231587015], [-181.40270134171624, 51.92860282297633], [-181.09762166224593, 52.17486314448277], [-180.75036099784884, 52.356873550055205], [-180.37426438111171, 52.46763948188011], [-179.98378499409833, 52.50290426731571], [-179.18578499409833, 52.496434267315706], [-179.18530594923564, 52.49638316071867], [-179.18482611796242, 52.49642626308466], [-178.4629646070108, 52.49022745232578], [-177.76716231289657, 52.4843487902841], [-177.21195569000167, 52.49412705617986], [-176.58579265058034, 52.5609419099817], [-176.1382430275041, 52.678781575047566], [-175.99456846842403, 52.70186179546441], [-175.85224974700515, 52.73220083030477], [-175.13024974700517, 52.81330083030477], [-175.10753816940212, 52.81361161726673], [-175.0852221559834, 52.81784338886397], [-174.29722215598338, 52.888343388863966], [-174.29285052721508, 52.88830428214273], [-174.28855176493317, 52.88910009007628], [-173.53712455911582, 52.953033150697664], [-172.73253248780225, 53.05379782124013], [-172.72653613292718, 53.05395624303447], [-172.72067809401548, 53.0552464947005], [-171.93346079716628, 53.149064273724996], [-171.93346079716625, 53.149064273724996], [-171.25864552799396, 53.273131395804846], [-171.255646892602, 53.2733828128331], [-171.2527524464493, 53.274205738227835], [-170.57684265245035, 53.39638238662819], [-169.87421483113997, 53.569745230631405], [-169.48525064961106, 53.673021927106326], [-169.48521486318847, 53.673027752034876], [-169.48518090032113, 53.67304044539829], [-168.50318090032113, 53.93374044539829], [-168.45945053191468, 53.94085678420342], [-168.41730418968618, 53.954519625624805], [-167.29862496680516, 54.1991769689039], [-166.63925835917308, 54.380850553200844], [-166.6312596544751, 54.382229199625876], [-166.6236603146744, 54.38508051114937], [-165.90566031467438, 54.57668051114938], [-165.88067159674952, 54.58077989311698], [-165.85674590495063, 54.58907460396104], [-165.13174590495063, 54.76307460396104], [-165.12421616961478, 54.764115521107776], [-165.11701555238113, 54.76655099522766], [-164.40602621041631, 54.93150830356861], [-163.66893728590605, 55.11855557225873], [-163.66076705280068, 55.11979325830428], [-163.65297243234917, 55.12253706364733], [-162.8889724323492, 55.309737063647326], [-162.82007183066392, 55.31959548478615], [-162.75297244310127, 55.33809287835025], [-162.00397244310125, 55.46729287835026], [-161.99678638122316, 55.467815800565], [-161.98982685872195, 55.46968073474997], [-161.23582685872196, 55.59418073474997], [-161.2244916555276, 55.594923890395684], [-161.21348668278245, 55.597739860325994], [-160.43248668278244, 55.717639860325995], [-160.42522100917574, 55.71803373278202], [-160.41815890298923, 55.71978638924629], [-159.6664271499885, 55.829625410990474], [-158.3935469228211, 56.05954994686982], [-157.52601131203352, 56.26411465509363], [-157.51649098364837, 56.26539220579316], [-157.50737349289676, 56.268415474015704], [-156.63374472300018, 56.465616715186115], [-155.90473989033623, 56.67426292591408], [-154.93638127652224, 57.082158190027556], [-154.89638882327873, 57.094550897742295], [-154.85878169653844, 57.11295414580583], [-153.94621317554243, 57.453243250924224], [-153.08954982245004, 57.86274113336829], [-153.08403735401924, 57.86473917630444], [-153.07900297527598, 57.86774492320736], [-152.89978741763517, 57.93152219529133], [-152.72094716770545, 57.99634442557847], [-152.71515082097005, 57.99722864743859], [-152.70962678427148, 57.99919448118742], [-151.73216226912982, 58.242252803138896], [-151.09242635342895, 58.4235907631483], [-151.07548342157108, 58.42663951608228], [-151.05935524092143, 58.43265945157404], [-150.66926329306722, 58.536042188827246], [-149.9534267947455, 58.787291654324136], [-149.17660766269725, 59.12754327415587], [-148.56875660613622, 59.4924043662748], [-148.04659822652332, 59.88606637942642], [-147.6281627022713, 60.276352604774225], [-147.61613255572274, 60.28554419355472], [-147.60595658726018, 60.296753983746314], [-147.09795658726017, 60.75645398374631], [-146.96236954346784, 60.856847641969445], [-146.8295896375756, 60.96092563986988], [-146.80500498676943, 60.973366175597306], [-146.78286129750074, 60.98976218151396], [-146.6302936896249, 61.06177508371031], [-146.4797605022671, 61.137949177467185], [-145.80111122216982, 61.40139403279635], [-145.2357009286905, 61.69419273696877], [-145.05619984774088, 61.76581533561341], [-144.87689893767586, 61.83793758147151], [-143.89289893767585, 62.12543758147151], [-143.881535546744, 62.127576918515004], [-143.8707588931531, 62.131768237381124], [-142.9437588931531, 62.39106823738113], [-142.79058526177425, 62.418083341660264], [-142.638637254454, 62.45130653055645], [-142.5978369105561, 62.45207820592585], [-142.5576495194352, 62.4591660222299], [-142.4021486910397, 62.45577934578535], [-142.24663879945334, 62.45872057474497], [-141.43963879945335, 62.39462057474497], [-141.34831844176475, 62.37824461777069], [-141.25579376152817, 62.37140625229938], [-140.97625766667963, 62.32286086178179], [-140.2776847184256, 62.37529075536111], [-140.21673672027478, 62.37387270502022], [-140.15615592470942, 62.38070180115524], [-140.02116013699543, 62.3693223104379], [-139.88572223384375, 62.366171136149], [-139.82622198228506, 62.35288996866232], [-139.76547293915533, 62.347769118715156], [-139.63529108615742, 62.31027191002516], [-139.50307034794434, 62.28075866052757], [-139.44730440427696, 62.256124763713416], [-139.388721665242, 62.23925075907575], [-138.656721665242, 61.948050759075755], [-138.5056198804602, 61.86999996548984], [-138.35253349313882, 61.79591735106023], [-137.81653349313885, 61.46811735106023], [-137.69681637699057, 61.37766273385416], [-137.5730493873765, 61.29283374143625], [-137.09937792573598, 60.89465074942206], [-136.64382826758867, 60.544372304412185], [-135.97756568507748, 60.08846903166014], [-135.95346146989056, 60.06823770682823], [-135.9263618124887, 60.052239948768545], [-135.80350203277612, 59.942372663708305], [-135.67725740484525, 59.83641210634738], [-135.65756328107045, 59.81186702164634], [-135.63410534375822, 59.790889775132975], [-135.53504032428398, 59.65916480516109], [-135.43189333073596, 59.53061114508231], [-135.4173661325055, 59.50269555435232], [-135.39845139065827, 59.47754496320446], [-135.25919934349443, 59.24869867437482], [-134.97488811256784, 58.90165603780412], [-134.89643632213537, 58.78402568823811], [-134.81164882559352, 58.67087683499072], [-134.50235618152675, 58.16059338005115], [-134.2992246937052, 57.83080343511739], [-133.9527317754179, 57.45170801861146], [-133.94051165048677, 57.435374400221974], [-133.92561999756148, 57.42143319452848], [-133.72545137202036, 57.19328919481533], [-133.2705565910435, 56.74631723879089], [-132.7558638030161, 56.245236982029866], [-132.64132108146393, 56.109419094987004], [-132.5242917713237, 55.975737854458025], [-132.28272916840632, 55.63801624754973], [-131.94921945958845, 55.27284728376439], [-131.9199177969735, 55.23365117953707], [-131.88517244600635, 55.199188408250194], [-131.59924612785187, 54.85367264120705], [-131.36698583422753, 54.61179101088111], [-130.94494426386606, 54.278881522627174], [-130.38274368206757, 53.8521157430297], [-130.32160744488027, 53.7954492523016], [-130.25446649568826, 53.74604456011094], [-129.86597310021352, 53.396587729916455], [-129.5663126611144, 53.14577102599771], [-129.44118633779826, 53.01819933911729], [-129.31385619788492, 52.89282722280094], [-129.30402427852894, 52.87835669998876], [-129.29177397905232, 52.86586699096826], [-129.19393992442642, 52.71633562357112], [-129.09351528399182, 52.568531619317156], [-129.08669534116453, 52.55242103123], [-129.07711704911205, 52.537781393596525], [-129.01033497102992, 52.37203675227403], [-128.94067509268692, 52.207480885076045], [-128.9371292129665, 52.190349352579226], [-128.93059101673015, 52.17412237939699], [-128.89742731300058, 51.99853393776445], [-128.87894794030206, 51.90925285694152], [-128.86561724703247, 51.89484871759717], [-128.79820066095027, 51.83606730470812], [-128.73278355723752, 51.751318674654975], [-128.66006551343608, 51.67274505402001], [-128.61328645847684, 51.596508772648896], [-128.55863294796137, 51.52570450463791], [-128.5110064530808, 51.429822051918755], [-128.45501461905226, 51.33857161479038], [-128.424007371199, 51.254674051293144], [-128.38421724000955, 51.17456789647263], [-128.35621161345017, 51.07123632997407], [-128.32508908713035, 50.98702685287156], [-128.2733461085212, 50.87521708047889], [-128.2592978212133, 50.817075649337625], [-128.2374592944661, 50.76139029093051], [-128.23520704395327, 50.74882749658214], [-128.1891027447726, 50.730755315185746], [-128.05340141931674, 50.66152424055005], [-127.91479271857308, 50.59831490972098], [-127.87907208829579, 50.572586222542064], [-127.83985854481483, 50.55258055386978], [-127.72027099492067, 50.458205719639366], [-127.59665715020138, 50.36916972231579], [-127.56664229968548, 50.3369666553832], [-127.5320851457903, 50.30969520719969], [-127.43320705393484, 50.193803385328], [-127.32933847596901, 50.082362324955106], [-127.30618285908729, 50.04492242407136], [-127.27761010682225, 50.01143322283633], [-127.20324130262404, 49.87847807104506], [-127.1231096026127, 49.74891456507607], [-127.10770307673613, 49.70767662463562], [-127.08621276094696, 49.66925664157156], [-127.03921119584481, 49.52434755178186], [-126.98589579008106, 49.38164065309118], [-126.97883041935897, 49.33818942401862], [-126.96524840082957, 49.296315117528515], [-126.9474203186116, 49.14502086479526], [-126.92297008823925, 48.99465471946843], [-126.9245173909062, 48.95066000812925], [-126.91936561899176, 48.90694058432818], [-126.9313961428595, 48.75507532193695], [-126.93675069651997, 48.602828416612724], [-126.94685121060219, 48.559980915091245], [-126.95032766500823, 48.516096486917675], [-126.95257149138712, 48.50815608816378], [-126.95055199189426, 48.39345547714042], [-126.94207740494792, 48.232466558386285], [-126.94710589140541, 48.19772884630018], [-126.94648799585907, 48.162634508834806], [-126.9675499263233, 48.046059589155746], [-126.96750720333557, 48.04555604489597], [-126.95694131865228, 48.00160244182616], [-126.95096261876317, 47.850557262366394], [-126.93818313739145, 47.69993496671809], [-126.943222468512, 47.65501100558569], [-126.94143452691685, 47.60984065682891], [-126.96503815876945, 47.46053138165224], [-126.98188918370971, 47.3103100980439], [-126.99559591553937, 47.26723246295895], [-127.00265462662517, 47.22258123968601], [-127.05493351588451, 47.08074574050383], [-127.10076747169842, 46.93669838861949], [-127.1226148622198, 46.89712252894002], [-127.13824896367811, 46.854706352620674], [-127.45473391627412, 46.20172197846385], [-127.7168582930835, 45.64631978453421], [-126.80283804476608, 45.2660988223031], [-126.79233535567117, 45.2604645686778], [-126.78097735133491, 45.25685250145316], [-125.83697735133491, 44.85095250145316], [-125.7019892448202, 44.77646063533708], [-125.56398881828525, 44.70770956775216], [-125.53063344323955, 44.681899612450465], [-125.49370772383847, 44.66152251540921], [-125.37584601808744, 44.562127116444444], [-125.25390989896675, 44.46777453369412], [-125.22623071059064, 44.435953198587725], [-125.19398988295728, 44.408763791263674], [-125.09778393722442, 44.28828456889087], [-124.99659806219317, 44.17195638781669], [-124.97565875617326, 44.135346548968116], [-124.94934181723272, 44.10238970503674], [-124.87848877205964, 43.96545660820622], [-124.80194165754956, 43.83162325556921], [-124.7885469196733, 43.79163180855435], [-124.76916521463036, 43.75417404104555], [-124.7263879128082, 43.606049331875596], [-124.6774212215018, 43.459853948362934], [-124.67208580403391, 43.418017742063135], [-124.66038416094399, 43.37749853197569], [-124.64732651019197, 43.2238745599703], [-124.62782200457536, 43.07093535218317], [-124.63075094461702, 43.028862128544496], [-124.62717905106169, 42.98683860639865], [-124.64434284957538, 42.833619054648686], [-124.65505007686116, 42.67981339057304], [-124.66613081688911, 42.639119999985034], [-124.67082593873457, 42.59720710616974], [-124.71755159136269, 42.450280116122414], [-124.75374092473567, 42.317376837609395], [-124.6762872867824, 42.31292434740502], [-124.39943615091076, 42.31063140854964], [-124.38664054853199, 42.30926406048479], [-124.37381030288428, 42.31025495784869], [-124.1918309868472, 42.28844655855726], [-124.00958715812233, 42.26897184066894], [-123.99730417602959, 42.26513446762527], [-123.98452714546859, 42.263603268419224], [-123.81029911860209, 42.20671150803913], [-123.63535638292832, 42.15205698416283], [-123.62405804923512, 42.14589705423441], [-123.61182524787976, 42.14190260158519], [-123.4520439955476, 42.052113798562296], [-123.29112530414838, 41.964379811400235], [-123.28124580748235, 41.95613404723968], [-123.27002733502853, 41.949829845722476], [-123.1308331611521, 41.83059453340313], [-122.99012252909303, 41.713152650879856], [-122.98204153297051, 41.703137932579544], [-122.97226850902328, 41.694766249123255], [-122.85901056764365, 41.55066657369207], [-122.74391542560333, 41.408030021490674], [-122.73794347817349, 41.39663120905859], [-122.72999147456231, 41.38651376276353], [-122.47699147456231, 40.99001376276353], [-122.45580293561414, 40.948278238356565], [-122.4286280079539, 40.910168771200205], [-122.18772293213138, 40.490658613522434], [-121.93034961282561, 40.10266613865092], [-121.92252526008383, 40.08790916255693], [-121.91218913988796, 40.07478843626], [-121.71267018359872, 39.76286924603383], [-121.21943190174147, 39.222979855744775], [-121.21846999921208, 39.22169356518309], [-121.21727735478355, 39.2206177403124], [-120.98373281635033, 38.96416218703289], [-120.76494378982743, 38.77617865544441], [-120.1325826149532, 38.318620176767546], [-120.05956324278864, 38.2539875868335], [-119.98051807770318, 38.19688187547725], [-119.57251807770318, 37.83628187547725], [-119.55470325846521, 37.81711352652943], [-119.53389793157017, 37.801241168208904], [-119.08083502670945, 37.37927081564256], [-118.64672910857652, 36.9814845161582], [-118.36609351898369, 36.764650757477746], [-118.25958550589857, 36.727896553441894], [-118.25542214948139, 36.72598481544926], [-118.25097072204689, 36.724901730686], [-117.79375085199865, 36.564785475413245], [-117.5215513125285, 36.486860058473475], [-117.44549004081927, 36.45674468089842], [-117.36648284469945, 36.43552874392177], [-117.04048284469944, 36.31262874392177], [-117.03620575936718, 36.31051662863082], [-117.03160472987516, 36.30925765382744], [-116.79260472987517, 36.21785765382744], [-116.7154720136072, 36.17931124892481], [-116.63456718476607, 36.14948357855013], [-116.44922912155387, 36.059637224343525], [-116.12439361329352, 35.969347274452325], [-116.05517727226953, 35.94255756648694], [-115.98321059436365, 35.924408528253366], [-115.87277338000088, 35.871959396555745], [-115.75875637554732, 35.8278299004395], [-115.69609641986135, 35.78805151094163], [-115.62905326320497, 35.75621119902155], [-115.17805326320497, 35.484911199021546], [-115.06989456577061, 35.404426893999116], [-114.95699422592006, 35.330741478568214], [-114.52099422592005, 34.98074147856822], [-114.4282923567374, 34.89002182656884], [-114.32975648394832, 34.80567508043977], [-114.15275648394832, 34.62117508043977], [-114.12730565289048, 34.5888171130585], [-114.0971560178762, 34.560785303215255], [-114.00630637039625, 34.43497966754609], [-113.9103708051206, 34.31300801621423], [-113.89172173092125, 34.27630658727625], [-113.86762014749873, 34.24293149879534], [-113.80305961249469, 34.10181929615733], [-113.73276291094037, 33.963475195582156], [-113.72163226706245, 33.92384072041918], [-113.70450494556628, 33.886404939233934], [-113.68240540310768, 33.79316930347219], [-113.64444724487385, 33.753886293256784], [-113.60297671921967, 33.689456031900136], [-113.55410044804536, 33.630446090427434], [-113.50748226262034, 33.54416996413149], [-113.46013281879897, 33.51089180225548], [-113.21713281879897, 33.30169180225548], [-113.17586878754068, 33.25843544094278], [-113.12909500606797, 33.22120579635089], [-112.93909500606796, 33.03680579635089], [-112.88582475341614, 32.973840161885846], [-112.82573866026372, 32.9173419110205], [-112.70073866026372, 32.7742419110205], [-112.6981614226558, 32.77063045083784], [-112.6949425989689, 32.76757693279925], [-112.6059425989689, 32.66477693279925], [-112.57078121388315, 32.61504252262308], [-112.52922052063246, 32.570516762289955], [-112.4578475204779, 32.45530221043599], [-112.37960811758025, 32.34463562133089], [-112.35482505074613, 32.28899719796169], [-112.32274947948387, 32.23721889859867], [-112.27522513553619, 32.11029398046865], [-112.22007906133157, 31.986490068536263], [-112.20662671210897, 31.92708578538164], [-112.18526890905063, 31.870044757995732], [-112.16341955519582, 31.73628712701322], [-112.1334860423896, 31.604103607158937], [-112.131881377015, 31.543216337506205], [-112.1220621105545, 31.48310463679088], [-112.12540636796643, 31.386008937954916], [-112.08538772147016, 31.331365984506448], [-112.06819013510565, 31.294431434262233], [-112.04547213137388, 31.260611169849422], [-111.98557352899677, 31.116999140877546], [-111.91989221596984, 30.975938081221756], [-111.91023064970572, 30.936358135342136], [-111.89454717232044, 30.898755655163143], [-111.86381682176975, 30.74621745343261], [-111.82691720430756, 30.59505305397527], [-111.82516294671711, 30.55434874758378], [-111.81711670291881, 30.5144090938641], [-111.81674026333356, 30.36072910818242], [-111.8080255254802, 30.350220901926715], [-111.73486194122106, 30.27704380469667], [-111.68318573747318, 30.199689438631783], [-111.62380041987849, 30.1280827906354], [-111.60546465000222, 30.094199528031027], [-111.57660950389236, 30.07153512235928], [-111.57411415993649, 30.06914442780351], [-111.57120676989385, 30.06727647570106], [-111.3751887768041, 29.912220090135886], [-111.14607146776686, 29.743459803553986], [-110.86023001792292, 29.538980413453203], [-110.62079518686399, 29.37161231608471], [-110.48210599133901, 29.28806053243918], [-110.366320739924, 29.219803259225973], [-110.3231268299402, 29.1882536838108], [-110.275877808281, 29.16318139789974], [-110.16512649305793, 29.07284751784994], [-110.04971498046159, 28.988548962294256], [-110.01350604617365, 28.949178889316222], [-109.97205626154889, 28.915370533498137], [-109.88105626754066, 28.805165883872967], [-109.78430818714598, 28.699971432267944], [-109.75647571759235, 28.654293831552582], [-109.72241806197991, 28.61304864198164], [-109.65466646792291, 28.487208325662763], [-109.58029979420247, 28.365160541789812], [-109.5619133755795, 28.31493077791633], [-109.53655666558477, 28.267833784097157], [-109.49465712724309, 28.13119377386866], [-109.44552972976264, 27.996982885616816], [-109.43729594182676, 27.944131260241683], [-109.42652552873955, 27.909007499631233], [-109.36776883605336, 27.857058399881243], [-109.2260230435547, 27.733799315563086], [-109.22096216302255, 27.727260854230163], [-109.2147678074648, 27.72178418119012], [-109.10101892976594, 27.572298849533354], [-108.98604339737523, 27.42375492165516], [-108.98292521612689, 27.41749821494455], [-108.91230745918867, 27.36904438321765], [-108.78047360367266, 27.283178911532886], [-108.72045879590088, 27.235094831013033], [-108.65513691268576, 27.19451272258386], [-108.58913691268576, 27.143912722583863], [-108.5219615298365, 27.08104851707507], [-108.44859855875765, 27.025529917762164], [-108.37917149261796, 26.947422449554818], [-108.30286875453919, 26.876016663625315], [-108.24924832593119, 26.80125510912646], [-108.18812614518824, 26.732490878479894], [-108.1352711117813, 26.642339674682784], [-108.07436508718995, 26.557420005164953], [-108.03636021582389, 26.473634146288568], [-107.98982771654512, 26.394266855128762], [-107.96851506592539, 26.33283336815559], [-107.95991473642216, 26.3271541850526], [-107.88150698379978, 26.263516666251594], [-107.7973917694232, 26.207640551669346], [-107.72966377543948, 26.14027725811077], [-107.65549418634147, 26.080079529406333], [-107.59100808073512, 26.00236819397725], [-107.51941000580348, 25.931155659009683], [-107.46612531286539, 25.851873656092128], [-107.40512486590212, 25.778362840844203], [-107.35703857218608, 25.68956409182662], [-107.30070911056629, 25.605751794256033], [-107.26391541954106, 25.517597844889778], [-107.21842832767987, 25.43359892250299], [-107.1885897751545, 25.337125246022666], [-107.14969363646674, 25.24393404544229], [-107.14037620338921, 25.19774419348145], [-107.11730131199482, 25.182941672365757], [-106.99800711010042, 25.068021393478897], [-106.87525992459118, 24.956796820858095], [-106.85700503267935, 24.932189158520828], [-106.83493889342195, 24.91093207446186], [-106.7403567303806, 24.774946812247435], [-106.64166693531101, 24.641912600654365], [-106.62856352279799, 24.614216414907418], [-106.61106842959317, 24.589062889544685], [-106.5448330448883, 24.4372384813681], [-106.47399323373698, 24.28750706094792], [-106.46654485741716, 24.257786700677368], [-106.46453687974872, 24.253184024592667], [-106.38341931324797, 24.13341869608807], [-106.28991765342758, 24.00614927409935], [-106.27365335395416, 23.971355696166583], [-106.25211520131445, 23.93955587724261], [-106.19076479504166, 23.79403545320305], [-106.12388877591515, 23.650970208547733], [-106.11472488071854, 23.613672172037017], [-106.09980441455639, 23.578281492582846], [-106.06802246552309, 23.42358833217133], [-106.03034209500095, 23.270225181969455], [-106.0286307674344, 23.231856029506996], [-106.02090137289689, 23.194234533486647], [-106.01990924358087, 23.0363134081046], [-106.01287255717092, 22.878546012211654], [-106.01867956259308, 22.840580248808934], [-106.0184382759776, 22.802173709216074], [-106.04827409335212, 22.647093439148968], [-106.07215150696683, 22.49098471011191], [-106.08525368541595, 22.454881338764952], [-106.09250977923182, 22.417165697377595], [-106.15202696956723, 22.270885930434137], [-106.20590088759205, 22.122435039163033], [-106.22579472969811, 22.089581492185772], [-106.24026935632924, 22.054006139951188], [-106.32718070737863, 21.922148325540253], [-106.40898078535668, 21.787060156534555], [-106.43490178192415, 21.758718977312807], [-106.45603868958656, 21.726651055066515], [-106.55685275943235, 21.602222878770366], [-106.61279157409804, 21.49818343692171], [-106.63323595665518, 21.47339613175778], [-106.65938164411358, 21.38654754255359], [-106.69138084084513, 21.252351017448067], [-106.71577835715779, 21.199213590388958], [-106.73263367326122, 21.143224990873158], [-106.79741074649019, 21.021419462567838], [-106.84255140899614, 20.923103772127455], [-106.86698095192061, 20.816750536174734], [-106.88205182092864, 20.74808440740361], [-106.7380812958449, 20.702738699747165], [-106.50511745581629, 20.603334607049696], [-106.39753773814705, 20.559904276583225], [-106.33453088347429, 20.54525390224468], [-106.24502099575365, 20.527469186562193], [-106.07150034109466, 20.512447080416806], [-106.00496969812995, 20.500028777642303], [-105.93739509726241, 20.49625862980818], [-105.81268354074726, 20.464137530912726], [-105.68608822212025, 20.44050783297972], [-105.62325863749186, 20.41534865985097], [-105.55771798298687, 20.39846780370696], [-105.4416692395877, 20.342633885000264], [-105.32211633988923, 20.294760703610507], [-105.26540231929918, 20.257827513041406], [-105.20441430175377, 20.228484670422244], [-105.10148805959851, 20.1510835980882], [-104.99357192971796, 20.08080667275489], [-104.94515296117197, 20.03351878654665], [-104.89106131589789, 19.992841586438523], [-104.80521297275077, 19.89684784027981], [-104.7130807690395, 19.806867873831848], [-104.67481756634514, 19.751042538932154], [-104.62970100493528, 19.700594183323126], [-104.5715795587398, 19.602146233313174], [-104.55229978253722, 19.592951821661096], [-104.36529978253722, 19.480051821661096], [-104.36329105043306, 19.478552037799382], [-104.3610310216894, 19.477467313698074], [-104.2062291093964, 19.361284551523674], [-104.05113779213453, 19.245488396207822], [-104.04946025057103, 19.24362554607943], [-104.04745526682018, 19.242120754912197], [-103.91829396235008, 19.09797005701679], [-103.78877339049026, 18.954142077329404], [-103.78749150644894, 18.95198774922006], [-103.78581861809204, 18.950120719267566], [-103.68726151794134, 18.78354171613079], [-103.58828909442397, 18.617209140671438], [-103.58745212998964, 18.614846124202224], [-103.58617562518808, 18.612688604378505], [-103.52201022344443, 18.430082833673172], [-103.4573894030006, 18.24763773003552], [-103.4570295222471, 18.245156834604135], [-103.45619845636453, 18.24279173718608], [-103.42889059343202, 18.051176636272547], [-103.40110471795215, 17.85963026747436], [-103.401235750895, 17.857126832500985], [-103.40088206132722, 17.854645046855953], [-103.36888206132723, 17.117545046855952], [-103.3734665135446, 17.03395355120791], [-103.36861761978722, 16.950376978077916], [-103.37545436788788, 16.780494814789233], [-103.36706151845962, 16.774444590329797], [-103.33210817577238, 16.736913127902938], [-103.29209246001302, 16.704833705695133], [-103.19875436417445, 16.593723287256005], [-103.0998567372924, 16.48753108124468], [-103.07289703837442, 16.44390171646398], [-103.0399085981815, 16.40463201248556], [-102.97004053499487, 16.27744719040763], [-102.89376026994842, 16.154001467982994], [-102.87583026090996, 16.105950852869316], [-102.85113682353995, 16.060999979821503], [-102.80742378349098, 15.92262839549107], [-102.75669228808748, 15.786673106536828], [-102.74848100912068, 15.736047799282005], [-102.73303152952339, 15.687143194007174], [-102.60603152952339, 15.084843194007174], [-102.60585304888781, 15.083221834368288], [-102.60536421183787, 15.081665652902453], [-102.50525317683673, 14.603039561754171], [-102.29052517471723, 13.981167136865912], [-102.28994321472756, 13.978728934436708], [-102.28890245348147, 13.976448512426767], [-102.03490245348148, 13.234848512426767], [-102.00939705955834, 13.126797030189858], [-101.97477110163851, 13.021313898974777], [-101.81977110163851, 12.324913898974776], [-101.81432573313654, 12.280066563938192], [-101.80218310677921, 12.236552289002905], [-101.79073711898715, 12.085793856513], [-101.77251317603776, 11.93570387181454], [-101.7759217197985, 11.890655927050851], [-101.77250162451122, 11.845608857820679], [-101.79068707930621, 11.695514204893625], [-101.80209440775675, 11.544752842267176], [-101.80490647632149, 11.534665532081755], [-101.7629286948567, 11.245821356385003], [-101.66041190740344, 10.634414930312468], [-101.63614400794671, 10.511942931054172], [-101.63177667999948, 10.467265051986118], [-101.62071289270608, 10.423758971466885], [-101.6127373661312, 10.272492373400326], [-101.5980005371224, 10.121734227399791], [-101.60243334797144, 10.077062797834644], [-101.60006976350672, 10.032234236627545], [-101.62152066923299, 9.883959656165647], [-101.61429733615995, 9.878575304055754], [-101.61413045681425, 9.878390282579302], [-101.61393072503955, 9.878241323252835], [-101.4828356208462, 9.732821852290858], [-101.35170446170999, 9.58743489280671], [-101.35157688480353, 9.587220869920749], [-101.35141005134186, 9.587035807069737], [-101.25120383422899, 9.418835144366845], [-101.15095591229318, 9.250659334487523], [-101.15087254053498, 9.250424534971572], [-101.15074501670266, 9.250210480457557], [-101.08527855540372, 9.065692483160534], [-101.01976634208252, 8.881190724938484], [-100.86876634208252, 8.272110724938486], [-100.86876356155891, 8.272091662225453], [-100.86875711585947, 8.272073508126693], [-100.71775711585948, 7.662943508126694], [-100.7002388238585, 7.542825482792223], [-100.67377273919583, 7.424357018939724], [-100.57277273919583, 6.597987018939723], [-100.5727727048714, 6.597985555063041], [-100.57277238562042, 6.5979841260102665], [-100.475845375582, 5.804929249222735], [-100.3440345832793, 4.962388892088405], [-100.34397055630218, 4.961267061620354], [-100.34369011797013, 4.960178963557322], [-100.20769011797013, 4.084448963557321], [-100.20729795339317, 4.077439990358494], [-100.20559349012329, 4.070630122274725], [-100.19635024778363, 3.88177679252879], [-100.1857874387564, 3.6929926704447738], [-100.18677019235018, 3.686041865187017], [-100.18642701922145, 3.679030322520785], [-100.20664741246706, 3.5428865858022713], [-100.19903526501656, 3.470036818707443], [-100.20182050079373, 3.439925766937823], [-100.1699733820228, 3.3459215621549667], [-100.14797338202281, 3.2513115621549664], [-100.14221556078655, 3.2073724741695555], [-100.12986428865428, 3.164813784867772], [-100.1207854054744, 3.059638996699926], [-100.09578542303144, 2.967539298645861], [-100.08912320355603, 2.870728271860836], [-100.07288751706359, 2.775056109976428], [-100.07569707028681, 2.675628462804502], [-100.06886820315977, 2.5763958210720483], [-100.08122089075367, 2.4801452564777], [-100.08275246463263, 2.4259441877820977], [-100.08100769911618, 2.3759106625362505], [-100.08111975582739, 2.375222820022253], [-100.07615184783255, 2.2289079937581704], [-100.0777232454069, 2.204478105059078], [-100.07747639310571, 2.1954720079483643], [-100.07150821725949, 2.0031291769820543], [-100.07210615445794, 1.9995455752678806], [-100.0720066093312, 1.9959137959648212], [-100.07633657701923, 1.9348341892654763], [-100.0763565758407, 1.9337752516687363], [-100.07649523218362, 1.9325961598529835], [-100.0800066093312, 1.8830637959648213], [-100.08745526323467, 1.8393953538778427], [-100.09452203510679, 1.7793016524042575], [-100.10638919118385, 1.624217006527633], [-100.11838919118385, 1.5561670065276327], [-100.12984960791844, 1.5151915816061727], [-100.13489228766271, 1.4729435286306385], [-100.18256565787316, 1.326711302302313], [-100.18959392386253, 1.3015825315040874], [-100.18970308002534, 1.2833365881467926], [-100.1842774681751, 1.2487114346906802], [-100.19087417497299, 1.087582802630863], [-100.1918389155601, 0.9263220762105464], [-100.19888189238993, 0.8919893659595114], [-100.20031556448765, 0.8569710407550714], [-100.21608214439212, 0.7443498260371224], [-100.2102715110984, 0.6733839308231234], [-100.22301151038761, 0.5627529250381914], [-100.226309796366, 0.4514396359281535], [-100.269309796366, 0.11680163592815346], [-100.28299596263435, 0.057270170010627064], [-100.28852117870494, -0.0035638547518125896], [-100.32110217284595, -0.17412297510482094], [-100.33966818387883, -0.3022618700515257], [-100.34320295084528, -0.3165781988258109], [-100.34409307176217, -0.3312975579094308], [-100.42209307176218, -0.8190515579094307], [-100.42283541858885, -0.8218790799674945], [-100.42302036899237, -0.8247965708668845], [-100.43570105844707, -0.9026389301195135], [-100.43467918071448, -0.9134762163706874], [-100.43241160453655, -0.9208050952946644], [-100.39229188851215, -1.018055380231841], [-100.37460726742566, -1.1076305665134487], [-100.34761972324776, -1.1948551747362426], [-100.33672876346753, -1.299490716161339], [-100.31635252594141, -1.40269933246105], [-100.31648296182661, -1.4940034550779009], [-100.3070306526486, -1.5848170755958693], [-100.31676234107765, -1.689566795283156], [-100.31691262943077, -1.7947674937012064], [-100.33485310970975, -1.8842917864251827], [-100.34329928247244, -1.9752045027305791], [-100.373279635782, -2.0760429276968186], [-100.39395067451727, -2.17919290439021], [-100.48895067451727, -2.49076290439021], [-100.52849431175811, -2.585845267285841], [-100.55899396633315, -2.684202402516789], [-100.58574338135945, -2.7335134524342943], [-100.58339846993287, -2.760044360336459], [-100.56609166413699, -2.954868058534856], [-100.56613980737859, -2.9553131374644606], [-100.56610039364354, -2.9557590742119704], [-100.57110039364353, -3.4547590742119705], [-100.57668203644316, -3.506146597663408], [-100.57479087259355, -3.5578017600588225], [-100.59781092076264, -3.700670159533828], [-100.61343733324229, -3.8445350872240187], [-100.62893693483835, -3.8938462893303427], [-100.63715953143736, -3.9448778600290746], [-100.80115953143736, -4.566547860029075], [-100.8203284089362, -4.618082437216149], [-100.83203808394983, -4.6718052631050435], [-100.888538074655, -4.801460743176029], [-100.9378445949778, -4.934018879538233], [-100.96669904512892, -4.980823571791197], [-100.98866452542286, -5.031229684375565], [-101.06937341400766, -5.147371269372269], [-101.1435933328769, -5.267763113386684], [-101.18102449534273, -5.3080392426305965], [-101.21240165982769, -5.353191563271927], [-101.31421784896582, -5.451355997215822], [-101.41049893652239, -5.5549549578335515], [-101.455068352721, -5.587154735008698], [-101.49465139456234, -5.625318085346444], [-101.61366214520444, -5.7017329640923355], [-101.72830437324856, -5.7845577913557875], [-101.77829926551027, -5.807443797083173], [-101.82456703060845, -5.837151580966104], [-101.95619882634936, -5.888880323577738], [-102.0847965583494, -5.947748105823882], [-102.13829565100203, -5.960440843738028], [-102.1894700950916, -5.980551407691836], [-102.32866439984086, -6.005606107600427], [-102.46627569707455, -6.038254588971012], [-102.52122304999014, -6.040266284272049], [-102.57533756788366, -6.05000679060212], [-102.7167452225709, -6.047424609741039], [-102.85808176005882, -6.052599127406451], [-102.91236577727963, -6.043852471772128], [-102.96734077840225, -6.042848598282743], [-103.81997878412184, -5.94312209096188], [-103.93553619741809, -5.989804161004053], [-104.09803887657957, -6.059155877425917], [-104.11714265698639, -6.063168259627004], [-104.13524217253267, -6.070479974456543], [-104.2547580303997, -6.093165098739208], [-104.28735718055316, -6.125257717164713], [-104.30420571193332, -6.136325717724852], [-104.31885231749467, -6.150176731824786], [-104.46790463240315, -6.243861484645589], [-104.61504575753116, -6.340520238966082], [-104.63372980889858, -6.348088585586501], [-104.65079718284204, -6.358816045338973], [-104.74577954817897, -6.395087883149967], [-104.75936772008616, -6.436086270777222], [-104.76425948914722, -6.444701948214992], [-104.76746904652977, -6.454075210382884], [-104.84157072116608, -6.581640139622166], [-104.86393732147296, -6.648662619380796], [-104.92591311690205, -6.834474644336327], [-104.92599267034949, -6.834614141155462], [-104.92604350506534, -6.8347664695678185], [-105.02310577214561, -7.004901780910836], [-105.05287492001732, -7.057101925225494], [-105.07130678158988, -7.128718620504662], [-105.10932416151195, -7.207773328327616], [-105.13853833375347, -7.290486689674765], [-105.19408075813887, -7.384019245225223], [-105.24122533134754, -7.482053367200216], [-105.2939350263807, -7.552172238088378], [-105.33872443279458, -7.627596883120266], [-105.411446921451, -7.70849644738374], [-105.47681113332963, -7.795449421225484], [-105.54218753945366, -7.853937826293685], [-105.60083094826963, -7.919175228200419], [-105.68793881674128, -7.984332876291282], [-105.76901075728404, -8.05686314797881], [-105.84454149587512, -8.10147341062098], [-105.89571021452922, -8.13974817754871], [-105.89791966923683, -8.144946273476975], [-105.95713811668888, -8.231829056957125], [-106.00819168451861, -8.323747367405945], [-106.02916427789337, -8.354065237520171], [-106.123653485608, -8.728949878291782], [-106.18962790101101, -8.912485552231995], [-106.25541766856759, -9.096087495523735], [-106.25593767113627, -9.096954156833016], [-106.25627956164364, -9.097905269537865], [-106.29721565051901, -9.165976031924028], [-106.34588372190859, -9.46553561571307], [-106.39363519755511, -9.645593694615131], [-106.43962001360791, -9.826111039758572], [-106.44386344270988, -9.834991010755404], [-106.44638627629182, -9.844503943329777], [-106.5283478093184, -10.01178640597465], [-106.60866622701823, -10.179863968376537], [-106.61456051622112, -10.18774546127064], [-106.61889075534246, -10.196583425097202], [-106.7319126099994, -10.34466170025799], [-106.84347803759721, -10.493840353454745], [-106.85079667267254, -10.50042048689425], [-106.85676790867225, -10.508243843979475], [-106.99650671846862, -10.631427366585019], [-107.13503175914828, -10.755974258594627], [-107.14349348905438, -10.76100016174159], [-107.15087625068175, -10.767508264860126], [-107.31196193152337, -10.861063161218588], [-107.47212314565742, -10.956192024828042], [-107.48140279085946, -10.959470555043131], [-107.4899133627254, -10.964413301441873], [-107.66615548223491, -11.024744309352167], [-107.84179796418412, -11.086799395682057], [-107.85153891312108, -11.088204560887714], [-107.86085023872157, -11.091392003594496], [-108.04547591108435, -11.116180636256892], [-108.22984981876846, -11.142777203140211], [-108.23967773223544, -11.142255003625602], [-108.24943198254951, -11.143564651004747], [-108.32940223009275, -11.13852920801782], [-108.33380994148325, -11.160227478124492], [-108.35918727399633, -11.315737903464585], [-108.37277504507497, -11.352044788189355], [-108.3804922605299, -11.390035076249854], [-108.44138125553388, -11.535362402249676], [-108.49660954867497, -11.682933866400328], [-108.51695640797672, -11.715790630777883], [-108.52431265634723, -11.788794906758623], [-108.54309820619382, -11.850224464071545], [-108.55361987532127, -11.913594661116177], [-108.60030433659249, -12.037290975016086], [-108.63896836129791, -12.163724001517108], [-108.66937726418924, -12.220308328142533], [-108.69205967454236, -12.280408208801893], [-108.76197906069166, -12.39262004613249], [-108.82456602685745, -12.509080720451324], [-108.86542968570889, -12.558645312449833], [-108.89940116497827, -12.613165272014642], [-108.9037102404598, -12.617757647603854], [-108.89251428517662, -12.709947202762894], [-108.89976590375493, -12.805817115607796], [-108.89738243052122, -12.90193134564817], [-108.9145160682248, -13.000821440077718], [-108.92208595070737, -13.100898956016277], [-109.03708595070738, -13.756398956016277], [-109.0641658619233, -13.853547834207252], [-109.08185185477036, -13.952837470032188], [-109.11667609303082, -14.041927700188642], [-109.14236030841192, -14.13406953520408], [-109.18787269265695, -14.224068696342265], [-109.22458930113659, -14.318000143616178], [-109.27612504311338, -14.398584658125124], [-109.31929172376222, -14.48394527176822], [-109.38148756563342, -14.56333609856311], [-109.43582379107269, -14.648299624444702], [-109.50209054710325, -14.71728160560593], [-109.56108082169062, -14.79258063736511], [-109.63756996986473, -14.858312184865854], [-109.7074377015921, -14.931042688703599], [-109.78588887740501, -14.985771197666628], [-109.85843578276064, -15.048114947979565], [-109.94627880216889, -15.097661189678378], [-110.02899306243638, -15.15536367899754], [-110.11661382334111, -15.193735529855028], [-110.19992942257693, -15.240728163359968], [-110.24718938579308, -15.256243029149669], [-110.29992450012408, -15.2924990545165], [-110.34296408282165, -15.310998319564534], [-110.38276503963735, -15.33570686712718], [-110.52275110505404, -15.38827434242572], [-110.66012935742347, -15.447322236088523], [-110.70595097418324, -15.457069436898005], [-110.74980756527458, -15.473538435165866], [-110.77058014858135, -15.476952037726777], [-110.80471971423074, -15.572472005450294], [-110.82729358256391, -15.610164392588151], [-110.84387806065362, -15.650849164508033], [-110.9278473588653, -15.77806259278084], [-110.93711883585834, -15.793543506153945], [-110.99592242693224, -16.101074979087503], [-110.9817336519128, -16.174196140973173], [-110.98201470089553, -16.234162806503218], [-110.97413231247184, -16.29360982422526], [-110.98293157548196, -16.429793870966677], [-110.98357116045459, -16.56626039634022], [-110.9955457252484, -16.62501998927037], [-110.99941233253831, -16.684862526911893], [-111.0346107097093, -16.816713184327572], [-111.06186130361556, -16.950432766843345], [-111.06569000690497, -16.959554914566286], [-111.09162365143385, -17.0852737017231], [-111.1285756739633, -17.264628892108025], [-111.12874854949288, -17.281462859531036], [-111.15547717613201, -17.40897885641737], [-111.17373234564465, -17.537980785588825], [-111.18006768519388, -17.556067129092728], [-111.17617055758643, -17.63155320190654], [-111.18550273337297, -17.695565109403418], [-111.18634224455717, -17.76024825270427], [-111.21372298085238, -17.889135388458463], [-111.23273157828136, -18.019520478506134], [-111.25437254257338, -18.08048179797034], [-111.26781497804114, -18.14375829230272], [-111.26895010754909, -18.14640119297148], [-111.26890336172895, -18.148062151882495], [-111.27642093148559, -18.19233058952177], [-111.27716809737836, -18.23722658231842], [-111.30918536967582, -18.385269336452133], [-111.33454384548261, -18.534596863993507], [-111.37088683307893, -18.66778322441998], [-111.37321288059768, -18.777861172619623], [-111.37012995036503, -18.933067968506602], [-111.37734773192692, -18.973539010997943], [-111.37821622204888, -19.014639465690294], [-111.41171133944633, -19.166220239731164], [-111.43896699064231, -19.319046230407473], [-111.45394159326734, -19.35733151383639], [-111.46281169653608, -19.397472800798983], [-111.51022370701699, -19.505426454877483], [-111.51229868495892, -19.51611137665687], [-111.51300761260589, -19.545151062126948], [-111.54962438228148, -19.708316868673794], [-111.58150320361673, -19.872474137772176], [-111.77566417021012, -20.52315729667231], [-111.87010025448961, -20.860360890539], [-111.87735910235051, -20.879007472280666], [-111.88123274038152, -20.89863859072357], [-111.94841127756511, -21.061526822245334], [-112.01232996788924, -21.22572162378823], [-112.02308710666036, -21.242593785723617], [-112.03071615504136, -21.261091988439453], [-112.16571615504135, -21.514591988439452], [-112.24240190308667, -21.62974156097951], [-112.31228982086786, -21.749139245033973], [-112.31611302466258, -21.75344662973724], [-112.3573003455258, -21.958133731060823], [-112.4083627294622, -22.125128557868923], [-112.41720426876526, -22.156436973126755], [-112.42838141917392, -22.286171754655793], [-112.45124751960407, -22.40895894890798], [-112.46528960896708, -22.5330652474894], [-112.48705686363238, -22.601249230089802], [-112.50016052436467, -22.67161373061608], [-112.51279570060494, -22.703205375543263], [-112.5182659829259, -22.826595108478358], [-112.58726598292589, -23.307595108478356], [-112.58773749878245, -23.309516448707765], [-112.58782901112066, -23.31149268274553], [-112.63445537963112, -23.49988320447717], [-112.68071071410421, -23.68836516899936], [-112.68154800479984, -23.690157603034674], [-112.68202330288895, -23.69207801111806], [-112.76450692635144, -23.867752308551445], [-112.84664448469627, -24.043588676880322], [-112.84781537361914, -24.045183322486878], [-112.84865619202012, -24.04697410441011], [-112.96382727104128, -24.2031811128137], [-113.07869055295498, -24.359614591925013], [-113.0801500435004, -24.36095016776636], [-113.08132407003363, -24.36254250478449], [-113.22475664463619, -24.49327927642919], [-113.36793151861006, -24.624298215447638], [-113.36962352337488, -24.625323396093222], [-113.37108564085909, -24.62665609558761], [-113.53441922135502, -24.725180277010214], [-113.55483638058064, -24.767993256232522], [-113.56834406993038, -24.807825475939346], [-113.51739310364553, -24.81072179574899], [-112.90831727074882, -24.831345566040113], [-112.89502588702442, -24.83311059578644], [-112.88163523809935, -24.832427417419233], [-112.70081660118923, -24.858900624395925], [-112.51966062022834, -24.882957238947952], [-112.50696896693681, -24.887281374473464], [-112.49370233408841, -24.88922370919781], [-112.32152274305841, -24.950464207026886], [-112.14854083615438, -25.009400359136702], [-112.13693664641417, -25.016117426338162], [-112.1243038589028, -25.020610631319872], [-111.9673800788764, -25.11426498201398], [-111.80921984370259, -25.205815788407627], [-111.79914906001777, -25.214667654159413], [-111.78763558878286, -25.2215390580509], [-111.65199811262272, -25.34400817743487], [-111.51473755831944, -25.464655391964882], [-111.50658719525917, -25.4753018840304], [-111.49663549654356, -25.484287422633585], [-111.38749679639257, -25.630864891130503], [-111.27641076908466, -25.77597210900269], [-111.27049404053061, -25.788004088662472], [-111.26248655253492, -25.79875845276799], [-111.18404076743373, -25.963811380465685], [-111.10339824085335, -26.127802212673714], [-111.09994252336573, -26.140757297696975], [-111.09418696936295, -26.15286720312344], [-111.04944872684025, -26.330052698573088], [-111.00234874805886, -26.506625069402467], [-111.0014868429227, -26.520005403137155], [-110.99820440562546, -26.533005473010245], [-110.98889297125197, -26.71551439698792], [-110.97714556604011, -26.897882729251172], [-110.97891059578645, -26.911174112975626], [-110.97822741741923, -26.92456476190066], [-111.00470062439584, -27.105383398810144], [-111.02819337154276, -27.28229323147432], [-111.02566506093216, -27.319325094828226], [-111.0161805081732, -27.361449629265564], [-111.00739536097068, -27.432345767189958], [-110.86266889262947, -27.51276883383811], [-110.71260855528456, -27.59093730302992], [-110.69151002247742, -27.607880124671293], [-110.66785726424023, -27.621023728422042], [-110.53883433869805, -27.730483762701162], [-110.40690728048399, -27.836425566210586], [-110.38951953059853, -27.85715895584433], [-110.36888544336672, -27.874664433155605], [-110.26369625049567, -28.00719234766064], [-110.15497235427418, -28.13683620139152], [-110.14196358878733, -28.160563386481424], [-110.1251411289615, -28.181758011677342], [-110.0478280304531, -28.332260832976047], [-109.96648549458263, -28.48062459633495], [-109.95835563305661, -28.50643375446449], [-109.94599127833379, -28.530503029984732], [-109.89952537320595, -28.693197019057507], [-109.84869014572266, -28.854579155821945], [-109.84575161417669, -28.881478455518], [-109.83832051977478, -28.90749741260268], [-109.78132051977478, -29.220697412602682], [-109.77824971026754, -29.25813235667531], [-109.76929398660866, -29.29460974587047], [-109.76224663408006, -29.453219111701443], [-109.74926658015347, -29.611453476828064], [-109.75355797068364, -29.648768204162817], [-109.75189071434804, -29.686291865565483], [-109.77366142526968, -30.090773532230507], [-109.77515127586084, -30.211898385290883], [-109.78399138126181, -30.291592169546245], [-109.783525781185, -30.371773401321736], [-109.805525781185, -30.609273401321737], [-109.83803481714826, -30.777816410510543], [-109.86640496119334, -30.947105271019858], [-109.92040496119334, -31.146705271019858], [-109.93130877741014, -31.17546499777603], [-109.93731964238175, -31.20562929112882], [-109.95733881696228, -31.253912754488844], [-109.96460081138585, -31.295592201271422], [-109.96795737240534, -31.338058914021723], [-109.96406304207075, -31.374620317740224], [-109.9739425760432, -31.483809901625186], [-109.97432329730275, -31.59344486626611], [-109.99156564516542, -31.678581799732797], [-109.99939329760299, -31.765093786516506], [-110.03038483018138, -31.870257921700272], [-110.05214695654468, -31.9777120062044], [-110.05564427991924, -31.98607305066396], [-110.05665453186307, -32.023445997134004], [-110.06451068989206, -32.085866743655224], [-110.06514531815795, -32.13850915831028], [-110.08185411600432, -32.289476438104174], [-110.09185305364402, -32.441036078971756], [-110.10338275075675, -32.48399189374228], [-110.10827542856212, -32.52819820145966], [-110.15411542677194, -32.67300496255159], [-110.19349005677014, -32.819701731453854], [-110.27949005677014, -33.04790173145385], [-110.32571827348329, -33.141542154385654], [-110.32901553305229, -33.1501298776149], [-110.21560013952632, -33.18654418456638], [-110.12260057951241, -33.22683741117189], [-110.02619614872802, -33.258120761347485], [-109.94315726735239, -33.304583478342806], [-109.85584613617279, -33.34241212176088], [-109.77249435518067, -33.400074439426014], [-109.68404538736124, -33.44956426024542], [-109.6116665012272, -33.51133429126943], [-109.53341303117679, -33.565469624608895], [-109.46291219140582, -33.63828510280315], [-109.38581773078182, -33.70407952820652], [-109.32688031989302, -33.77878308560795], [-109.26069174794073, -33.84714471836806], [-109.205751157126, -33.9323150990998], [-109.14297390058414, -34.011885686216836], [-109.09974289658851, -34.09665195417904], [-109.04816281243552, -34.17661278715042], [-109.01089380667099, -34.270865020452206], [-108.96484624897428, -34.36115391624373], [-108.93898299511116, -34.4527253746264], [-108.90399359246503, -34.541212557840495], [-108.88582839874148, -34.6409245832439], [-108.8582801217085, -34.738462036079135], [-108.85077852831958, -34.83331964509042], [-108.85020019529853, -34.836494219375986], [-108.80847982809888, -34.89990737430827], [-108.79524538442067, -34.93251382766543], [-108.77694692535307, -34.96257206606612], [-108.72162412336091, -35.11389872552793], [-108.66102829785916, -35.26319211525416], [-108.6544093537905, -35.29775395663189], [-108.64232656589176, -35.33080448668205], [-108.6175891427512, -35.490016390070416], [-108.5872833445218, -35.648262808285224], [-108.58753426237129, -35.68345184550185], [-108.58213148040426, -35.718224553866634], [-108.58417814047384, -35.76668580703814], [-108.55276531928277, -35.844182588877636], [-108.53636233901486, -35.93004905747169], [-108.51071306310769, -36.013620720347966], [-108.49966694020513, -36.12214246110794], [-108.47919914179096, -36.22928747628287], [-108.47986305719785, -36.31670410746254], [-108.47101064755704, -36.4036738897667], [-108.4813483141593, -36.512265407381996], [-108.48217675426532, -36.62134473051764], [-108.49988205145023, -36.70695215217054], [-108.50816670121382, -36.79397785394182], [-108.53949088659084, -36.898466037289225], [-108.56158372872835, -37.00528781116995], [-108.75858372872835, -37.637387811169944], [-108.76089123096784, -37.6428411001095], [-108.76212467101261, -37.64863260703775], [-108.80463177630784, -37.78224449323441], [-108.7188905366424, -37.88850790463526], [-108.70404724456635, -37.91684124820166], [-108.68476524608477, -37.94236194983516], [-108.61319579175998, -38.09026136367755], [-108.53694858288546, -38.23580443821609], [-108.52791806162469, -38.26648914716158], [-108.51398540323697, -38.29528120696211], [-108.47264488018124, -38.45430128292977], [-108.42625678532423, -38.61192288063393], [-108.42338607274645, -38.64377975880179], [-108.41533817870086, -38.674736714058106], [-108.40581528003118, -38.838766399811114], [-108.39106896766228, -39.0024092110763], [-108.39446838364194, -39.03421401650418], [-108.39261452999337, -39.06614620878655], [-108.41527521536511, -39.22888193549019], [-108.43273737799883, -39.39225725885156], [-108.44227628488623, -39.42278775070318], [-108.44668771419074, -39.45446804376999], [-108.58868771419074, -40.043568043769994], [-108.5897716726357, -40.04668471164931], [-108.5902375032347, -40.04995145106845], [-108.70777032014928, -40.530611700242034], [-108.77049063381445, -41.016001764048134], [-108.77086815035503, -41.017638564113], [-108.77092189608216, -41.01931747584017], [-108.84892189608215, -41.615117475840165], [-108.85018887184039, -41.62056907379838], [-108.85039911288877, -41.62616201100265], [-108.97239911288877, -42.51936201100265], [-109.0145924227461, -42.69643314083497], [-109.0542897005088, -42.87408050657746], [-109.06000292306025, -42.88700573691866], [-109.06327855717136, -42.900752471529714], [-109.13920599814993, -43.066189722847206], [-109.21279778563942, -43.23267908956738], [-109.22092281757095, -43.244241370804545], [-109.22681736617305, -43.25708492125113], [-109.33356108929632, -43.40453063326305], [-109.43821929539047, -43.55346390796706], [-109.44844389628155, -43.56321890811646], [-109.45673083517754, -43.574665703957635], [-109.59018873902852, -43.69845362064012], [-109.72189140756005, -43.82410738110359], [-109.7338226517324, -43.83168022098011], [-109.74418351850792, -43.84129036827119], [-109.87926076184675, -43.92438147112196], [-110.1117773443792, -44.51088284258038], [-110.11454447535915, -44.516255400186516], [-110.11624522003332, -44.52205443947278], [-110.32555848750863, -45.04089504085141], [-110.46345243014667, -45.50614084610349], [-110.46396301071997, -45.50739610022005], [-110.46222561513689, -45.52079462864383], [-110.4379609210268, -45.63599528284533], [-110.43707521629477, -45.71475064938932], [-110.42694710717387, -45.792857074464216], [-110.43487580996918, -45.91031813942055], [-110.43355188787716, -46.0280390523416], [-110.44804761153274, -46.10545394902199], [-110.45335191880805, -46.18403547711027], [-110.48404379078904, -46.29769274745837], [-110.5057115182986, -46.41340997043428], [-110.53503160781106, -46.486509386186654], [-110.55556448992864, -46.56254617323268], [-110.81456448992864, -47.24664617323268], [-110.81808579170135, -47.25375172848712], [-110.82021358712527, -47.261391163563204], [-111.06621999405705, -47.89599486084082], [-111.23082553632544, -48.39726875530677], [-111.23288061149474, -48.40192738461742], [-111.2340125218516, -48.4068917516415], [-111.4180125218516, -48.9577917516415], [-111.44606473033315, -49.020520098466726], [-111.46589584542754, -49.08631142593643], [-111.67889584542755, -49.60311142593643], [-111.68214029824766, -49.60920716954452], [-111.6841785927346, -49.615804890349715], [-111.84715045046673, -50.00363285040905], [-111.94148940526836, -50.36030666798597], [-111.98459406350948, -50.475962758847295], [-112.01915731717673, -50.594452101875746], [-112.05290092608708, -50.659240043184774], [-112.07841176072209, -50.72768933680849], [-112.14325155905101, -50.83271382665754], [-112.20026681357764, -50.94218347389669], [-112.24600154883737, -50.99914348155196], [-112.28437599467298, -51.0613006242482], [-112.36845917600249, -51.15165748083851], [-112.44573536713156, -51.247900575136214], [-112.50170366851293, -51.294843707987006], [-112.55146701711637, -51.348320035620155], [-112.65156231194244, -51.42053689562576], [-112.74612975898579, -51.49985486884182], [-112.8101807960541, -51.5349771286187], [-112.86942066984612, -51.57771757590767], [-112.98168147212266, -51.6290191858982], [-113.08990600112446, -51.68836389280399], [-113.1595783284454, -51.71031555076052], [-113.2260181722983, -51.74067762628512], [-113.34613036235035, -51.76909249415889], [-113.46385296535412, -51.80618335094894], [-113.53646911446151, -51.8141208171805], [-113.60755568243586, -51.83093772340555], [-113.73090341615945, -51.835373881725424], [-113.85360007955133, -51.84878550757407], [-113.92636945255849, -51.84240374970475], [-113.9993709277129, -51.845029222355066], [-114.12121402087526, -51.82531619204464], [-114.24416958069015, -51.81453318569184], [-114.92516958069015, -51.68663318569184], [-114.93156107007253, -51.68476879296935], [-114.93818947295595, -51.684143195684314], [-115.57665343643392, -51.55984548462612], [-115.6039824151749, -51.59372566536317], [-115.84513792308883, -51.9647154012752], [-115.85038232945683, -51.971273165712354], [-115.85430879579529, -51.978695492480945], [-115.94413439629774, -52.11438568767704], [-115.91933291640866, -52.1604256477263], [-115.83356713034395, -52.31139519079764], [-115.82645310171294, -52.332842091305395], [-115.81573675022963, -52.35273527495298], [-115.76479502134707, -52.51872477237047], [-115.71012989758496, -52.683525552825465], [-115.70733664574561, -52.70594823529016], [-115.70070717355487, -52.72754983345382], [-115.683127220211, -52.900288127514585], [-115.66166350880124, -53.07258694378121], [-115.66329837685524, -53.09512371709051], [-115.66101055085554, -53.11760359246714], [-115.6774679607985, -53.290452447402565], [-115.69003050013345, -53.46362795259859], [-115.69603066101836, -53.4854127411931], [-115.69817240107982, -53.50790700477872], [-115.74803472527488, -53.674223936028525], [-115.7941407440131, -53.84162109260708], [-115.804275614911, -53.86181671927804], [-115.81076461516419, -53.88346092913811], [-115.89211567245573, -54.03685447030619], [-115.96999334215361, -54.19204029941714], [-115.98387344565964, -54.209870657557495], [-115.99446033746386, -54.22983303884523], [-116.26540584907436, -54.638196925626254], [-116.46804851176522, -55.12241009970098], [-116.52667950744335, -55.23114389084299], [-116.57724423777516, -55.3438551992231], [-116.84524423777516, -55.8120551992231], [-116.86367575730497, -55.83797933211655], [-116.8776089298349, -55.86657388197675], [-116.9771197121662, -55.99753948975976], [-117.07242930179203, -56.13159346525991], [-117.09556421227647, -56.153423662128674], [-117.1148081827433, -56.178750548615774], [-117.2379570158907, -56.28778609839936], [-117.35758789172482, -56.40067028581808], [-117.38453713152822, -56.41756762443905], [-117.40835236493903, -56.43865354950879], [-117.55040670830724, -56.52156886626251], [-117.68976152288123, -56.60894518958359], [-117.71948944783128, -56.620260314709704], [-117.7469607381218, -56.636294958086765], [-117.90246152296008, -56.68990365268724], [-118.05618494890099, -56.748414288806615], [-118.08754913151346, -56.75371236652485], [-118.11762077240392, -56.764079525856616], [-118.28059219075693, -56.78632144623454], [-118.44277672301484, -56.813717864219214], [-118.47457185534114, -56.812795292374055], [-118.5060882105365, -56.81709656354137], [-118.6702673621924, -56.80711696517002], [-118.83468034014672, -56.802346336040934], [-118.86568455308245, -56.795238568551014], [-118.89743446672715, -56.793308656115094], [-119.77879892527712, -56.65208277503041], [-119.96864526357355, -56.9381117053581], [-120.01994158726173, -57.001010636004004], [-120.06366125177667, -57.06939323053668], [-120.14354701403576, -57.15257411282111], [-120.21643598233466, -57.241949682691434], [-120.27901763418097, -57.293632611715445], [-120.33523801998909, -57.35217197044025], [-120.56223801998908, -57.54627197044026], [-120.65473133330339, -57.61081451184431], [-120.74151199825415, -57.682855256214644], [-120.81511482182631, -57.72273133672158], [-120.88376391217842, -57.77063519698599], [-120.98707161759907, -57.81589302127607], [-121.08623926842387, -57.86961945507377], [-121.16620727176641, -57.89437012932316], [-121.24288286862162, -57.92796075720208], [-121.3530349089649, -57.952194631571594], [-121.46077858845642, -57.98554207807595], [-121.54403864604747, -57.99421619153673], [-121.62579414921879, -58.01220271803861], [-121.73855744334831, -58.01448134828607], [-121.85073662232703, -58.02616828382937], [-121.93408909684612, -58.018432495185735], [-122.01778268819572, -58.02012370818407], [-122.12882380595646, -58.00035952782694], [-122.24112750148505, -57.989936830030366], [-123.03412750148506, -57.836836830030364], [-123.04138045694911, -57.83468119971842], [-123.04890911063603, -57.83392523763795], [-123.79299950888297, -57.68444532408923], [-124.56975389127636, -57.563480037953084], [-124.57706041322074, -57.56159361684708], [-124.58459116143487, -57.56111228655718], [-125.39959116143487, -57.42791228655718], [-125.5087368359911, -57.39885637597614], [-125.61992441211945, -57.37899820061341], [-126.13666451890921, -57.233249807992976], [-126.20730711936267, -57.27312599193473], [-126.20730711936268, -57.273125991934734], [-126.32886411671969, -57.35037922903826], [-126.37769938416042, -57.36930865295955], [-126.42331010165948, -57.39505489317485], [-126.56013790469918, -57.44002508958074], [-126.69443057734027, -57.4920793336377], [-126.7460204362191, -57.50111774593546], [-126.7957775988651, -57.51747106980007], [-126.93874954413431, -57.534883396336035], [-127.08061709996207, -57.55973823193965], [-127.13297898093417, -57.558538291498074], [-127.1849704488708, -57.56487024994693], [-127.32859220469244, -57.554055560669134], [-127.32859220469247, -57.554055560669134], [-127.47258275309663, -57.55075583042593], [-127.52370441844113, -57.539363650283256], [-127.57593218871273, -57.53543090970417], [-128.96893218871273, -57.29153090970417], [-129.0538918389185, -57.26787969059944], [-129.14090958388735, -57.25354670804963], [-129.86190958388735, -57.06064670804963], [-129.86947851988282, -57.05780122022654], [-129.87744630995212, -57.05642284637836], [-130.5536483864695, -56.86966227286404], [-131.831470307457, -56.57011207330124], [-131.8488441859572, -56.56419136690203], [-131.86699206696173, -56.561441669927866], [-132.61799206696173, -56.37084166992786], [-132.62558290895137, -56.3680989615204], [-132.63355299770208, -56.36682576993009], [-133.37737805280594, -56.17167166945123], [-134.6750393088505, -55.83146085325977], [-135.58405139367477, -55.630108902347246], [-135.5841027810173, -55.63013414065862], [-135.62777020317554, -55.66001509378753], [-135.75972642782907, -55.71638970602485], [-135.88852468851334, -55.77964751324609], [-135.93965613549793, -55.79325964926884], [-135.98831398515193, -55.814047356811614], [-136.12873284920457, -55.843595364322724], [-136.26739727340612, -55.880510396363896], [-136.32020183997432, -55.88388572855248], [-136.37198022324952, -55.89478133056615], [-136.51546550850355, -55.896367219993124], [-136.65866730016418, -55.90552085287506], [-136.71111573643594, -55.89852966910638], [-136.76402483910073, -55.89911445371588], [-136.90506248651135, -55.87267728021742], [-137.04729848108602, -55.85371774496188], [-137.13373197493488, -55.833417002683426], [-137.2035161274301, -55.91989788407286], [-137.21615065153193, -55.98953699136156], [-137.22517113363008, -56.0930261579225], [-137.2510614028987, -56.18195845024434], [-137.26759616696958, -56.273094942592365], [-137.30572494387076, -56.36972606110368], [-137.3347618347643, -56.46946690359049], [-137.37750445931528, -56.551639445883495], [-137.41150136017058, -56.63779900363905], [-137.46774929934216, -56.72513482694012], [-137.51568672759814, -56.81729436071143], [-137.86968672759812, -57.36019436071143], [-137.8714685447166, -57.362415926891586], [-137.87278987478544, -57.36493868637014], [-137.994104793673, -57.51531856786216], [-138.11499296996385, -57.66604171517204], [-138.1171739560276, -57.667872979305656], [-138.11896206306864, -57.6700894859595], [-138.61496206306865, -58.1744894859595], [-138.62607624829178, -58.18376792106694], [-138.63532826602875, -58.19490410708419], [-138.91932826602874, -58.47550410708419], [-138.94597994504386, -58.49710930440368], [-138.96879402422314, -58.52273379145701], [-139.0980510451502, -58.62038582002307], [-139.2238936566268, -58.72240019782682], [-139.2542481960052, -58.738390772696675], [-139.28162299848088, -58.75907208636284], [-139.42744734769326, -58.82963096474638], [-139.57077394649318, -58.90513448928954], [-139.60366483830953, -58.9148959328851], [-139.63454836577446, -58.92983930187817], [-139.79133609531127, -58.97059349195286], [-139.94663872062097, -59.01668460513001], [-139.98080198634815, -59.01984179064818], [-140.01400740216158, -59.02847294967808], [-140.17573324750438, -59.03785629077459], [-140.33704370652785, -59.05276373695451], [-140.37116647102297, -59.0491953355264], [-140.40541770967695, -59.051182593992024], [-140.56586663728606, -59.02883448957423], [-140.72698585954706, -59.011985383960436], [-140.75975680410684, -59.00182852725174], [-140.79373760970824, -58.99709551592473], [-141.67973760970827, -58.78349551592473], [-141.68888802545112, -58.78031268906325], [-141.698470219012, -58.778883681834856], [-142.573470219012, -58.55898368183486], [-142.6059431474691, -58.547336163900205], [-142.63986931657288, -58.54107750537337], [-143.87786931657288, -58.18427750537337], [-143.89153968763247, -58.17883675716446], [-143.9059681600004, -58.175955790120526], [-144.44753834794182, -58.01123988321814], [-144.6900661603692, -58.19982985235259], [-145.33471088468247, -58.78662184499672], [-145.4481554732437, -58.87113535093137], [-145.55679892354325, -58.96173782366932], [-146.04279892354324, -59.29203782366932], [-146.18759074040628, -59.370902842240206], [-146.3298430924393, -59.45426128347953], [-146.3595215892124, -59.464549913447456], [-146.38710641267645, -59.47957477922993], [-146.54450189724733, -59.52867694640585], [-146.70028333536823, -59.58268162140509], [-146.73139878028132, -59.58698257074072], [-146.76138477500115, -59.596337205847846], [-146.92533530707624, -59.61378955288108], [-146.94959374465213, -59.61714268863945], [-147.0020532364987, -59.659540278625755], [-147.12851901164805, -59.768074290553024], [-148.01542982475573, -60.38936070123301], [-148.4688146589358, -60.798654900162546], [-148.56599617762248, -60.87043223251848], [-148.65748306570362, -60.949339661342854], [-149.23048306570362, -61.35283966134285], [-149.3040653973503, -61.394517626364745], [-149.37253394790923, -61.44415098090854], [-149.4742345050975, -61.49090356524133], [-149.571628572812, -61.54606879929553], [-149.65192800820583, -61.57259073313049], [-149.72876394188532, -61.6079128451076], [-149.83763132811708, -61.63392629719095], [-149.94391619940566, -61.66903090670841], [-150.02784687627695, -61.67937758631286], [-150.11009743123574, -61.69903104676882], [-150.2219479339115, -61.703305684227644], [-150.33303914077592, -61.717000618751534], [-150.41737565028143, -61.71077442703078], [-150.5018799838191, -61.714003964502055], [-150.61241525084748, -61.69637551541605], [-150.7240436205086, -61.68813448629283], [-150.80538707757748, -61.66561839400552], [-150.8053999914426, -61.665629642145525], [-150.8252867740403, -61.67977878795623], [-150.84245787967475, -61.69712340039229], [-151.66645787967477, -62.38032340039229], [-151.69236545865385, -62.397823305607716], [-151.71504266658076, -62.419345237949884], [-152.40329653371344, -62.95470705521119], [-152.89444318407433, -63.36736469279324], [-152.98827616193816, -63.43164166717831], [-153.07648251997244, -63.50344553596834], [-153.1496234629398, -63.542166949117394], [-153.2178989345466, -63.58893665460377], [-153.32246875368284, -63.63367265908231], [-153.4229884911651, -63.68688862987481], [-153.5022782243825, -63.71059693181176], [-153.57836611885097, -63.743148086779996], [-153.66966160111886, -63.76240656533463], [-154.10059911637913, -64.0666113812146], [-154.11778125998683, -64.07636973906979], [-154.13298094388276, -64.08899595055412], [-154.90098094388276, -64.60879595055412], [-154.9925605641371, -64.6584493723146], [-155.0791773903185, -64.71632695485509], [-155.77417739031853, -65.08782695485509], [-155.94175890529718, -65.15724473434089], [-156.10830085266574, -65.22912082242428], [-156.12274837577985, -65.23221653032219], [-156.13639903099644, -65.23787108102717], [-156.31430325110853, -65.27326148562395], [-156.49166747082694, -65.3112657726878], [-156.50644133148614, -65.31148342548984], [-156.52093284130842, -65.31436621486665], [-156.7023230071454, -65.31436921117299], [-156.88369349171634, -65.31704121377844], [-156.8982259387409, -65.31437244720948], [-156.91300140257317, -65.31437269127903], [-157.09090679178638, -65.27898816414849], [-157.26931357520186, -65.24622519873394], [-158.15331357520185, -64.99222519873395], [-158.2104194417083, -64.96955084059317], [-158.2665848786575, -64.95563163692331], [-158.27209036285643, -64.95742762003428], [-158.42765669154744, -64.97602518054973], [-158.58236613593522, -65.00075855267553], [-158.62200258129602, -64.9992587393535], [-158.66138695800458, -65.00396704182077], [-158.81759232738085, -64.99185777026653], [-158.97415431470822, -64.98593358225772], [-159.01273655782163, -64.9767299005391], [-159.05228271901973, -64.9736642235602], [-159.203124244337, -64.93131347245115], [-159.35552218523208, -64.89495938753056], [-159.69469957415416, -64.77789309886464], [-159.74848064989362, -64.80360087364511], [-159.83249097821604, -64.82501197139759], [-159.9136504877768, -64.85549646548348], [-160.02200073938147, -64.87331093775549], [-160.12840435603232, -64.90042924907293], [-160.21497754740804, -64.90503933658073], [-160.21497754740807, -64.90503933658073], [-160.3005248295177, -64.91910464480584], [-160.41026859255155, -64.9154387315123], [-160.5199182136319, -64.92127765624575], [-160.60572730886724, -64.9089095704313], [-160.69237482944973, -64.90601517088845], [-160.7992947126444, -64.88100975102138], [-160.90797656470832, -64.86534490256781], [-160.98972396839557, -64.83647394203288], [-161.0741419118275, -64.8167310648733], [-161.7918553448346, -64.57256621965756], [-161.9588199290115, -64.6745034269545], [-162.00483941934633, -64.69673069690455], [-162.047153624668, -64.72538995453812], [-162.967153624668, -65.22458995453812], [-163.03172734873553, -65.25181337978557], [-163.09235411567388, -65.28695987111439], [-163.2119649684277, -65.32779916870085], [-163.32842883260815, -65.37689878849713], [-163.39707281747232, -65.39100141463987], [-163.46339139839498, -65.4136448805082], [-163.58867131386964, -65.43036454266267], [-163.71247621819344, -65.45579975426601], [-163.78255251401177, -65.45623962529022], [-163.85201432304586, -65.46550989000335], [-163.97814886434742, -65.45746738948564], [-164.10453705577206, -65.45826073197844], [-164.17335266979558, -65.44502094388739], [-164.24328832857452, -65.44056175637117], [-164.36543021601767, -65.4080661619659], [-164.48954466722614, -65.38418714764109], [-164.5544550540003, -65.35777649806609], [-164.62217697437742, -65.33975922239605], [-165.85017697437743, -64.88005922239606], [-165.85643779984798, -64.87698552656032], [-165.86316536028724, -64.87514556128953], [-166.30795300070946, -64.70510960046526], [-166.36532051756393, -64.74415754563914], [-167.20942838413998, -65.35267549148605], [-167.2187017443775, -65.35806467166428], [-167.22682085092387, -65.36507313668724], [-167.95353854032334, -65.87725978216125], [-168.6802655456922, -66.39383326584057], [-168.8388236817586, -66.48457073446225], [-168.99615050881522, -66.5774267531824], [-169.20015050881523, -66.6722267531824], [-169.22822493918144, -66.68205804253486], [-169.25427881593774, -66.6964115576685], [-169.41301363771706, -66.74676856882765], [-169.57018616177822, -66.80180828084121], [-169.59963913924284, -66.80597361506494], [-169.62799262995225, -66.81496847222388], [-169.7935015721638, -66.83339026003779], [-169.95839178538705, -66.85670956108713], [-169.9880914485433, -66.85504886872383], [-170.01765494445885, -66.85833940059187], [-170.18357759127213, -66.84411802608584], [-170.34984885523463, -66.8348207685093], [-170.37865386268325, -66.82739786903518], [-170.40829125523626, -66.82485762231796], [-170.56825129238416, -66.77853960493884], [-170.72951389565836, -66.73698307713113], [-170.75631728711724, -66.72408322841014], [-170.7848896279326, -66.71580982336444], [-171.1985669919721, -66.55056924700467], [-171.60691969546676, -66.75924184051605], [-171.65877384549506, -66.779607662041], [-171.70725762474672, -66.80704746362619], [-172.88303521055389, -67.32766441814718], [-173.57594277765395, -67.64929471480815], [-173.68731990223537, -67.68824288768714], [-173.7953054044421, -67.73579239203544], [-173.87193753703997, -67.75280299896588], [-173.94603499314545, -67.77871460820462], [-174.0628704490974, -67.79518580376312], [-174.17805748827377, -67.82075473131981], [-174.25653576071542, -67.82248829678261], [-174.33426455916933, -67.83344632514334], [-174.45206842544164, -67.82680756457319], [-174.57003042826977, -67.8294133157915], [-174.64733896455644, -67.8158032198381], [-174.72571203122496, -67.81138655643626], [-174.83995717130196, -67.78189296358313], [-174.956160924167, -67.76143540090503], [-175.0293288006043, -67.73300467189028], [-175.1053343024875, -67.71338304662352], [-175.2116303397055, -67.66216804372058], [-175.32161019755262, -67.61943333980703], [-175.89086791273462, -67.33113748466424], [-176.4693567047805, -67.51394511187516], [-176.48456659659848, -67.51715366642682], [-176.49895121593292, -67.52304589504016], [-177.31131154025476, -67.76599299905867], [-178.13725214450045, -68.05264297347334], [-178.29128387111052, -68.0896647524349], [-178.4438067599192, -68.13248009208489], [-178.48160371622353, -68.13540844039349], [-178.5184641937961, -68.14426791683475], [-178.67675883474945, -68.15052823354954], [-178.83470389741723, -68.1627651489612], [-178.8723458882191, -68.15826340950152], [-178.91022650016268, -68.1597615311479], [-179.0667008811803, -68.1350198051554], [-179.22399837752533, -68.11620803853198]]], [[[-180.54979288120663, -39.08360968201699], [-180.9143772476628, -38.939401511271], [-181.24382260927996, -38.72683737863547], [-181.52546856556626, -38.454086004520256], [-181.74849162037046, -38.13162907127187], [-181.90432112276923, -37.771858417999105], [-181.98696863237555, -37.38859982914554], [-181.99325805174456, -36.99658171734692], [-181.922947682017, -36.61086911879337], [-181.778739511271, -36.246284752337196], [-181.589739511271, -35.87862275233719], [-181.51011266873766, -35.75521202632437], [-181.4366760416877, -35.628020426152155], [-181.0826506714748, -35.133994114082334], [-180.82308186378708, -34.628589038073876], [-180.72331178865338, -34.47383184919197], [-180.62539997254547, -34.31789233633842], [-180.43614412619945, -34.07345643553669], [-180.4355799748092, -34.07098947775525], [-180.35981599801258, -33.901863164429145], [-180.2858770152287, -33.731931069565505], [-180.27971232094671, -33.723049430530516], [-180.27529233319643, -33.713182785922385], [-180.19555915649207, -33.5737130069887], [-180.162308108677, -33.42083551505755], [-180.131909555274, -33.32669612997459], [-180.11081953885326, -33.230044657765966], [-180.07181620665233, -33.14059678465953], [-180.041830659118, -33.04773641170574], [-179.9936505224447, -32.96133635208259], [-179.95410997793917, -32.8706564689057], [-179.8984056694618, -32.79053648423828], [-179.85088012575324, -32.70531028743678], [-179.7867699414421, -32.62996985911074], [-179.7302983898026, -32.54874634202251], [-179.69359093468944, -32.50566763699103], [-179.65619943053645, -32.37716030778744], [-179.65619943053645, -32.37716030778743], [-179.64781248007935, -32.13388940952882], [-179.62220016293688, -31.941922106452985], [-179.59704429323776, -31.749894456223164], [-179.5962779558367, -31.747632142014755], [-179.59596206946276, -31.745264536813437], [-179.53339092284006, -31.56198254684061], [-179.4712556800028, -31.37855232078122], [-179.3602556800028, -31.133152320781218], [-179.28667316634701, -31.005515038785514], [-179.21942175073494, -30.87443144267459], [-179.1889416470376, -30.835988545734235], [-179.16443880291808, -30.793485561408232], [-179.0673693581836, -30.68265603028003], [-178.9758370186887, -30.567211269039916], [-178.9384427444939, -30.53545341483017], [-178.90611879475463, -30.498547381179588], [-178.85275813614473, -30.45754800832], [-178.73860318281908, -30.20731310269662], [-178.6687276647051, -30.08699933886504], [-178.6058397859048, -29.962890094653076], [-178.4768463342411, -29.760387274246515], [-178.40316213850167, -29.576743586403648], [-178.37568172260316, -29.52392575810718], [-178.35566892927787, -29.46785094783346], [-178.1547718320261, -29.042200223031287], [-178.07520270575787, -28.866078667737565], [-178.04436997847162, -28.70007526402836], [-178.03374940959486, -28.663392309343532], [-178.02904346215172, -28.625493896364507], [-177.94604346215172, -28.257293896364505], [-177.93755469814596, -28.231668767477835], [-177.93755469814596, -28.231668767477824], [-177.93350896790508, -28.204979098847023], [-177.8340936709499, -27.813373206386345], [-177.83409367094987, -27.813373206386235], [-177.7428758727202, -27.375983863874854], [-177.72089004105905, -27.30584937199194], [-177.70767310512684, -27.233547668346407], [-177.66238326734265, -27.119213591751627], [-177.62559731033954, -27.001866909460748], [-177.59035136966307, -26.93736925515208], [-177.56328303080215, -26.869035304755453], [-177.4178235138543, -26.586419584952164], [-177.42000359241837, -26.546637890458936], [-177.41677942848872, -26.472443800332343], [-177.42262379885696, -26.398410013601175], [-177.41462379885695, -25.986010013601174], [-177.40383382244366, -25.894659119226606], [-177.4026275300697, -25.80268110906781], [-177.36962753006972, -25.50738110906781], [-177.33607231208686, -25.349535070969658], [-177.3080333525841, -25.19061640892146], [-177.2625428811357, -25.0280281121447], [-177.24785204439462, -24.91246019644843], [-177.2232924911104, -24.677379222355864], [-177.20599280712761, -24.362265478609462], [-177.20460466792284, -24.35326474574903], [-177.20491664268235, -24.34416294404684], [-177.1747372449345, -24.159603551956646], [-177.14623251621975, -23.97477810538969], [-177.14311509384842, -23.966221131611736], [-177.1416454006754, -23.957233355220843], [-177.0346454006754, -23.555433355220842], [-177.003016306193, -23.47100325555259], [-176.98052257389622, -23.383694187552035], [-176.86352257389623, -23.063494187552035], [-176.7803904406996, -22.890736251884235], [-176.69800815492334, -22.717619485233723], [-176.55500815492334, -22.48031948523372], [-176.55054054902325, -22.47432544868153], [-176.5472780145126, -22.46759909415351], [-176.39164195561506, -22.21362539133799], [-176.23927856049855, -21.93805780258419], [-176.22990505600808, -21.924451616764284], [-176.22311730123295, -21.909387843528325], [-176.06166326093802, -21.628399456533096], [-175.90630760765436, -21.352221009853277], [-175.80010453937078, -21.139530907862937], [-175.70895250210523, -20.87491790415919], [-175.68405523937105, -20.820618829523934], [-175.66679242133972, -20.76343265714358], [-175.5517924213397, -20.484732657143578], [-175.54555728583904, -20.473029497094085], [-175.5415578349506, -20.46038650447177], [-175.38955783495058, -20.105386504471774], [-175.3676098383076, -20.065470027548418], [-175.35191278677857, -20.022707400642226], [-175.20391278677857, -19.716307400642226], [-175.20348370948764, -19.71560464887958], [-175.20319934355507, -19.714831924234186], [-175.05334906184808, -19.405249342242747], [-174.9591320034264, -19.16245483775246], [-174.90866414061554, -18.969096038067512], [-174.8159728199803, -18.592730654904784], [-174.79951717973796, -18.54615928170842], [-174.79006449524653, -18.497679103768508], [-174.70206449524653, -18.203579103768508], [-174.70192200233222, -18.203231378502725], [-174.70184994727643, -18.202862562613845], [-174.61384994727644, -17.909162562613844], [-174.6056074795354, -17.88906989963398], [-174.60098313739311, -17.867850360528674], [-174.51935809817334, -17.615423019614422], [-174.48718599375115, -17.478218456637514], [-174.4477470606262, -17.362509450759028], [-174.41698393151543, -17.24419785633631], [-174.38410925014074, -17.154847932852633], [-174.35220884375468, -16.972431524504213], [-174.32280952313008, -16.74047842306344], [-174.3099908014789, -16.60844559005636], [-174.308526303563, -16.467927015026735], [-174.30895853575225, -16.467809705177263], [-174.45151665544572, -16.43672912292312], [-174.4978002682342, -16.416557170631215], [-174.5465259901607, -16.40333278048452], [-174.66501142464188, -16.34442698418998], [-174.69071319150456, -16.342695658016815], [-175.04923712804464, -16.389659063758188], [-175.05160123680895, -16.389734917689676], [-175.0539063760726, -16.390265103547367], [-175.42535468670715, -16.438032287378967], [-175.72934851195112, -16.536561678970518], [-175.7766371988166, -16.54690112701965], [-175.8218830345116, -16.56410398851648], [-175.96780432679515, -16.58869891671212], [-176.11236866798882, -16.62030722716872], [-176.16076584224544, -16.621222440474497], [-176.20849840368365, -16.629267729155778], [-176.74249840368364, -16.666067729155777], [-176.74486950027972, -16.665998070739008], [-176.74720955091394, -16.66638680508554], [-177.28220955091393, -16.701986805085543], [-177.33260692349563, -16.700387125936786], [-177.38270051728657, -16.70613916884589], [-177.52818198801376, -16.694179315158166], [-177.6740807545735, -16.689548295667677], [-177.72319767385238, -16.678147314259473], [-177.77345090118843, -16.674016057933354], [-177.809051183011, -16.667530568525798], [-177.85266642824794, -16.738269134321996], [-177.90894443243673, -16.79881723837872], [-177.95798316010246, -16.865364138000484], [-178.0420919385389, -16.942067326411753], [-178.11958936014156, -17.025444873554036], [-178.18659834737832, -17.073850268809593], [-178.24767746571894, -17.129551507243512], [-178.34513416728893, -17.188372056727744], [-178.4374086501869, -17.25502853074513], [-178.5125735026711, -17.28943102500586], [-178.5833457754224, -17.33214603489657], [-178.69040519373894, -17.370823504723997], [-178.7939106813026, -17.418197334701407], [-178.87434285590635, -17.43727485940607], [-178.95208854431596, -17.465362126878272], [-179.0646364459727, -17.482410163574016], [-179.17539528036158, -17.50868079979296], [-179.25800381372164, -17.511700216365917], [-179.3397351945843, -17.52408036348221], [-179.63473519458432, -17.53948036348221], [-179.70117701884146, -17.53642063527529], [-179.76745503763112, -17.541997567463618], [-179.8965806315994, -17.527422057160173], [-180.02638868285243, -17.52144423580526], [-180.0909569227258, -17.505481142528215], [-180.1570494334655, -17.498020715500065], [-180.28085037435423, -17.45853411583229], [-180.40699798520797, -17.427346862119265], [-180.46721131944955, -17.399093856494513], [-180.53057842401657, -17.37888277027674], [-180.6442971110957, -17.316002529125576], [-180.76193649960953, -17.26080435172457], [-180.81548096355243, -17.221347180913792], [-180.873687499655, -17.18916213621524], [-181.134687499655, -17.009344136215244], [-181.43419117102178, -16.756331670886], [-181.67857967998987, -16.44975050144059], [-181.85846131321426, -16.1013823702881], [-181.96692332040894, -15.724614869341618], [-181.99979756746362, -15.333926962368874], [-181.95582071550007, -14.944332566534523], [-181.83668277027675, -14.57080357598343], [-181.64696213621525, -14.227694500344995], [-181.393949670886, -13.928190828978224], [-181.08736850144058, -13.683802320010145], [-180.74741378097082, -13.508264993624573], [-180.7141693370863, -13.408559962794131], [-180.70167172384055, -13.386640272678592], [-180.69309137485556, -13.362911792682842], [-180.6046798178563, -13.216525189015572], [-180.51997603686243, -13.067962371900833], [-180.5034422423477, -13.048902025877062], [-180.49039756555916, -13.027303425017385], [-180.47313022840783, -13.008380195190066], [-180.45354005305708, -12.966422636405827], [-180.42057841290926, -12.921514810076713], [-180.39424383942014, -12.87242639162605], [-180.30481127988534, -12.7637905499628], [-180.22155117316643, -12.650354738033911], [-180.1804617993919, -12.612740299986045], [-180.14505656198529, -12.569732722153494], [-180.0361486226722, -12.480631714564336], [-179.9323581064801, -12.38561878098478], [-179.88472004066983, -12.35674323297788], [-179.84160474276376, -12.32146925286066], [-179.71740669470404, -12.255327181098886], [-179.59707438036955, -12.182388419622194], [-179.54471832667687, -12.163361432772597], [-179.49554986499055, -12.137176609644714], [-179.36083456951988, -12.096535276435116], [-179.22858476039985, -12.04847368276042], [-179.1735227326066, -12.040026453502314], [-179.12019062354864, -12.023937055431936], [-178.98013511392276, -12.01035828441787], [-178.84105009601515, -11.989020838636806], [-178.78539809697028, -11.991477989253307], [-178.72995186358276, -11.986102322785253], [-178.5899383944926, -12.000107938521737], [-178.44936312703578, -12.006314626709482], [-178.3952598318526, -12.019581730280379], [-178.33983024178997, -12.025126379262314], [-178.20523945233217, -12.066178153791054], [-178.06857616401902, -12.099690456401285], [-178.01810073198993, -12.12325766557662], [-177.96481791331306, -12.139509552257648], [-177.8408220520472, -12.206029888905562], [-177.71332263640582, -12.265559946942927], [-177.66841481007668, -12.298521587090782], [-177.61932639162606, -12.324856160579868], [-177.12826718387643, -12.654055081799454], [-177.0889483567521, -12.680280898676909], [-177.01514621103343, -12.675369952158057], [-176.72877459733823, -12.655634979528877], [-176.4816514880489, -12.575538321029484], [-176.30065332708287, -12.535963927948526], [-176.1200936239274, -12.494434896452633], [-175.5664286046288, -12.423235168251466], [-175.01376287195535, -12.35084093624181], [-175.01259752872744, -12.350803545464066], [-175.0114615662196, -12.350540843941836], [-174.81667520761047, -12.344517253332757], [-174.62189596988347, -12.338267637758152], [-174.62074572382008, -12.338458312619307], [-174.6195803379887, -12.338422274124621], [-173.94858033798872, -12.38362227412462], [-173.8502802282405, -12.400034585226363], [-173.7508543196709, -12.406873023448183], [-173.65738901288051, -12.43223994739117], [-173.56186478198552, -12.448188794235994], [-173.4686553643403, -12.48346314744699], [-173.37247400983932, -12.509567219515482], [-173.28575345407154, -12.552680901926948], [-173.19517616015463, -12.5869591491174], [-173.17904994057588, -12.597027613095067], [-173.17455337986078, -12.597553784069186], [-172.9891082927895, -12.637984601301762], [-172.80341362131523, -12.67725316744299], [-172.79763045488096, -12.679730681453206], [-172.7914833445543, -12.681070877076882], [-172.61748919398445, -12.756903369246544], [-172.44302351076732, -12.831644634154763], [-172.43783480526054, -12.835202783229892], [-172.4320672691309, -12.837716469103567], [-172.2762105526917, -12.946036436063931], [-172.16358810595145, -13.023267154628353], [-172.14918807354223, -13.029456906779123], [-171.98620755488398, -13.119371729753036], [-171.82234098142118, -13.207661428779272], [-171.81464165421022, -13.214023027432265], [-171.80589672350055, -13.218847523655203], [-171.66358934157623, -13.33883058038532], [-171.52009588418736, -13.457392600186177], [-171.48644635190627, -13.491266462682479], [-171.46796697052224, -13.503987153123573], [-171.38631667459063, -13.572907502885236], [-171.29882957178012, -13.63424910605002], [-171.23687334437676, -13.699051400716442], [-171.1683627944065, -13.75688059793416], [-171.1017270792447, -13.84040584502662], [-171.0278881696974, -13.917636673546571], [-170.8538881696974, -14.13963667354657], [-170.8015059666293, -14.221975102199224], [-170.74125421781451, -14.298742535372543], [-170.6965353253188, -14.38697613602226], [-170.64343900248113, -14.47043707377628], [-170.60812673931702, -14.56141265347476], [-170.56400929421903, -14.648459555023846], [-170.49100929421903, -14.836159555023846], [-170.4815383018085, -14.870019275892327], [-170.46675224291317, -14.901918380219369], [-170.4288066993147, -15.058539893796073], [-170.38539648810868, -15.213735629424297], [-170.38271318200927, -15.248792444209807], [-170.3744344396247, -15.282963233183098], [-170.3504344396247, -15.453863233183098], [-170.34879551245567, -15.493480128125071], [-170.34098948572796, -15.532354932225282], [-170.30998948572798, -15.841354932225283], [-170.3097644243522, -15.965403931205529], [-170.3005787887514, -16.089112576413523], [-170.30725073067418, -16.366379420033923], [-170.31110861121294, -16.73654305772586], [-170.32048009241564, -16.822499910240207], [-170.32035984170963, -16.908966034785475], [-170.34435984170963, -17.15616603478548], [-170.3500538333438, -17.185001187959063], [-170.35087375719027, -17.2143817142332], [-170.38987375719026, -17.5220817142332], [-170.40036508705361, -17.56807906295898], [-170.40389788232787, -17.615125247179108], [-170.47489788232787, -18.021125247179107], [-170.52292058175058, -18.19376988592577], [-170.56801606848455, -18.36720214366369], [-170.62075457608552, -18.51053985590125], [-170.64381400624885, -18.608881543362486], [-170.67044216301463, -18.687005298332778], [-170.6880168626069, -18.767649639471326], [-170.78835999960856, -19.077963135114747], [-170.87004271173134, -19.350579186824593], [-170.94381043647832, -19.597114276007414], [-171.0280271800197, -19.939069345095216], [-171.03265589979813, -19.952169159690555], [-171.03483009520286, -19.965891516031945], [-171.11783009520286, -20.283891516031947], [-171.15760033298838, -20.391674876025654], [-171.18846446920344, -20.50233801171547], [-171.35346446920343, -20.92753801171547], [-171.38991392354055, -20.999589779820255], [-171.4178006564449, -21.075368075765816], [-171.60244363255174, -21.45683048370113], [-171.73032556433955, -21.721580645186158], [-171.85924449772332, -22.02267420670745], [-171.9464657992343, -22.23405313480403], [-172.06104749789478, -22.566682095840807], [-172.11579183438803, -22.686075414087966], [-172.16266808099635, -22.80877147891509], [-172.34966808099637, -23.183271478915092], [-172.37597273953673, -23.22510821194146], [-172.39586315785624, -23.270347780355998], [-172.57986315785624, -23.597447780356], [-172.58511765675274, -23.604956560106373], [-172.58888269876707, -23.613312156471675], [-172.74668411948258, -23.887943665174788], [-172.91272143950147, -24.18824219741581], [-172.9381562417037, -24.225162289085734], [-172.9577219854874, -24.26550090584649], [-173.13283324723113, -24.551255093306516], [-173.17258027304447, -24.6172129200583], [-173.19254655039867, -24.671855672270397], [-173.22330734333084, -24.78736676199139], [-173.2320071928724, -24.94583452139054], [-173.23953367410996, -24.994636433162203], [-173.23982601257435, -25.04401445510149], [-173.27182601257434, -25.350314455101486], [-173.2763320027039, -25.37228693229884], [-173.27696591148228, -25.394707723116664], [-173.31296591148228, -25.677907723116665], [-173.34554880326323, -25.820520834951846], [-173.3709666474159, -25.96458359107854], [-173.41235037501522, -26.11249390219231], [-173.41715971693543, -26.155530225496445], [-173.4219375488084, -26.401827458546876], [-173.40299640758164, -26.747462109541065], [-173.4100692520587, -26.910221594489702], [-173.4100692520587, -26.91022159448996], [-173.41172280851399, -27.073126293073763], [-173.41856847424452, -27.10580471948599], [-173.4200179983533, -27.13916100183176], [-173.4587077404367, -27.297413265408522], [-173.49211065437314, -27.456865203027235], [-173.63711065437312, -27.917965203027236], [-173.703939205387, -28.07478239530348], [-173.76671696919783, -28.23326469524455], [-173.882527358839, -28.45827463145154], [-173.9271241272798, -28.672116136125148], [-173.94002653451753, -28.71327463263473], [-173.9464910320949, -28.755920901152976], [-174.0498719658243, -29.16314779737975], [-174.11858332393726, -29.467961316141064], [-174.18663002152837, -29.83432473597164], [-174.19899719884157, -29.87704039557747], [-174.20475378585968, -29.92113615904919], [-174.2534226649511, -30.065023443393976], [-174.29566508063718, -30.210926797383017], [-174.31612803789375, -30.25040897096271], [-174.3303766704017, -30.292534392288793], [-174.5163766704017, -30.704234392288793], [-174.524714994644, -30.71871309789743], [-174.524714994644, -30.718713097897435], [-174.53033107072213, -30.734449052166543], [-174.71296670985956, -31.12140831258898], [-174.83383786149832, -31.422656413596354], [-174.9193844910943, -31.5870784954902], [-175.0031602140952, -31.75240990534693], [-175.1572595396567, -31.994325658793876], [-175.1572595396567, -31.994325658793898], [-175.28839681718094, -32.281786897303384], [-175.33184712350362, -32.356600938535834], [-175.36682684475247, -32.435730509407755], [-175.55982684475245, -32.77723050940776], [-175.5931350309678, -32.82462656202907], [-175.61957824926506, -32.87616855732541], [-175.69188127053278, -32.96736042539361], [-175.70000262390235, -33.01076362066667], [-175.70000262390235, -33.01076362066671], [-175.71903793053724, -33.15343546318657], [-175.73598960062864, -33.20308991248809], [-175.74563968564829, -33.254663154711366], [-175.8896396856483, -33.74956315471137], [-175.93849249640735, -33.871405919746266], [-175.97932132581792, -33.99616674372298], [-176.1503213258179, -34.38486674372298], [-176.19691712478496, -34.467658794859055], [-176.23489002206082, -34.5547435310943], [-176.29283295004223, -34.63808334139532], [-176.3426165605881, -34.72653953962402], [-176.35911231644988, -34.745771173448084], [-176.35981457747488, -34.75014845611568], [-176.41310884371228, -34.89372486821357], [-176.460169340882, -35.03946358829426], [-176.48121410417139, -35.07720255975643], [-176.4962508171779, -35.1177119326335], [-176.6152508171779, -35.36181193263349], [-176.6497790333322, -35.4179049985567], [-176.67670766680357, -35.47801721407762], [-176.699545917223, -35.51796602671604], [-176.73769633354897, -35.63615751258865], [-176.7976095240084, -35.77385448354233], [-176.85111609911456, -35.914165183852], [-176.87568717205562, -35.95329836815015], [-176.8941229847713, -35.9956689304345], [-176.97974830648, -36.1190316090824], [-177.05960002745454, -36.24620766366158], [-177.34939619502597, -36.62049775105843], [-177.59191813621294, -37.09271096192612], [-177.67170084185688, -37.216464975645195], [-177.74532395831233, -37.34397957384785], [-178.09956868354553, -37.8383119858778], [-178.221260488729, -38.07503924766281], [-178.43382462136452, -38.404484609279976], [-178.70657599547974, -38.68613056556626], [-179.02903292872813, -38.90915362037047], [-179.3888035820009, -39.064983122769235], [-179.77206217085447, -39.14763063237557], [-180.1640802826531, -39.15392005174456], [-180.54979288120663, -39.08360968201699]]], [[[141.2195653778036, 5.912196658280112], [141.13636352870913, 5.9576086241809865], [140.44786031084027, 6.426410003145185], [140.03863331098822, 6.665890690521295], [139.7854155956785, 6.81376659680313], [139.33365602055258, 6.944092389384912], [138.6416759150818, 7.142144274614971], [138.56587057749053, 7.172152636321948], [138.48712400918933, 7.19326966642663], [137.65412400918933, 7.506979666426631], [137.479871784303, 7.592954863238871], [137.30547068036998, 7.678627655241009], [137.30408628202645, 7.67968657162779], [137.30252323561837, 7.680457771092529], [137.14839214720496, 7.798775901269984], [136.99405604415998, 7.916826482123853], [136.99290483098125, 7.91813513444791], [136.99152227162364, 7.919196450758168], [136.86343549097407, 8.06531061490984], [136.73509543870355, 8.211202366998604], [136.7342216511666, 8.212710464484873], [136.73307270984003, 8.214021111850192], [136.63595254009874, 8.382316224593975], [136.53854057484156, 8.550442609697424], [136.53797779211132, 8.552092197005386], [136.53710662198677, 8.553601807982407], [136.47468533681226, 8.737610382517097], [136.41194494576303, 8.921510397941516], [136.41171479526426, 8.923238082355851], [136.41115487492095, 8.924888643441502], [136.38583128929784, 9.11753933343698], [136.36017355049773, 9.310145804725874], [136.36028487678502, 9.31188519230371], [136.36005772364783, 9.31361327336084], [136.3728050087693, 9.507502620838554], [136.38521593473206, 9.701413789317018], [136.3856644595986, 9.703098036368939], [136.38577880303515, 9.704837228211902], [136.43610708788373, 9.892514174291128], [136.48610973368375, 10.08027814249273], [136.6428668213341, 10.498717492136517], [136.74705602894346, 11.032411386173177], [136.7533816438021, 11.053533918523584], [136.75594654174336, 11.075433600593813], [136.85894654174334, 11.547633600593812], [136.89085425843024, 11.646244830542555], [136.91348974646607, 11.747387856686975], [136.9510593667148, 11.832309531924702], [136.97964718141478, 11.920660559883702], [137.0301798968777, 12.011152115976714], [137.07211247589817, 12.10593574258462], [137.1255276033966, 12.181896202332453], [137.17080254174832, 12.262972384087748], [137.23801831207118, 12.341866726572615], [137.2976365365805, 12.426648472028743], [137.36484445793462, 12.490728598417954], [137.42506662944757, 12.56141422177247], [137.50638239027177, 12.625679485311835], [137.58139516533646, 12.697201234684577], [137.65981311781908, 12.746938464394423], [137.7326682182151, 12.804517120483755], [137.82495905045474, 12.851683627040275], [137.91248367719658, 12.907196839610997], [137.99909810287116, 12.940679798796769], [138.08178635149963, 12.982938772157805], [138.1815055702289, 13.011193939335719], [138.27817852632666, 13.048565273477571], [138.36966088138846, 13.064507230795218], [138.45900461522666, 13.089822532780802], [138.56232006679298, 13.098080530351144], [138.66442626475865, 13.11587382665114], [138.75726093360657, 13.113662141621303], [138.84982672306765, 13.121060919373106], [138.95276805260733, 13.109004397120389], [139.05638360851486, 13.10653586918031], [139.14700300688733, 13.086255535618358], [139.2392336005938, 13.075453458256664], [139.33784483054274, 13.04354574156969], [139.43898785668696, 13.020910253533906], [139.73220523481277, 12.924279810115735], [139.95355462751488, 12.940531232302778], [139.9608815374701, 12.940348853545697], [139.96811217541597, 12.941546662544873], [140.156787330725, 12.935472438345107], [140.3455017836968, 12.930775027351013], [140.35265232880124, 12.929166743728064], [140.35997771300987, 12.92893090967795], [140.66547116868114, 12.88888035395676], [140.9656216010066, 12.960794386964878], [141.3137207787183, 13.114594626767074], [141.38989587079118, 13.139657729639667], [141.46264907753937, 13.173388645514608], [141.57567572210465, 13.200782953100779], [141.6861488241417, 13.2371307755407], [141.76574980199024, 13.246851274677265], [141.84368565151095, 13.26574061392972], [142.1098429577233, 13.303142218700204], [142.15377074184747, 13.332509527805119], [142.23281164939073, 13.365272226342901], [142.30774134905607, 13.406580816113113], [142.41347543120193, 13.44015791786836], [142.51595777824855, 13.482637164958167], [142.59987162232454, 13.49935022132525], [142.68142047490164, 13.525247018889804], [142.79167347390103, 13.53755124991603], [142.9004739413793, 13.559220956098038], [142.98603596001962, 13.559242096911028], [143.07107008883708, 13.568731902862607], [143.18160504376903, 13.55929041846178], [143.21663049953472, 13.559299072612559], [143.29713252714458, 13.595734241072064], [143.72457280900008, 13.809454381999823], [143.74686582860835, 13.817985118893509], [143.76736289118534, 13.83021715146873], [144.17236289118534, 14.02081715146873], [144.27170078080368, 14.056145805922064], [144.29684321341642, 14.080589837628889], [144.4383811900211, 14.193449037236803], [144.57820108226312, 14.308429885603108], [145.1016132323272, 14.658918512127148], [145.21445057328924, 14.735779653795648], [145.36138594365465, 15.014793232355878], [145.56574159401728, 15.602257004260407], [145.72082374894654, 16.082103545796027], [145.79766009258492, 16.73140794873627], [145.85074883312626, 17.315922676116823], [145.81434488081825, 17.944578483640257], [145.81730099947984, 18.017833790623005], [145.81123559631138, 18.090897389788793], [145.81432521007193, 18.292168561767316], [145.75080224189756, 18.45837119342351], [145.72590782883995, 18.549420080318733], [145.6918678106505, 18.6374593259313], [145.5743498285024, 19.060819704386937], [145.38537402728446, 19.47776157094758], [145.3637832710507, 19.541340159891252], [145.3341729485912, 19.601603138001135], [145.14622067966786, 20.103175762037562], [145.03675238459562, 20.39518382833431], [145.0108329438394, 20.432537766059504], [144.79940618423595, 20.63901810250869], [144.18639860754223, 21.045672998840047], [144.06495110755972, 21.144667991397174], [143.9396855977977, 21.238785236722656], [143.42581115225053, 21.710392193745303], [142.8200564625881, 22.165859499144986], [142.77865578962187, 22.203882091064717], [142.73234582168425, 22.235743040328284], [142.63455788551963, 22.33622235057295], [142.531291689563, 22.431062558391886], [142.49810435862045, 22.476431427490187], [142.45889998658285, 22.51671480410509], [141.96777050996647, 23.13200181241008], [141.55079814617412, 23.639416069194038], [141.48409946236345, 23.739098396767115], [141.47273316480644, 23.752049608802814], [141.46400860795822, 23.76714821833936], [141.39268336658984, 23.861005148673083], [141.36628081399147, 23.9151803886483], [141.33276621056396, 23.96526853861577], [141.2900615500335, 24.06817883265307], [141.27657461016994, 24.09151916298562], [141.26789511355526, 24.11705741971948], [141.22091944700432, 24.213446509331522], [141.20559327706283, 24.27173166974993], [141.18249436064892, 24.327395764735634], [141.16269722591625, 24.426588119671973], [141.15041241179748, 24.462734540463416], [141.14541445853914, 24.500590680503176], [141.12121382151312, 24.592625286453302], [141.11755301034435, 24.652780501286816], [141.1057574593478, 24.711881401337134], [141.10569969200515, 24.801403370387845], [141.09909491221993, 24.851430142459712], [141.0760949122199, 25.546230142459713], [141.07942812014988, 25.597371902410938], [141.07532506516282, 25.64845766193139], [141.09215406026695, 25.792627340503003], [141.10159421416685, 25.937468614972804], [141.11484063785846, 25.986977423738463], [141.12078275919774, 26.037882051033023], [141.24621527355316, 26.613987157030824], [141.2583383560993, 26.78458819106803], [141.2464585326964, 27.29213617562756], [141.21415150061114, 27.509366839254408], [141.14602897757564, 27.74098341757517], [141.0001369522928, 28.003301874058117], [140.9403960862652, 28.14098401342041], [140.87436517058757, 28.275762575320158], [140.63336517058758, 28.921162575320157], [140.60921868710045, 29.012223610651517], [140.57590532936115, 29.100345032658726], [140.55909418427237, 29.20125275543064], [140.53287404798616, 29.300133934465492], [140.52695665911438, 29.39415600277596], [140.5114750447988, 29.4870833100575], [140.50021268923282, 29.65515740459221], [140.38482965721118, 29.925218573516716], [140.3546442563407, 30.020899183244623], [140.31541790800128, 30.113242191099218], [140.29580693213504, 30.20739964016768], [140.26687044811166, 30.299121477708123], [140.2559314122173, 30.398852490925176], [140.23547401430034, 30.497073834706267], [140.17047401430034, 31.10127383470627], [140.17031605191383, 31.11883775050525], [140.16703593889247, 31.136093385783823], [140.1151832403177, 31.71278181509947], [140.02652345115786, 32.19838414601217], [140.02568546747617, 32.208529202151446], [140.0229837183769, 32.21834372875859], [140.0095555908225, 32.40380568276027], [139.9942484247293, 32.589122011394046], [139.99540574493815, 32.59923561563056], [139.99467062834648, 32.60938864396282], [140.00338903358303, 32.94596752167846], [139.96512520657112, 33.058125258777046], [139.92369068648992, 33.23460722609866], [139.87964452968177, 33.410455570743146], [139.87891424237, 33.42532344369841], [139.8755118627436, 33.43981519233857], [139.8693034191822, 33.62098958200902], [139.8604099071091, 33.8020520289353], [139.8854099071091, 34.3108520289353], [139.9127713535603, 34.49529730657422], [139.93835778500133, 34.679997181293686], [140.03078547786686, 35.064632057291945], [140.05160561697923, 35.18972170390489], [140.08582505259247, 35.437362356369114], [140.12575152309748, 35.60376513788027], [140.16150123109708, 35.77111497241581], [140.17144042497608, 35.79418418220411], [140.177301159939, 35.81861014791535], [140.24892402673805, 35.97402627865163], [140.31663514723175, 36.13118611099661], [140.33088394185367, 36.15187301185313], [140.34139733395375, 36.17468626681113], [140.44196417044213, 36.31314319202661], [140.53903460304238, 36.454073457960355], [140.55704542522068, 36.4715830638865], [140.57180745069553, 36.49190690749706], [140.60340331219945, 36.521121580948396], [140.62057884235588, 36.549097877183975], [140.67433498487503, 36.61999069828971], [140.75002583871523, 36.78263250363965], [140.83210086972213, 36.95948626400467], [140.83273427468805, 36.960353439020984], [140.83318737229948, 36.9613270389975], [140.94835601435614, 37.11864756264904], [141.0395855104185, 37.243547025065716], [141.04264625290577, 37.248267252033834], [141.04419951031448, 37.249863908655705], [141.06335645371598, 37.27609108337075], [141.11435645371597, 37.33319108337075], [141.1418201207527, 37.35844940590885], [141.1526515363888, 37.37658728946749], [141.2426405124448, 37.47619956845921], [141.32627697523947, 37.5812022542762], [141.3737786145395, 37.62136140699559], [141.41547639624187, 37.667518294720225], [141.52316965094147, 37.747660573386085], [141.62568407034402, 37.83432899757926], [141.67382080323938, 37.86096998102801], [141.67791818445176, 37.866181252464806], [141.68480121810057, 37.87713200374368], [141.75388218392553, 38.0021057510088], [141.85986005989207, 38.207382225044846], [141.8783372399562, 38.23590984626338], [141.89195652987434, 38.26705059605556], [141.92766402044796, 38.330818784410184], [141.95579903214463, 38.49780007882982], [141.97211515093497, 38.557898768802175], [141.98024316614956, 38.61964019442125], [142.02524316614958, 38.81264019442125], [142.02990664583007, 38.82637864831395], [142.0320079055617, 38.840734060729815], [142.07600790556168, 39.01783406072982], [142.07745587734817, 39.021905501635125], [142.0781001134678, 39.026178464677635], [142.1221001134678, 39.20007846467763], [142.1342279966841, 39.23372086812626], [142.1408164754253, 39.26887038887653], [142.1988164754253, 39.46797038887653], [142.20632613732067, 39.48668294519169], [142.22484967122122, 39.60599186991635], [142.22837038428938, 39.65003967094814], [142.2277511893154, 39.661832520680086], [142.22930500645444, 39.69579658925189], [142.2253447863411, 39.729564754116375], [142.23825161963717, 39.89135588383568], [142.24566913486814, 40.053491433512825], [142.2538191569212, 40.0864997573446], [142.2565228734842, 40.12039167700713], [142.28552287348418, 40.28179167700713], [142.29311272721844, 40.30859384494029], [142.29609773103417, 40.33628954565063], [142.32509773103416, 40.47538954565063], [142.35939944780517, 40.58483632838931], [142.384656429488, 40.69671702780449], [142.429656429488, 40.83241702780449], [142.46433622166245, 40.910414473668446], [142.46665210052734, 41.071607049002495], [142.47175141175634, 41.0954477736672], [142.47269362334416, 41.11980953396611], [142.5127109593927, 41.28694526298172], [142.54865709467393, 41.45500362920265], [142.55830951871945, 41.47739143475818], [142.5639863696374, 41.50110127430203], [142.63584134698897, 41.657218542174384], [142.7038833481436, 41.81503497090491], [142.7177179477627, 41.83510950653899], [142.72791127981364, 41.85725626949074], [142.8288425519853, 41.9963555771668], [142.92636560306735, 42.13786527155557], [142.94385072235522, 42.15485508412175], [142.95816881150492, 42.17458768280117], [143.08429764631032, 42.29132352189495], [143.20755399115802, 42.411088343745924], [143.2280176867861, 42.42434052427523], [143.24591029689827, 42.440900645981294], [143.86891029689826, 42.913100645981295], [143.87841916615395, 42.918935713776904], [143.88669063510142, 42.92642232931064], [144.51969063510143, 43.395222329310634], [144.6089843166375, 43.44866065859812], [144.69296941532915, 43.51010591713868], [145.18096941532914, 43.798305917138684], [145.1871185721606, 43.80116547829724], [145.19261861015968, 43.80513269416791], [145.68461861015967, 44.09123269416791], [145.74732875399712, 44.11988167049791], [145.80588586215367, 44.156273854675774], [146.43766058988598, 44.46762787316736], [147.4080191920157, 44.97748061406528], [148.3773007260724, 45.48917341978871], [148.43241475618638, 45.511670642025805], [148.48394133622133, 45.5414815942696], [149.49077556369622, 45.998768462759884], [150.0078389513973, 46.24826596359112], [150.01425385408965, 46.25061775184605], [150.02011075124494, 46.25413608103209], [150.50608285404692, 46.48456934748985], [151.25406765449338, 46.8978286720727], [151.87555295253551, 47.25877568032623], [151.88440302006865, 47.26281303352211], [151.8923500897177, 47.26842266810578], [152.39521366919016, 47.553999515707424], [152.90287487011307, 47.967054588782176], [153.3429607530274, 48.35421756381514], [153.3517527049844, 48.36053860000522], [153.35922745419856, 48.36837326923353], [153.83622745419856, 48.778973269233525], [153.8821385447684, 48.81123624468788], [153.9230842921971, 48.849605159058356], [154.5240842921971, 49.31100515905836], [154.533717702712, 49.3169989068997], [154.54208380199148, 49.32466284806466], [155.1530838019915, 49.78286284806466], [155.17526905757495, 49.796320899033745], [155.19484921799025, 49.81334799565367], [155.80784970215566, 50.24875191629932], [156.2969238026753, 50.65133901595502], [156.3060039966193, 50.65742569018006], [156.31380606654318, 50.66508240162089], [156.86680606654318, 51.11028240162089], [156.99544405763316, 51.19449687177798], [157.12038964041358, 51.2840982728779], [157.64338964041357, 51.5862982728779], [157.651641640098, 51.590040711123095], [157.6590523023265, 51.595254484051225], [157.95372637961765, 51.76199553269201], [158.46520664948162, 52.27172963947251], [158.5149973389091, 52.31244952474748], [158.55898805432977, 52.35937541064479], [158.9953713112177, 52.74172450802334], [159.16735489186007, 53.07530306573747], [159.19066087044223, 53.11132953418716], [159.20818190160915, 53.150496976451], [159.2969645171361, 53.27565410696582], [159.38031272237905, 53.404494072897165], [159.41019929844884, 53.43528153199111], [159.4350248568386, 53.47027819922204], [159.54651848419772, 53.575709841515746], [159.65340060749025, 53.6858137554287], [159.68871925668986, 53.71017906037963], [159.7198953100159, 53.73966005028242], [160.3588953100159, 54.23486005028242], [160.42911276163082, 54.27899158575892], [160.49387893033006, 54.33079338424913], [160.5946972365295, 54.38306111491847], [160.69084584938264, 54.44349033616698], [160.7683237278212, 54.47307515131723], [160.84195146229797, 54.511246340067544], [161.04189602530874, 54.591132657462694], [161.085646443388, 54.656664014788284], [161.13732739005943, 54.75125396050808], [161.62932739005944, 55.473153960508085], [161.7151300436294, 55.57576989629798], [161.79435005556655, 55.68354890792069], [162.18235005556653, 56.11534890792068], [162.1909060682372, 56.123170737205925], [162.19787907772917, 56.13243159595739], [162.59387907772918, 56.5630315959574], [162.711491119927, 56.668085149923556], [162.8249706458124, 56.777589665244186], [162.8574713483259, 56.79847776547141], [162.8862849104741, 56.82421464623232], [163.02213200193185, 56.9043046544309], [163.15479432170375, 56.98956631394797], [163.19074559853138, 57.00371248266731], [163.22402653251766, 57.02333358936318], [163.37288814569487, 57.07538223769433], [163.51963512080198, 57.13312448364766], [163.55765538453693, 57.13998509152849], [163.59412472273237, 57.15273639603266], [163.75028018931718, 57.174743484130154], [163.90547241580282, 57.20274731439006], [163.9441005690318, 57.202058712119005], [163.9823568152218, 57.20745018895037], [164.13980516820618, 57.19856999676032], [164.29747869583946, 57.195759239834665], [164.33523028029686, 57.18754789001082], [164.3738032683946, 57.18537234773832], [164.52649385587137, 57.14594613606658], [164.68058937940975, 57.11242880776767], [165.46158937940976, 56.86022880776767], [165.5233451082155, 56.8333493865075], [165.58804789194483, 56.81464582788113], [166.5120478919448, 56.44604582788113], [166.6235466490905, 56.388317168371955], [166.7388492837604, 56.33861934737462], [167.21025361031678, 56.07793868440312], [168.03757443977426, 55.80597546541546], [168.12194976715455, 55.76872258860277], [168.20974243032398, 55.74044855466744], [168.98474243032396, 55.40384855466744], [169.07142108844334, 55.355601068853275], [169.16237384246062, 55.3159954354482], [169.6865043258766, 55.023598568542546], [170.46400853136925, 54.7244801383945], [171.4058797675431, 54.36919200120486], [171.43257774905098, 54.35600153727904], [171.46109408499893, 54.34742312604618], [172.52177579649043, 53.91094381669659], [173.47593944299567, 53.618800605322555], [174.65046532521376, 53.35591270068904], [175.96583648658566, 53.06909952141948], [177.08338780777427, 52.862610273823016], [177.10363153340123, 52.856769733263995], [177.12458375467912, 52.85455055215312], [177.97892725823834, 52.678075222199176], [178.68863245566573, 52.60979429428042], [179.79116770970964, 52.504729170071535], [180.01621741553487, 52.5029042477775], [180.40607361885276, 52.46131221117552], [180.7803246407269, 52.34446218164902], [181.12458822426896, 52.15684464030246], [181.4256345130287, 51.90566962403267], [181.6718944669578, 51.60058964785431], [181.85390445413097, 51.2533287641611], [181.96466993281345, 50.877232013967216], [181.9999342477775, 50.48675258446514], [181.9583422111755, 50.096896381147225], [181.84149218164902, 49.722645359273116], [181.65387464030246, 49.37838177573104], [181.40269962403266, 49.077335486971286], [181.09761964785432, 48.831075533042174], [180.7503587641611, 48.649065545869036], [180.3742620139672, 48.53830006718655], [179.98378258446513, 48.503035752222495], [179.67178258446512, 48.505565752222495], [179.58527217791536, 48.514795165439594], [179.4982712781196, 48.51451958520591], [178.3082712781196, 48.62791958520591], [178.30737606648816, 48.62809470789886], [178.30646388910748, 48.62809264663198], [177.4884638891075, 48.70679264663198], [177.3826525406494, 48.7275913795143], [177.27541624532088, 48.73894944784688], [176.33597192611796, 48.933003415032225], [175.20761219222572, 49.14148972617698], [175.17678437412675, 49.150383895425804], [175.14491669925533, 49.154113763206304], [173.79291669925533, 49.448913763206306], [173.7876516862387, 49.450616920440126], [173.78215919632336, 49.45129046417169], [172.52715919632337, 49.732190464171694], [172.45399337529668, 49.75630457761468], [172.3784756177195, 49.77152942980315], [171.2614756177195, 50.11352942980315], [171.17531171904434, 50.149481421638775], [171.08590591500106, 50.17637687395382], [169.96635155621954, 50.63708276527455], [169.0461202324569, 50.98420799879514], [169.0402210701609, 50.98712255199591], [169.0338779795219, 50.98887181964259], [168.1178779795219, 51.34127181964259], [167.99139529284238, 51.40479622837621], [167.86162615753938, 51.4613045645518], [167.30026296358994, 51.77447245747266], [166.70083107277196, 52.034819263213734], [165.78242556022576, 52.33672453458454], [165.61111817783262, 52.41235911890602], [165.4391507162396, 52.48648065262538], [164.91317483429415, 52.77733869929237], [164.6926382110977, 52.865314672571834], [164.503404648781, 52.58765672818888], [164.2222028948333, 52.06108103412475], [164.16046543164, 51.9686078661297], [164.1068215918789, 51.8712161846767], [164.05187507600988, 51.805956314228546], [164.00450593846716, 51.73500467502603], [163.92591412319578, 51.6563527345991], [163.8543008602774, 51.57129780096942], [163.78767855716308, 51.51801141410736], [163.72737762617624, 51.45766435105393], [163.6349516982128, 51.39585618815716], [163.54812106966995, 51.32640661575088], [163.472383237057, 51.287141478438784], [163.40146784358657, 51.23971809532444], [163.2987596795096, 51.19712896299553], [163.20004853770203, 51.14595365993246], [162.58699283930687, 50.901011955264735], [162.51986923468553, 50.848993787802314], [162.3766451081399, 50.571196934262524], [162.27958613663023, 50.421162814797235], [162.1851562899726, 50.26946019446898], [162.17319044458438, 50.2566959579708], [162.16368727762094, 50.24200592710284], [162.03922306235333, 50.113789937179455], [161.91701194567023, 49.98342458935521], [161.24330966807756, 49.393141956661125], [160.5857933505184, 48.73787036052749], [160.52964657620072, 48.69195233378264], [160.47960704765762, 48.63944546728285], [160.37823865283357, 48.56812771234992], [160.28229540461734, 48.48966328244956], [160.2182693122003, 48.455581249994786], [160.1589476976735, 48.41384551594877], [159.6367992279183, 48.11838829693068], [159.25510160979528, 47.89783567705157], [158.83067246349782, 47.55614335167792], [158.2950761973247, 47.11526098404498], [158.23590451760717, 47.0755967720237], [158.18215078200976, 47.02885200434633], [157.53223054637573, 46.56722460598093], [156.950954527231, 46.131315159218076], [156.40333292592427, 45.710894848331336], [155.9769440529668, 45.34386073672475], [155.51603924697258, 44.93838243618486], [155.48467927524948, 44.915835962187856], [155.45725321294358, 44.888640329770816], [154.79025321294358, 44.34594032977082], [154.65155131949666, 44.25410668431775], [154.5156499102823, 44.15817733189422], [153.8760718372678, 43.794960154626736], [153.2444470474645, 43.42812431967377], [153.2248938848858, 43.419204272099996], [153.20719168338934, 43.407017169174075], [152.38619168338934, 42.953417169174074], [152.3291379509799, 42.92885124232171], [152.27588924875508, 42.89686391896792], [151.74003513050755, 42.64277811013099], [151.2081610486027, 42.386134036408876], [151.1862545054364, 42.37810280765992], [151.16605866377867, 42.3664184057304], [150.1921559482037, 41.92408846613705], [149.2736992739276, 41.43922658021129], [149.27189163012784, 41.438488710666924], [149.27026058239926, 41.437415532732864], [148.27526058239926, 40.91461553273286], [148.25118393820887, 40.90484212729203], [148.22911413784632, 40.89112614532422], [147.6358672035291, 40.59875956456453], [147.2092175093621, 40.35066103305807], [146.8166596000924, 40.118826628444275], [146.3092434245038, 39.74303404848231], [146.23380863986483, 39.57085415254387], [146.22274138674047, 39.432391246265674], [146.21533086513185, 39.27040856648718], [146.20714392816555, 39.23725073392979], [146.2044227316893, 39.203205721276724], [146.19305780642398, 39.140009848967935], [146.1858813209819, 39.01165328077569], [146.17620107173272, 38.94930340006789], [146.1748985529444, 38.88621997677303], [146.14618898035795, 38.75599739431927], [146.1257306119257, 38.62422632124113], [146.10407250764652, 38.56496299895122], [146.090488051027, 38.503345814756045], [146.0303159960435, 38.31878952611382], [145.99115484711217, 38.184358754523636], [145.95695496355387, 38.049191487460305], [145.91747594476706, 37.890288436843306], [145.8898724178903, 37.77189997712748], [145.86020096785538, 37.59579992117018], [145.85066645773514, 37.56068056618653], [145.84685153978378, 37.52449047944002], [145.80185153978377, 37.306090479440016], [145.7989346224063, 37.2967066011607], [145.79780889109642, 37.28694451595478], [145.7407717071285, 37.109593410518734], [145.68547244538033, 36.93169274552595], [145.68078087191702, 36.92305823818685], [145.67777228287227, 36.91370334799471], [145.57777228287227, 36.68320334799471], [145.52859191559938, 36.5947641491735], [145.48804347012566, 36.50204940394444], [145.39859711810738, 36.34231172057591], [145.29513994010793, 36.141917774955154], [145.27965516209412, 36.11801023710049], [145.26838507038443, 36.09185046360647], [145.1583850703844, 35.89285046360647], [145.1264431284307, 35.84647395522677], [145.10129370095208, 35.796089687019844], [144.9682937009521, 35.58448968701984], [144.96399632613384, 35.57894478754074], [144.9608195216213, 35.57269008901481], [144.84394974611695, 35.42404877610258], [144.72812089560895, 35.27459489786108], [144.72282433741788, 35.269994918307766], [144.71848834316373, 35.264480165875526], [144.68868340362732, 35.233401305536354], [144.63770506080567, 35.16327689808245], [144.61633465429298, 35.139241518426424], [144.59918316499656, 35.11203453100339], [144.48624931671756, 34.992934031273556], [144.3771905860205, 34.87027525098543], [144.3515417359198, 34.850870863898095], [144.32941198774338, 34.82753274067933], [144.24161589609992, 34.765433205962005], [144.2395578282874, 34.76021638063501], [144.20710431402793, 34.70981883393077], [144.18181262770054, 34.6554729610025], [144.1011869278162, 34.54533814392846], [144.02728887337767, 34.43058075216672], [143.97172341316033, 34.36048595309255], [143.96729951408005, 34.35259209702709], [143.96485975795625, 34.337933778477755], [143.94638800904784, 34.269354440192444], [143.93664221499867, 34.19900281870631], [143.88111367618814, 33.96792258747276], [143.9048747934289, 33.89827474122295], [143.94103148462997, 33.744272619743015], [143.9830162816231, 33.59175627124141], [143.98577057233413, 33.5537155142491], [143.9944881372564, 33.516584807661424], [143.99990576430386, 33.35848797323356], [144.01132937165352, 33.200711356037175], [143.99869524183677, 32.71296375550017], [144.06647654884213, 32.341715853987836], [144.0739684432331, 32.2510151746725], [144.0909640611075, 32.16160661421618], [144.1493973163527, 31.511731427131206], [144.18056556025556, 31.222010612267944], [144.31217034278882, 30.913981426483282], [144.35442796164872, 30.780034729684083], [144.40409467063887, 30.648654967341272], [144.41329166315074, 30.59345066294541], [144.43012955188834, 30.540078522291875], [144.44544349823948, 30.40046152124154], [144.46852495520122, 30.2619166899425], [144.4829669499413, 30.046391156674296], [144.56899812774213, 29.815998948571995], [144.7498630477072, 29.490798125941883], [144.75991534779914, 29.467631033226326], [144.77376728691632, 29.446515003658174], [144.83786222784758, 29.287990296235254], [144.90592528577324, 29.13112836821408], [144.91126475815958, 29.106445318226893], [144.92073100314255, 29.08303264798306], [145.09073100314254, 28.50503264798306], [145.11657276975902, 28.36910838774933], [145.1502419736915, 28.234908588462698], [145.2212419736915, 27.7575085884627], [145.22738498329738, 27.633421647023244], [145.24245236984873, 27.510099793869504], [145.25945236984873, 26.783799793869502], [145.25239803774943, 26.68963204508464], [145.25496937646037, 26.59523545229761], [145.22596937646037, 26.187135452297614], [145.20183942075315, 26.045815895240807], [145.18521724080225, 25.903417948966975], [145.11844057379608, 25.59671614185214], [145.4267817222753, 25.210426351037373], [145.90794353741188, 24.848640500855012], [145.98004672692596, 24.782420559134728], [146.05831440220229, 24.723614763277343], [146.5285440677964, 24.29206269133793], [147.16760139245778, 23.86812700115995], [147.312987574313, 23.749618971000903], [147.45937679822507, 23.632352222901556], [147.94237679822504, 23.160652222901557], [148.06485634382105, 23.014961370097506], [148.18816835819743, 22.869974436925645], [148.46516835819745, 22.470774436925645], [148.49034912414444, 22.425591646727582], [148.5217840857624, 22.3845136880167], [148.58560257366324, 22.25467481940353], [148.65603233699878, 22.12830006070126], [148.67191453649954, 22.07907292141024], [148.6947315719518, 22.03265160737299], [148.8917315719518, 21.50715160737299], [148.89176677531253, 21.50701953601143], [148.8918270514088, 21.506896861998865], [149.05630215541592, 21.067975799869206], [149.28162597271555, 20.57083842905242], [149.33135763295857, 20.424392943315613], [149.3871321893495, 20.2801406740687], [149.5208902399939, 19.798275193508257], [149.68819775810243, 19.36052880657649], [149.73667620046902, 19.18322363349708], [149.7873282550711, 19.006527133420356], [149.78834850776877, 18.994237211039007], [149.79160097183296, 18.982341641056095], [149.80455739121177, 18.798985662228702], [149.81976440368862, 18.615802610211205], [149.81188831184437, 18.102718982623696], [149.85265511918175, 17.398721516359743], [149.84667448315315, 17.250515920312722], [149.84780144932733, 17.102193984462865], [149.77880144932735, 16.342493984462862], [149.77367746687213, 16.315670439483842], [149.77314187518107, 16.288367126443397], [149.67014187518106, 15.417967126443399], [149.6284630679721, 15.22798671008754], [149.58707748281256, 15.037942202381124], [149.36507748281255, 14.351042202381125], [149.35619002029222, 14.330636898026109], [149.35097321376048, 14.309000161546738], [149.0899732137605, 13.558700161546737], [149.02710390581484, 13.422674584757928], [148.97061127953532, 13.283879445799514], [148.52161127953534, 12.431279445799515], [148.46905037261038, 12.351558736216544], [148.42479091048799, 12.266947032027385], [148.36140495715327, 12.188289694534129], [148.30580001399136, 12.103952003567024], [148.2386963112509, 12.03601722932225], [148.17878035766603, 11.961665908021352], [148.10126706235044, 11.896885935259567], [148.03027708529078, 11.82501675564304], [147.95120934439888, 11.771478612012373], [147.8779394358466, 11.710244953180684], [147.3469394358466, 11.348544953180683], [147.33994988371958, 11.344728359512247], [147.33379891773689, 11.339670114396892], [146.95483126354506, 11.085904792750323], [146.74315678658357, 10.88011016237111], [146.6867765823311, 10.83515385539043], [146.6364083481374, 10.783551162116632], [146.53384727913578, 10.713211468129762], [146.43661091566457, 10.635677378570204], [146.37254350082202, 10.602584126625171], [146.3130758920773, 10.561799319661345], [146.19876291170766, 10.512819855148779], [146.08826876719579, 10.455745434840596], [146.0189762165863, 10.435786993044633], [145.9526945401447, 10.40738740964993], [145.75490478525478, 10.344764130332468], [145.49215559684896, 10.221109820924699], [145.05142719099993, 10.000745618000177], [145.01523442294584, 9.98689594724454], [144.98166611703792, 9.967533646814802], [144.3276661170379, 9.671533646814803], [144.30926963263306, 9.665297303208378], [144.29225865094392, 9.655919183886887], [144.12377239300528, 9.602414390424338], [143.9563528772604, 9.545659762549247], [143.93709322586258, 9.543132224603033], [143.91857952509835, 9.537252981110196], [143.7428924159761, 9.517646305567679], [143.56761754065303, 9.494644129191455], [143.55654530389407, 9.495374407060375], [143.54204222175147, 9.489362835041835], [143.38999030598123, 9.459078770868942], [143.23931434848907, 9.42255938607028], [143.16914888822714, 9.412699424491159], [143.30929978206314, 9.317270774939228], [143.63027034898684, 9.140633680523015], [143.6308211164409, 9.140255856534171], [143.63143483582587, 9.139992333723962], [144.03543483582587, 8.917312333723961], [144.1445527099296, 8.842351251295515], [144.25823702196527, 8.774515040281482], [144.43280301917486, 8.645579450047421], [144.86970574729324, 8.60040316011957], [145.0241066689293, 8.568910017359578], [145.17960881871608, 8.543404252232762], [145.5826088187161, 8.435874252232761], [145.67143425273804, 8.402549191150664], [145.76318079461427, 8.378401945364725], [146.16165771109712, 8.230442731895433], [146.68612264125738, 8.03921094368134], [146.76099927334636, 8.003242829784924], [146.83946480218395, 7.975977906632553], [146.93728729085348, 7.9185602350238025], [147.03953115008443, 7.869445862870188], [147.10595201776118, 7.819561159930942], [147.1775907308265, 7.777512259343736], [147.5585907308265, 7.500332259343736], [147.70048283455853, 7.374083553965809], [147.84314707940473, 7.24870804617631], [148.19114707940471, 6.87637804617631], [148.19131072558946, 6.876164319143696], [148.1915128758245, 6.875986570442495], [148.5395128758245, 6.503456570442495], [148.54054461772301, 6.502108335168137], [148.54181766661708, 6.500985136070348], [148.8888176666171, 6.128265136070348], [148.8889562331908, 6.128083427976044], [148.88912755235134, 6.127932205384649], [149.23612755235132, 5.755042205384649], [149.32871186716233, 5.633575275002639], [149.42649170733307, 5.51625019932988], [149.80602703446772, 4.9574274562053775], [150.2655830679649, 4.373562886092595], [150.33502892196086, 4.264894284183342], [150.4116326828356, 4.161147209535294], [150.440362129422, 4.100069291317898], [150.47670892956717, 4.043193959985951], [150.5236202084119, 3.9230651807726384], [150.57851199930008, 3.8063669246962033], [150.59477370689302, 3.7408577645650802], [150.61932628676087, 3.6779843678320137], [150.64190021631654, 3.551011892930708], [150.67297057647795, 3.4258471039618725], [150.67613961677435, 3.3584241822028003], [150.68795443448974, 3.2919689094453597], [150.68532351130315, 3.163032219859634], [150.69137842422126, 3.0342109106451463], [150.66943539171916, 2.6060685880175205], [150.6832150511538, 2.114298379656362], [150.69189804799637, 1.8045216135513755], [150.73779727173581, 1.649403638177123], [150.92237818394543, 1.2562811357444466], [150.95577164084156, 1.1621179815000733], [150.99808376933697, 1.0716110405348844], [151.02113575289158, 0.9778037014854515], [151.05342258659874, 0.8867610127370615], [151.06780407750065, 0.7878924368388142], [151.07695901516914, 0.7506374934709953], [151.2002406131659, 0.7171630692213665], [151.53096844411237, 0.6422247658060998], [151.53386762555397, 0.6412607946410319], [151.5368979923606, 0.6408717310784844], [151.7198612308961, 0.5794183484025635], [151.90301050175933, 0.5185216368401433], [151.90566591479742, 0.5170105858696964], [151.90856215141991, 0.5160378028182697], [152.2465621514199, 0.36419780281826974], [152.26628703800262, 0.3528938997227545], [152.28766873792298, 0.345169115945271], [152.676668737923, 0.15971911594527088], [152.78707841049612, 0.09307951581374009], [152.90172382623132, 0.034023942373991645], [153.2350451852711, -0.1814353774088722], [153.24283407746773, -0.18639577851725792], [153.3951272196843, -0.20843865849646614], [153.5981272196843, -0.2585286584964661], [153.6742751759672, -0.2854728057155336], [153.75302430246037, -0.303447048174617], [153.85864960278806, -0.35071174241444614], [153.96773976989928, -0.3893121417722034], [154.03716802219694, -0.43059429406979416], [154.1108974055567, -0.46358635894609623], [154.20527226093705, -0.530549349193274], [154.30473572673577, -0.5896904885315517], [154.36477618624812, -0.6437241959461135], [154.43065244761996, -0.6904662166886548], [154.70165244761995, -0.9258962166886548], [154.76520675151815, -0.9931202298977745], [154.825072291333, -1.036699335151815], [154.9312256804486, -1.1029609302256773], [154.98320753773848, -1.1518138495919088], [155.04088036831348, -1.1937967726842273], [155.12573849606312, -1.2857654584271636], [155.21692518165239, -1.3714633543973407], [155.25837749035975, -1.429518735894167], [155.30675169168163, -1.481946379979852], [155.37203709378406, -1.5887029126828822], [155.44475282265785, -1.6905437874671878], [155.47408259380578, -1.7555705953414844], [155.51129917244631, -1.8164281954601202], [155.6645290796513, -2.133085415390507], [155.7189955435266, -2.2348380256485525], [155.8371185189558, -2.387328907503538], [155.9250997746042, -2.527381000090827], [156.01735026933045, -2.6646585882337996], [156.029246699533, -2.6931662536122922], [156.045678756796, -2.7193234616248403], [156.09571962033513, -2.8504554658604278], [156.10051911329512, -2.8551633321366428], [156.12193421719974, -2.8807508438608065], [156.147219791673, -2.9025216305953006], [156.40221979167302, -3.1698616305953005], [156.44119521007624, -3.219709019719532], [156.48644558960365, -3.2639385188669556], [156.5616900064874, -3.373815152513583], [156.64371813338528, -3.4787245576752435], [156.6722199068568, -3.5352178701218433], [156.70797206579866, -3.5874254229585736], [156.76033481447067, -3.709870265419338], [156.82031998427556, -3.8287667594685115], [156.83725280564485, -3.889734988921859], [156.86213280858308, -3.9479142884708263], [156.88960161797718, -4.078221853117783], [156.92523863425365, -4.2065363104661175], [156.92995178469153, -4.269636482059778], [156.94300350706607, -4.331551730466563], [156.98000350706604, -4.667841730466563], [156.98170407789334, -4.816896286015701], [156.99043381155764, -4.965704700499986], [156.97643381155765, -5.319254700499986], [156.97324579181017, -5.342251236176644], [156.974069040536, -5.365453097838403], [156.94635394391068, -5.536233516280474], [156.92259605203267, -5.707609245244202], [156.9149828876403, -5.729541957137014], [156.91126385920973, -5.752458609391832], [156.850763693567, -5.914550582854973], [156.8271617301643, -5.982545313657562], [156.84940781099775, -5.9960420978950655], [156.93138342320836, -6.0575248230815015], [157.01876520417014, -6.111046322029363], [157.25376520417012, -6.288856322029363], [157.26683713646042, -6.300934623184219], [157.28184708781407, -6.310498206871754], [157.41070416047867, -6.433865945329615], [157.54172782127284, -6.554930161264831], [157.55219222038787, -6.569326588729631], [157.5650479971139, -6.581634707081352], [157.78937755481888, -6.843163330800931], [157.81304966702572, -6.853662060983546], [157.85768414360408, -6.865016613677942], [157.99106129766542, -6.9286991762981485], [158.1273665998716, -6.985846342438194], [158.16037092328915, -7.008104926525791], [158.20320613747478, -7.029990339247215], [158.21149250887294, -7.033946769185846], [158.21445922848642, -7.0357397803522455], [158.22695372507337, -7.0421234817005525], [158.25823409100562, -7.062196212887276], [158.27549250887296, -7.072626769185845], [158.28159038949818, -7.077184039505845], [158.36211019999323, -7.128853911743721], [158.41548545025293, -7.157987316208041], [158.48121015512683, -7.18376377185792], [158.55721015512682, -7.22255377185792], [158.5846279129607, -7.2401316980518615], [158.61454622571586, -7.253000711059801], [158.72481832210374, -7.328857766944482], [158.82941745758615, -7.376427163430365], [158.91841745758614, -7.4279771634303655], [158.9751574847358, -7.468756519389037], [159.03659234581804, -7.502045322268723], [159.06967713481265, -7.524425440718902], [159.0893164090636, -7.5362765152747], [159.10984833288296, -7.55159914193988], [159.11259234581803, -7.5534553222687215], [159.11487444971237, -7.555350047721066], [159.15503722676004, -7.585322847345328], [159.17625524892267, -7.597659886770524], [159.28873062347856, -7.631725102924776], [159.30872445447753, -7.639996556096155], [159.41172859531713, -7.663775959945366], [159.48872859531713, -7.689725959945366], [159.5421813615811, -7.713804097096991], [159.55081909205919, -7.716488111984846], [159.56382972545651, -7.723555739732769], [159.60316376811008, -7.741274008401278], [159.64106537702312, -7.754032575973051], [159.65349366083984, -7.759625744713536], [159.66673154492136, -7.762866763107682], [159.72258083138234, -7.788918091090493], [159.75585820528846, -7.801896925617292], [159.81704979896926, -7.832983865512235], [159.83214798713524, -7.840026531171593], [159.92936217966198, -7.8837763674957975], [159.9361860710166, -7.886273907756531], [159.93978743697494, -7.888468103231341], [159.99859638165015, -7.914934215195719], [160.00969468638752, -7.922844550659069], [160.02204591691628, -7.928605876861881], [160.0870459169163, -7.9670958768618805], [160.17638818115654, -8.032621262956203], [160.27100539352807, -8.090268461720914], [160.32190541650849, -8.128593184906169], [160.37280543000026, -8.166907920552244], [160.41292878435647, -8.203797324982306], [160.45786825949122, -8.234638130721116], [160.51929025268745, -8.297603341413371], [160.6657215282237, -8.3898442605218], [160.67589380623204, -8.399483198714172], [160.68764570169387, -8.40711715721604], [160.75164570169386, -8.45826715721604], [160.76434230573972, -8.470638882488574], [160.77655505046843, -8.47888243087313], [160.81816600680514, -8.50061817256081], [160.90716615427345, -8.54052160439547], [160.92415494916236, -8.552594553043567], [160.94299151085477, -8.561514148574753], [161.0069915108548, -8.599914148574753], [161.0683087784832, -8.645433703816098], [161.13463820806265, -8.683278703359862], [161.19886751081464, -8.728810142421832], [161.22800076729857, -8.744043838565714], [161.30600076729857, -8.795143838565714], [161.31063962001795, -8.798880901007628], [161.31590194234732, -8.801672415641049], [161.3641987201372, -8.833723913628885], [161.38075241341494, -8.84192376634553], [161.53573280833857, -8.938677756527369], [161.60785964444716, -8.982374688021787], [161.63849872596538, -8.99836077205289], [161.69540480698112, -9.035568594255492], [161.77697004078436, -9.086012335937701], [161.80423746274505, -9.10682938856545], [161.8345079992728, -9.122971154231491], [161.9598374353406, -9.22562070015586], [162.08860296255386, -9.323925510948165], [162.10395465597733, -9.341344458285842], [162.1298883728777, -9.363088882456138], [162.1612344945677, -9.370179076647926], [162.1941220575711, -9.381100375110817], [162.2283394812374, -9.386580747183837], [162.30329419630635, -9.41438082105264], [162.37392017388547, -9.398249657577697], [162.50436647140415, -9.38167604586397], [162.648789832463, -9.351872315900009], [162.71352158989373, -9.345028654401606], [162.77679886501994, -9.32976357741591], [162.83677403123835, -9.321400842971372], [162.87197560975613, -9.31348048780487], [162.95648770925308, -9.303020773876467], [163.03931515336112, -9.28323908842319], [163.16978371446035, -9.265350100148758], [163.3009407934519, -9.238713043899962], [163.4113355982274, -9.227392047639075], [163.52036202971573, -9.206693856542428], [163.5806113616574, -9.201290851936045], [163.62909496936726, -9.192242854722585], [163.72324999234405, -9.184094894284561], [163.81608722737022, -9.166408588741682], [163.86466150501644, -9.1620212346317], [163.8987572739237, -9.152092966059001], [164.0407572739237, -9.125492966059001], [164.21534835929114, -9.11026455749454], [164.3895834393488, -9.091394252927785], [164.4925834393488, -9.090394252927783], [164.68517694478572, -9.107476882821485], [164.87781583236603, -9.124039901032837], [165.00681583236602, -9.148039901032838], [165.02535078095806, -9.15341223928919], [165.04454234964925, -9.155434621256592], [165.21347472027378, -9.207939794685542], [165.383385099598, -9.257188166023694], [165.39103873900135, -9.261157839934546], [165.39563114672006, -9.262330027918694], [165.42180827173158, -9.271828612412888], [165.449208109063, -9.276799919632534], [165.6058699480801, -9.338616901202055], [165.76418662481075, -9.396063405740058], [165.78800768179764, -9.410486381344583], [165.81391118501142, -9.42070760937815], [165.9829111850114, -9.507407609378149], [166.08847718120322, -9.575397568130068], [166.19858714957766, -9.635751597884628], [166.38058714957768, -9.76015159788463], [166.50489144986634, -9.864374906058712], [166.63266467644831, -9.96431518625527], [166.7766646764483, -10.10171518625527], [166.84216979241936, -10.177821979619717], [166.9146688948928, -10.247298913599238], [167.03266889489282, -10.384998913599238], [167.0460045328991, -10.404065814753093], [167.06242602912982, -10.420549759128955], [167.1582464705957, -10.564546020527134], [167.25737885493518, -10.706282574297873], [167.2667384845106, -10.727584764205423], [167.27962858827948, -10.746955649199885], [167.38662858827948, -10.948055649199883], [167.43021844875486, -11.053858363911875], [167.48232315123838, -11.155737656978687], [167.57632315123837, -11.394837656978687], [167.60132903766538, -11.48299031208622], [167.63503021934181, -11.567069855884617], [167.89311765235414, -11.532452140318894], [168.02519947342805, -11.527806078510189], [168.1567116719784, -11.514701309111711], [168.5937116719784, -11.514201309111712], [168.61067152104553, -11.515852117555175], [168.627653780446, -11.514450506142463], [168.80563479970846, -11.534829115835523], [168.9839360301969, -11.552184292500424], [169.00024794376898, -11.55711208353839], [169.0171773346388, -11.559050478150956], [169.18776282899532, -11.61375989293366], [169.31475675079463, -11.652124460459925], [169.34345111869695, -11.65369713254688], [169.50316817803494, -11.67831449998522], [169.66364112671576, -11.697392931914077], [169.6966429460262, -11.70813498048636], [169.73094397862022, -11.71342183667055], [169.88278950930754, -11.768725440834098], [170.03645699784792, -11.818744005276082], [170.06672902673904, -11.835717983953542], [170.09933956013447, -11.84759505417286], [170.1219408321328, -11.861316379959518], [170.12918064403226, -11.86202943919354], [170.25279240565854, -11.899526657137736], [170.37864187807753, -11.92864399317307], [170.42922352843797, -11.95145814659757], [170.505504818933, -11.946393569113885], [170.52928895381595, -11.947152031616099], [170.53741901032328, -11.942844709796246], [170.5941759425327, -11.925854878019834], [170.64807495927477, -11.901260168591868], [170.78159501979522, -11.869752152406834], [170.91302035880585, -11.830410801244486], [170.9720012742299, -11.824820152503042], [171.02966282626096, -11.811213200052853], [171.25177312173741, -11.781369277998122], [171.25788077637876, -11.778269201062187], [171.28830771123665, -11.756152564744188], [171.43242559077336, -11.689675070390514], [171.57394987390956, -11.617841250079833], [171.61016914104744, -11.60768700688493], [171.644326172585, -11.591931336051598], [171.778326172585, -11.545431336051596], [171.93227261300427, -11.508436435699544], [172.08470745771234, -11.465637518789782], [172.22170745771234, -11.441337518789782], [172.36399510047255, -11.430306455974643], [172.50548807179706, -11.411673241145856], [172.55906847166165, -11.415183100429466], [172.6126030675632, -11.411032750625944], [172.75430874676246, -11.427972588634656], [172.89671813019925, -11.43730131514271], [173.12164737969064, -11.474428758207294], [173.1529295472062, -11.457209323972782], [173.25869133995786, -11.423698675525387], [173.36120723735374, -11.381283924004862], [173.44512576660614, -11.364626884405391], [173.52668531089236, -11.338784723971106], [173.63695252364883, -11.326551075442051], [173.74577331435438, -11.3049511709135], [173.83132899981746, -11.304985884554211], [173.91636295573053, -11.295551751744732], [174.02689808134417, -11.305065235386293], [174.13784184339997, -11.305110250067369], [174.2217468280616, -11.32183538292251], [174.30698738836338, -11.329171826170992], [174.52268281581485, -11.3693206793029], [174.88705449176936, -11.289701964533032], [174.94503480520387, -11.282889876107618], [175.0015253265339, -11.268160915026167], [175.13933764886445, -11.260061297338021], [175.27644472691904, -11.243952630721154], [175.33463993741327, -11.248582832683235], [175.39291848697644, -11.245157638456053], [175.5296629411994, -11.264099502991886], [175.667278190152, -11.275048623895497], [175.72345188840293, -11.290943180180324], [175.78127885422245, -11.298953381100686], [176.12627885422245, -11.381853381100685], [176.20638136341532, -11.409648420861053], [176.28908234250272, -11.428343989113047], [176.57708234250273, -11.523943989113048], [176.70656607381167, -11.581562179105402], [176.83899915906355, -11.632033660382968], [176.88532153086393, -11.661105499200435], [176.93528735436945, -11.683339491708699], [177.05104234084942, -11.765111587173626], [177.11093701114137, -11.802701376579414], [177.27918403379311, -11.843652471205806], [177.62718403379313, -11.965552471205806], [177.72281867110115, -12.010004886484364], [177.82209537676215, -12.045587702424545], [177.98820708887655, -12.124263498411066], [178.19307518897384, -12.211783150772623], [178.79540067897554, -12.461669493765168], [178.81083271510573, -12.469929194503129], [178.82748833274465, -12.475310718122973], [179.26748833274465, -12.666910718122974], [179.32876711978082, -12.701096454149573], [179.393864142315, -12.72729057458663], [179.92677780982956, -13.005230078527918], [180.29363228996948, -13.191284658376063], [180.35689248074507, -13.23161283151213], [180.4245724865371, -13.263979946018338], [180.82557248653708, -13.50667994601834], [180.87292939303666, -13.542118879057917], [180.92469202324034, -13.570740980353575], [181.13469202324035, -13.715422980353575], [181.4341949996753, -13.968436268306544], [181.67858266657854, -14.27501810899472], [181.85846334296514, -14.623386734213534], [181.9669243153199, -15.000154533063203], [181.99979748930073, -15.390842530327747], [181.9558195672671, -15.780436805372647], [181.83668059609965, -16.15396546869491], [181.64695901964643, -16.497074023240355], [181.39394573169346, -16.79657699967529], [181.08736389100528, -17.04096466657852], [180.73899526578646, -17.22084534296515], [180.3622274669368, -17.329306315319872], [179.97153946967225, -17.362179489300722], [179.58194519462737, -17.318201567267092], [179.2084165313051, -17.19906259609964], [178.86530797675965, -17.009341019646424], [178.7039222806066, -16.898152423023507], [178.41753574394042, -16.72482072115595], [178.10736771003053, -16.56751534162394], [178.09773436647015, -16.561374115329503], [178.08713585768498, -16.55710942541337], [177.606266019751, -16.30631322264559], [177.2464960384849, -16.149649748985173], [176.65059932102446, -15.90243050623483], [176.64132490549568, -15.897466553575502], [176.63129286975158, -15.894302083914864], [176.38129286975158, -15.787502083914864], [176.3473511160533, -15.768875471226131], [176.31090462323786, -15.755812297575455], [176.20524939867, -15.705770619073652], [176.12300504120006, -15.676961460523126], [175.97199687793633, -15.652391347771099], [175.77438585485407, -15.627837127030668], [175.63561912931615, -15.596544329946344], [175.49536497328452, -15.572791120021499], [175.4447552701874, -15.553503291172138], [175.39192147127187, -15.541588926671226], [175.26192603131446, -15.483825366737952], [175.12900084093644, -15.433166339617033], [175.0831264578344, -15.404375657716287], [175.03363222275738, -15.382382861544665], [175.03151045420907, -15.380885674657138], [174.97259522845087, -15.390177994817375], [174.90950099089662, -15.39385803636886], [174.8474553132209, -15.405889636434564], [174.71421132611596, -15.405248523183927], [174.5811918663316, -15.413007031062584], [174.51859202636876, -15.404307286525725], [174.45539129026062, -15.404003191532402], [174.35933687244082, -15.394075779634827], [174.35460933891963, -15.396342037769266], [174.3014748066089, -15.409946974072081], [174.25079276264626, -15.430916075995139], [174.11193554009017, -15.458477930038518], [173.97479351576732, -15.493592730606254], [173.92002575719147, -15.496570218854202], [173.86622668564561, -15.507248829086501], [173.72466051470428, -15.507191389570137], [173.5833030781734, -15.51487638740418], [172.96130307817342, -15.48757638740418], [172.84276735018491, -15.470625748926295], [172.84128218357472, -15.47052846100333], [172.74733437455254, -15.521398819601819], [172.67473990296043, -15.543848936280796], [172.60536999542967, -15.57486153007472], [172.59823609789396, -15.576487231281535], [172.5208763219493, -15.63446989969432], [172.40003049614313, -15.732905579652826], [172.36426016234995, -15.751856781174268], [172.3318683545031, -15.776135076072878], [172.19130864532653, -15.843486875304798], [172.0535809896767, -15.916455290203753], [172.0148007768099, -15.928063903763578], [171.97829490809823, -15.945556369809923], [171.8272963301194, -15.984192184179552], [171.67797964119413, -16.02888919875551], [171.63767985108592, -16.032709111844838], [171.59846282157133, -16.04274352337861], [171.48446282157136, -16.06024352337861], [171.37123565431963, -16.06638020192235], [171.25890692743613, -16.081882051622546], [171.0229069274361, -16.091082051622546], [170.96806895585365, -16.087831215847658], [170.9133208064723, -16.09234909143558], [170.61032080647232, -16.08754909143558], [170.45834628756202, -16.070146237688256], [170.30576124956926, -16.0593332872434], [170.26390797900217, -16.04788078509129], [170.22079781909338, -16.042944169313223], [170.07513857629138, -15.99622694868839], [169.9716766571311, -15.967916189796904], [169.63742807876335, -15.950919120969932], [169.4935791621187, -15.92932815726398], [169.34881935596775, -15.91507056080646], [169.30007552869202, -15.900284282456035], [169.24970261523762, -15.89272357382141], [169.11282990325262, -15.843483942959013], [168.97363313526984, -15.801259065022574], [168.92871056677208, -15.777247451905017], [168.89009999544993, -15.763357391193002], [168.80135887328424, -15.752807068085923], [168.77144649058374, -15.743070627047352], [168.74034114277973, -15.738379543919965], [168.58528019162108, -15.68247374276143], [168.42854300215208, -15.631455994723918], [168.40110486291513, -15.616071020296465], [168.37151238056506, -15.605401722696463], [168.34421470654638, -15.58895010773974], [168.32053043075695, -15.585887675800453], [168.23897625746153, -15.567070506755245], [168.1558226653612, -15.557549521849044], [168.10193156315688, -15.54026580921735], [167.42288234764587, -15.631347859681107], [167.41871654996902, -15.631494394255903], [167.41465545098984, -15.632433978072083], [166.41165545098983, -15.762733978072085], [166.29637584907735, -15.766310174820775], [166.1817641545901, -15.779207278644595], [166.10089434541942, -15.772374390052379], [166.01977540929886, -15.774890856719498], [165.90601319123707, -15.755908403191444], [165.79108762818385, -15.746198060397349], [165.71310474015598, -15.723719546730976], [165.63305354335452, -15.710362140827346], [165.52518052738495, -15.669550522066153], [165.41435762070287, -15.637605895682094], [165.3422584924714, -15.600345593615657], [165.26635135758895, -15.571627632759245], [165.16851304321943, -15.510555216386502], [165.06605165506207, -15.457603920489648], [165.0026070156913, -15.406993722535752], [164.93376101135212, -15.36401882185704], [164.84971727013547, -15.285032586584105], [164.75955493418877, -15.213109509780384], [164.70720292558954, -15.151094337463867], [164.64806376513113, -15.095513998295345], [164.5810443509101, -15.001649340847873], [164.50664595518077, -14.913518446643819], [164.4673984356842, -14.842481508258258], [164.42023880387737, -14.776431651864392], [164.37281923515545, -14.671295738387979], [164.31704386826843, -14.570343847623683], [164.29240909803858, -14.493015052873421], [164.25904131308613, -14.419033938194083], [164.23304389729617, -14.306667082882763], [164.19803497532163, -14.196773720105789], [164.18457512994337, -14.133695990173925], [164.15771631492933, -14.029010561178817], [164.11309704421413, -13.86850867023464], [164.07044136095976, -13.750139149203815], [164.03712470669564, -13.618397141296638], [163.9959141716924, -13.488907188390682], [163.95291417169238, -13.287107188390682], [163.9426724894863, -13.195855387155545], [163.9414491168268, -13.190290242363028], [163.9030592065481, -13.198086956100038], [163.83916103080412, -13.204639719249956], [163.7766848466389, -13.219560911576808], [163.6669980195604, -13.234600445598913], [163.63402439024387, -13.24201951219513], [163.55177089673535, -13.252199687777468], [163.47120113498005, -13.271636422584091], [163.39356484305586, -13.282461764697464], [163.237210167537, -13.314727684099992], [163.16038936809423, -13.322849440225422], [163.08507982611454, -13.340050342422304], [163.01558143332645, -13.348880331457698], [163.00735863032293, -13.351109753398795], [162.94280081349146, -13.36196484455719], [162.88021437019128, -13.381160725186547], [162.74989478207425, -13.394401080148993], [162.62071768961127, -13.416121596471946], [162.5552826098984, -13.414173504823227], [162.49015381702344, -13.420790532611603], [162.36017766875412, -13.421190459221663], [162.33895615723466, -13.421256262358158], [162.33005112642468, -13.422246563198232], [162.2790151248869, -13.422888480260118], [162.2286109723162, -13.43092009990422], [162.08335991787393, -13.425349378681704], [161.93801357391308, -13.427177505793152], [161.8878329830279, -13.417850458624267], [161.83683044085265, -13.415894390593031], [161.74583044085264, -13.403394390593032], [161.6721517150826, -13.38577864124652], [161.5968878481098, -13.377163562347253], [161.4798878481098, -13.351963562347253], [161.3462118579253, -13.309096513183409], [161.2103493703069, -13.273766091250582], [161.10734937030688, -13.235866091250582], [161.08510245150646, -13.22509873910375], [160.945774590883, -13.178830757803087], [160.9368065385689, -13.176072998272241], [160.87365759396832, -13.165891774883175], [160.77819326693026, -13.130372351624644], [160.67980167423, -13.104025403957849], [160.63533702511265, -13.082106776483032], [160.51952651844425, -13.038342296216499], [160.35591905140765, -12.980721572664086], [160.33633023757596, -12.96911291237553], [160.31503018022698, -12.96106367775647], [160.23803018022699, -12.92296367775647], [160.2269381241268, -12.916045655297687], [160.21477075109266, -12.911265720494834], [160.06070317254782, -12.812366308739026], [159.90536123147677, -12.715480841570917], [159.89583194535348, -12.706531794177417], [159.88483088400037, -12.699469967758194], [159.82011048903155, -12.637085129035832], [159.75325368005002, -12.58342441910561], [159.6891124365688, -12.53236414692807], [159.6860890516102, -12.53041042626668], [159.62208905161017, -12.47951042626668], [159.61920541403217, -12.476713969224747], [159.60299945312764, -12.463813053530378], [159.60040184199724, -12.460742253010649], [159.59726511391744, -12.458224647725814], [159.59380877466597, -12.454842752704385], [159.58199873896803, -12.4467703113222], [159.50671722565872, -12.383649657855164], [159.44950127403465, -12.346239227947109], [159.44638337691808, -12.343732059658588], [159.37014843036, -12.296138715517031], [159.2596018863494, -12.23762460296261], [159.1826018863494, -12.18662460296261], [159.1818988438437, -12.186052379008633], [159.1810980576527, -12.18562758435895], [159.10903896665724, -12.137806551243788], [159.07005029053738, -12.112263969837064], [159.04098086926425, -12.094867738043916], [158.9894197571388, -12.056682642965342], [158.93311826415822, -12.034795795525477], [158.89023101242574, -12.007480677750891], [158.84383384572652, -11.98667839560453], [158.79776644792605, -11.953940974755453], [158.79068645822937, -11.95112701591109], [158.70412092776502, -11.895070670558866], [158.61271011228558, -11.847321662902248], [158.55951343776198, -11.80450364784645], [158.5490401837187, -11.798203330961039], [158.51221523023267, -11.770800282585407], [158.46159258988698, -11.73801910288677], [158.40270188586302, -11.691090573117684], [158.30396427049962, -11.624443121811336], [158.2975903704045, -11.619161890303946], [158.2541471119542, -11.596051219588592], [158.1771471119542, -11.544821219588592], [158.1095588131278, -11.489576042190235], [158.03635429830612, -11.44202284278396], [158.0179958560737, -11.427350431531018], [157.98024874140634, -11.41765090334051], [157.8341738595066, -11.364380065836428], [157.68605054862292, -11.317102819478023], [157.5960505486229, -11.278292819478024], [157.58248871762646, -11.270790287667458], [157.56779829942337, -11.265850362914744], [157.45279829942336, -11.214140362914744], [157.3485119461724, -11.154327545496782], [157.2399778446298, -11.102621013953755], [157.11197784462982, -11.025411013953754], [157.0461110875147, -10.976273388734581], [156.97507055546117, -10.934967472565118], [156.9072120472953, -10.886025476619418], [156.88376515835736, -10.873320656420475], [156.75745377428413, -10.818989288940198], [156.71271354134146, -10.788212125343996], [156.66406368794236, -10.764085086424114], [156.6267848089594, -10.735347137098604], [156.59412919416883, -10.71752297273225], [156.54777529367928, -10.700468733021916], [156.4223705092987, -10.623773243930344], [156.29334113538084, -10.553346127994836], [156.28069330010916, -10.54277963300478], [156.26065832510707, -10.533893995976513], [156.24541700146327, -10.527503940414698], [156.23598433074355, -10.525803619638392], [156.14596360950227, -10.490400982798175], [156.05286612365103, -10.464134367557445], [155.96397037208598, -10.418828122652402], [155.87111748120185, -10.382311672548383], [155.79511748120183, -10.343431672548384], [155.7148338579847, -10.291854226555675], [155.70354891335865, -10.286102787865218], [155.69328993982472, -10.278013542355827], [155.64780900111197, -10.248794748208837], [155.49854151759226, -10.157278880085169], [155.25954151759228, -9.976278880085168], [155.23167393786431, -9.95050711834553], [155.20008774753163, -9.929457218504522], [155.0879667768955, -9.817607643438755], [154.97169460462496, -9.710079872819291], [154.94939031392403, -9.679366613152077], [154.92251767512008, -9.652559021190763], [154.76457318733745, -9.460577958116993], [154.67371848780954, -9.354657433113148], [154.5790232727462, -9.29720547581774], [154.23010448478888, -9.167496406085824], [154.22646142249445, -9.165718195957295], [154.22254565052617, -9.16466907059043], [154.0503273707199, -9.079745646071515], [153.87776781476902, -8.995517838428464], [153.87454166448163, -8.993063069912775], [153.8709058071794, -8.991270173981446], [153.71856439156727, -8.874380409588989], [153.5657525492114, -8.75810631631303], [153.5630672900773, -8.755069324787565], [153.5598510713983, -8.75260155827697], [153.4332409151462, -8.608237462103324], [153.30604925979122, -8.464385431392504], [153.30400808481312, -8.460882926738487], [153.30133510223737, -8.457835124531623], [153.20532176264598, -8.291544527832249], [153.10863819827762, -8.12564271255381], [153.10731954866517, -8.121809294060782], [153.1052925234141, -8.118298581487318], [152.9082925234141, -7.683538581487318], [152.9082701818627, -7.683472770683318], [152.90823543470984, -7.68341258063233], [152.71123543470983, -7.24857258063233], [152.69330675579565, -7.195748633851456], [152.66814757665455, -7.145960858383529], [152.63042547434128, -7.010479129000745], [152.58522573107726, -6.877305410841376], [152.57794698748882, -6.821998749643318], [152.56298434806865, -6.768259319959935], [152.55241823958653, -6.628021616930264], [152.53406790027498, -6.488588761954604], [152.53771881004636, -6.4329247903126205], [152.533527716189, -6.377298882559342], [152.545527716189, -5.855028882559342], [152.5603512977928, -5.733268148517115], [152.56616946216607, -5.610746461092663], [152.6131694621661, -5.2902864610926645], [152.64055979232387, -5.180174045291705], [152.6587361407903, -5.068171390608168], [152.67660971808084, -5.020284523108057], [152.6563461423745, -4.983237304657216], [152.59764973066956, -4.8958914117662], [152.56250028791465, -4.811662064370533], [152.51870258042703, -4.731588179067424], [152.48718517033535, -4.631182867389721], [152.45405748962423, -4.551798310812685], [152.4538814810442, -4.551571092496462], [152.36482180153808, -4.409802321545657], [152.27172376232585, -4.270652165147563], [152.1738663126467, -4.087837819776375], [152.16399808309774, -4.085079541799247], [152.09516047239882, -4.074981567615929], [151.97561686818605, -4.032424934018043], [151.8534083219057, -3.9982663101079035], [151.79134359039992, -3.966825018269571], [151.72579869212342, -3.9434915221906035], [151.61685447209763, -3.8784308021333835], [151.50365814570478, -3.8210868219565985], [151.08065814570477, -3.5516968219565985], [151.07531433455526, -3.547504289573533], [151.06927617376869, -3.5443939423739916], [150.8387451130581, -3.3953783927176255], [150.58677680498107, -3.2752562263091733], [150.45192365845716, -3.21467604356305], [150.27503155588764, -3.1745947658061], [150.23476436533247, -3.161206017507464], [150.1929197289403, -3.154153952461349], [149.81991972894028, -3.052873952461349], [149.78169234270106, -3.038340398499974], [149.7416747090812, -3.0299055749154546], [149.65031795296497, -3.001052777609958], [149.63661381791172, -3.00014366471371], [149.52348538150758, -2.981374069714755], [149.40920245330244, -2.9719002563041914], [149.3305484339657, -2.94936312285822], [149.24983266881023, -2.935971244828663], [149.14253972992245, -2.8954920392472765], [149.03230096544652, -2.8639047692404427], [148.95955503765776, -2.8264560425338785], [148.883002829094, -2.797574621069579], [148.78566859519356, -2.7369413980753046], [148.68371040834288, -2.684454552544167], [148.39571040834286, -2.498396552544167], [148.31769025108744, -2.4363612726058386], [148.23404252538194, -2.382152612047803], [148.02304252538195, -2.2138906120478032], [147.99619979909647, -2.1877911956502105], [147.965562755583, -2.1662718309876885], [147.85585930992426, -2.0513369165508393], [147.74194350947107, -1.9405755922847474], [147.72070830219383, -1.9097409127400837], [147.6948581606623, -1.8826580459507478], [147.6096853254189, -1.7485294931265507], [147.51956684754725, -1.6176725464555504], [147.50475521638512, -1.5832875632065058], [147.48468538327762, -1.5516819736727476], [147.42731630274275, -1.4035142675264314], [147.36445835001794, -1.2575904575253132], [147.3566394976499, -1.220976566194552], [147.34312124539764, -1.186062838997811], [147.31576058116332, -1.029549981383547], [147.2825787494574, -0.8741670782352624], [147.28205314999514, -0.8367313301334717], [147.27560597745097, -0.799851180229922], [147.26839997155327, -0.7038106714158356], [147.2446730544442, -0.6034687480643836], [147.23271329005394, -0.5147656557489098], [147.2113538379461, -0.42784587459240114], [147.17481265013438, -0.17367554820109588], [147.05262181605457, 0.08656786425555352], [147.00209295657154, 0.2290495726959025], [146.94519626264642, 0.3691101635164875], [146.7821962626464, 0.9199741635164874], [146.7702438112264, 0.9822858467313764], [146.7501319733576, 1.0424615971424323], [146.73339222776576, 1.174404108824667], [146.70833728002535, 1.3050230012765034], [146.70877089795164, 1.3684691905672148], [146.70078520993331, 1.4314123057337707], [146.68478520993332, 2.0022323057337705], [146.68478586633728, 2.002241647226727], [146.68478468778034, 2.0022509372944484], [146.67161246574028, 2.47234284398762], [146.61941693203508, 2.538657113907406], [146.5815402603735, 2.5979263822309053], [146.53650829266692, 2.65195980067012], [146.20354824388212, 3.142205726438123], [145.96102737156943, 3.4028213116735384], [145.61533368480002, 3.7741381731510275], [145.26866999614543, 4.145237667215661], [145.05144869398447, 4.377645734553594], [144.78587735874262, 4.47447905631866], [144.78054261319878, 4.477041681399095], [144.77481920538574, 4.478548054635275], [144.45974230574268, 4.595539850960656], [144.3010906652183, 4.63787188794722], [143.82029425270676, 4.6875868398804315], [143.65916122995395, 4.720453128728528], [143.49706653912543, 4.748190381102381], [143.0290665391254, 4.876530381102381], [142.868477061338, 4.938047170075986], [142.70644715807987, 4.9956631934707225], [142.6856056322858, 5.0080994752786925], [142.66294165940934, 5.016781331997789], [142.51743919357796, 5.108445546054796], [142.36976297803471, 5.196564959718517], [141.98843004745527, 5.478219962788295], [141.70114730102054, 5.636566799362771], [141.29772965101316, 5.858576319476984], [141.2195653778036, 5.912196658280112]]], [[[159.40741247331633, -62.5439787190808], [159.29044399855024, -62.416746796245114], [159.17054088271834, -62.292276602659534], [159.15790403336817, -62.272577056010256], [159.14206421442623, -62.255347365485676], [158.8286454168297, -61.838948105821736], [158.55306766862796, -61.576833697990146], [158.49617556611395, -61.54256862684848], [158.21817556611396, -61.33546862684848], [158.12094106235347, -61.24696167551466], [158.01817611979408, -61.164940972416275], [157.7948917497823, -60.94765675507883], [157.6841571510105, -60.84101002233648], [157.47392546276404, -60.68816766762064], [157.43868451740911, -60.65683212964494], [157.39917408918177, -60.63108788308308], [157.20154771909753, -60.47268848306085], [157.15532462073747, -60.44178168254722], [157.08782679844953, -60.38635130279579], [157.0146943122632, -60.338600674766454], [156.93669136524085, -60.26223626955938], [156.85233155560638, -60.19295853399262], [156.79694461568232, -60.12542506155978], [156.73453303511013, -60.0643245081786], [156.58853303511015, -59.8902245081786], [156.5548825575368, -59.84100213213828], [156.51483140044448, -59.79683085459838], [156.31383140044446, -59.525930854598386], [156.27647555139964, -59.46363561000216], [156.2317110950084, -59.40643158565783], [156.0627110950084, -59.140331585657826], [156.00212000623833, -59.020353591569645], [155.93422273301277, -58.90435376660339], [155.80322273301277, -58.61975376660339], [155.79582609965084, -58.59838317374094], [155.78484496476733, -58.57861382622876], [155.7317709583942, -58.41331298335044], [155.67498658215385, -58.249249722918236], [155.67190126887112, -58.22684674842082], [155.66498794178747, -58.205314950237195], [155.64518233223134, -58.03283609170974], [155.62149620616668, -57.8608471785768], [155.62284077982238, -57.83827275619068], [155.62026093582134, -57.81580596226457], [155.61526093582134, -57.50630596226457], [155.62495811701964, -57.38834330138756], [155.62543287563432, -57.269983682899515], [155.6504328756343, -57.02618368289952], [155.68148893579425, -56.87326261507467], [155.7063772686424, -56.71921748290455], [155.76937726864242, -56.48081748290454], [155.82657145352897, -56.32725420463032], [155.8787736704285, -56.17192299794535], [155.98954062212448, -55.92546653042181], [156.10177255890264, -55.6599127824913], [156.12916559892753, -55.609535649868086], [156.14930716757658, -55.55584625291226], [156.22262523954, -55.43765882620136], [156.28906527359823, -55.31547237284673], [156.3257600550658, -55.27140733970044], [156.35598889086202, -55.22267899456607], [156.44116745584492, -55.11142535867007], [156.49966797465234, -54.97770200294328], [156.5310347953614, -54.92169970738277], [156.55474055214566, -54.862049295441814], [156.60306485903658, -54.768416409082526], [156.61069270928633, -54.74307160531932], [156.6403819017102, -54.62341355656802], [156.65143599003105, -54.563721479635525], [156.66466036255053, -54.517953969216606], [156.67095174556255, -54.47073143711313], [156.72695174556256, -54.23223143711313], [156.74031468155457, -54.1930648892373], [156.74746731177345, -54.15230429047094], [156.8035137693191, -54.007829391729686], [156.8535528939622, -53.86116553191831], [156.87430007932352, -53.825358537763144], [156.88926727209724, -53.786776551405445], [156.95526727209725, -53.65627655140545], [156.985275157992, -53.60908800027567], [157.00837616043856, -53.55816083405191], [157.1048604921715, -53.391209669694696], [157.164692906817, -53.25975785471852], [157.20982308103277, -53.181899273086245], [157.2464250675203, -53.09968622093703], [157.32894820886457, -52.954561129694014], [157.3489344678581, -52.902515830936544], [157.35553019179574, -52.88936318240796], [157.35964068087688, -52.87523520954922], [157.4433474447435, -52.71424526151116], [157.52468628095005, -52.55204606480964], [157.5337212243386, -52.54043290264129], [157.54050896229901, -52.5273783114581], [157.654014904973, -52.385812119648], [157.76543433176542, -52.24259795477704], [157.77656128679723, -52.23297056627844], [157.78576542467377, -52.22149103738876], [157.92470857643355, -52.10478891116565], [157.99708101795133, -52.042170017758444], [158.09085448341023, -51.95091260062025], [158.1933822614443, -51.84145558702076], [158.2310991711174, -51.814430836777156], [158.26435155353383, -51.78207065345488], [158.38326402042443, -51.687157871662734], [158.4681824502056, -51.599457631250814], [158.51910009036814, -51.5562789878571], [158.5640046478267, -51.506876740494484], [158.7510046478267, -51.33787674049449], [158.82332282041224, -51.28440221216603], [158.88954664310583, -51.2235429600024], [159.0110860796947, -51.13209668791293], [159.09271322161885, -51.047128331371155], [159.09451491576732, -51.04558823561441], [159.0959859216245, -51.043729704335924], [159.13252473923367, -51.005874414621715], [159.13976069920324, -50.995839489916676], [159.1460174646666, -50.98874745754136], [159.15084720031138, -50.980616178989976], [159.27565014107665, -50.84180905248552], [159.3991405270808, -50.70183292253364], [159.4066606574301, -50.69609779596078], [159.41298392480968, -50.68906499232895], [159.55418261886814, -50.56006073093917], [159.58760259648406, -50.51740111245298], [159.66662534222218, -50.434710003178495], [159.73860904221922, -50.34582377909522], [159.9446090422192, -50.13712377909522], [160.0238259143472, -50.07124440465073], [160.0965543946512, -49.998265140748764], [160.12956913697482, -49.97107541330639], [160.18594728152686, -49.90410206572646], [160.24254018113152, -49.84890556369702], [160.29227759252285, -49.78745965227839], [160.3825522007429, -49.712348260950314], [160.4666227472341, -49.63035210732617], [160.53289653349685, -49.5872569176136], [160.59366575712002, -49.53669495975788], [160.6920458837155, -49.469995039066056], [160.90551926154154, -49.32123077889356], [160.93622565262348, -49.30403671341832], [160.96377273018624, -49.28213518701952], [161.08723208102086, -49.202382651011625], [161.17100352652184, -49.13280581155385], [161.30787059587678, -49.01787630083311], [161.46526879204012, -48.91012074319049], [161.62209257612497, -48.80153090433023], [161.72100209608791, -48.74653513982728], [161.76763440873276, -48.656154987484655], [161.86757093018053, -48.501775969711886], [161.96561816711534, -48.34619020951178], [162.09577146373675, -48.178659555911935], [162.11291229105043, -48.15100658059727], [162.16333761978834, -48.04668918177076], [162.22136411986065, -47.95171362863718], [162.27110855615115, -47.852149973311725], [162.3233258027174, -47.78482665086528], [162.3677455693272, -47.71212207797921], [162.40792477818826, -47.668539652830084], [162.4218443642307, -47.61149825125989], [162.46792796417455, -47.512507707484524], [162.50521466206118, -47.40987960167792], [162.51352693939236, -47.396163599328595], [162.51964965617827, -47.37242301984651], [162.52293257920255, -47.36560511336281], [162.5295426259412, -47.3422490809259], [162.53917892363236, -47.27657811239581], [162.58281080431286, -47.15403054766926], [162.6182346403547, -47.028863465446165], [162.64842173363283, -46.9697510831536], [162.6706846429636, -46.90722191228902], [162.7186846429636, -46.80532191228902], [162.76782989042377, -46.7230360945388], [162.80846358364482, -46.63623105939704], [162.8662560588013, -46.55765515341146], [162.88490591855017, -46.51892928596931], [162.90183282634146, -46.4657464744645], [162.96979685327017, -46.34265583784277], [163.02021239959342, -46.23796948683379], [163.02307124650451, -46.222755784053774], [163.06840367091047, -46.109945126412995], [163.10518111932788, -45.99406289107111], [163.18318111932786, -45.81236289107111], [163.20322938333967, -45.775982267513655], [163.21742350089588, -45.73694370085053], [163.2976908608715, -45.604567552866065], [163.37240828842104, -45.468981419161025], [163.39916883822642, -45.43721106136594], [163.42070626633523, -45.40169174477945], [163.56770626633525, -45.20559174477945], [163.5930699826909, -45.17789354528533], [163.61373113382996, -45.14653074572609], [163.72526320367513, -45.033533225399644], [163.83248742250427, -44.916440061208434], [163.86276743282073, -44.894222290442315], [163.8891501643995, -44.867492908911274], [164.14815016439948, -44.65209290891127], [164.23891234128544, -44.59058694834291], [164.32400366436104, -44.52144779390949], [164.40080822544908, -44.48087646971412], [164.4727146769639, -44.43214829325093], [164.57373210172423, -44.38953097478397], [164.67067679878915, -44.33832080343576], [164.79998135558904, -44.28550031454691], [164.87340744499735, -44.20803800577892], [164.9420434177188, -44.121838269629905], [165.1020434177188, -43.957038269629905], [165.19647759052177, -43.87717395293537], [165.28486346702616, -43.790663497447966], [165.40107157306386, -43.69736115103966], [165.53419089239284, -43.57352151870123], [165.6325628514312, -43.467293007229614], [165.66266323087635, -43.44059301107679], [165.68824250706336, -43.40953462626586], [165.8090859446405, -43.31071139608546], [165.92586884757637, -43.20712123820107], [165.96059976751806, -43.186806567706284], [165.99174673537968, -43.16133523027892], [166.25974673537968, -42.98293523027892], [166.32223246216466, -42.94967518689719], [166.38005587726232, -42.90884444842655], [166.70005587726232, -42.727044448426554], [166.8668656827938, -42.652856195011424], [167.0326560392449, -42.576416899657005], [167.37975588617655, -42.456035960377655], [167.65708970310314, -42.344489164724386], [167.85794339130643, -42.24156945569823], [167.88115100351533, -42.23242487202801], [167.90245758610996, -42.219453896233006], [168.26133607888087, -42.04668233769137], [168.7456107631782, -41.80880964540442], [169.1821952046439, -41.582379337495134], [169.19265701701048, -41.5781974363106], [169.2021702744573, -41.572161233177695], [169.7371702744573, -41.302261233177695], [169.7886124974718, -41.282364584909025], [169.83673932961426, -41.25542043992491], [170.0304389359641, -41.17072433754058], [170.1643377388582, -41.08107861418452], [170.21905916663943, -41.051764966462315], [170.26935915721887, -41.015383164020626], [170.39150096069972, -40.959389854762435], [170.50994201053618, -40.8959423287835], [170.56933079040024, -40.877867555549656], [170.62576201831888, -40.85199786059986], [170.8217620183189, -40.784497860599856], [170.9944326966042, -40.74343170332548], [171.1663081000712, -40.69915486857228], [171.5278269419125, -40.643053887675144], [172.23744739849218, -40.51485814851647], [172.2465359538243, -40.51412446400308], [172.2553290076762, -40.51171151250176], [172.78832900767623, -40.420411512501765], [172.79082776169622, -40.42023261353557], [172.79324524686976, -40.41957569502599], [173.39124524686974, -40.31867569502599], [173.40532208687011, -40.31770313264784], [173.41898935479065, -40.31419470143658], [173.99898935479067, -40.22469470143658], [174.0365871196908, -40.22262745254795], [174.07338482784013, -40.214640330512125], [174.7520254581568, -40.13586245617419], [175.13062360930505, -40.089842564403554], [175.57914741925316, -39.97398684671279], [176.1694872976539, -39.82041870266937], [176.2062459775566, -39.814625325034775], [176.24162079697606, -39.80307604264825], [176.59772399742235, -39.72441680237189], [176.60084848006093, -39.723403927731404], [176.65046857987002, -39.65316105038085], [176.6632974780125, -39.63833145421263], [176.6733178688118, -39.62147650484184], [176.9293431990129, -39.27366337008995], [177.0099268988776, -39.15350095038016], [177.08581965801395, -38.96031064832553], [177.21903129357833, -38.613808153988906], [177.28118180093247, -38.37825773111672], [177.3330340099404, -38.23887425638641], [177.37820406371847, -38.09718420434086], [177.52920406371848, -37.74668420434086], [177.59690592335915, -37.62420428527316], [177.6576028887711, -37.49810610620859], [177.7598584402436, -37.330114843075194], [177.9617581457759, -36.78318430247524], [178.0146781360436, -36.67413523713393], [178.05926149997276, -36.56142078516578], [178.22126149997277, -36.24628278516578], [178.43382599695363, -35.91683765863114], [178.70657768255106, -35.63519200399057], [179.02903486244847, -35.41216930580322], [179.38880568805845, -35.25634020128785], [179.77206436831463, -35.17369311554101], [180.16408248706873, -35.16740412971895], [180.54979500786325, -35.237714926019905], [180.9143792148342, -35.381923499972764], [181.24382434136888, -35.594487996953625], [181.52546999600943, -35.86723968255106], [181.74849269419678, -36.18969686244847], [181.90432179871215, -36.549467688058456], [181.98696888445897, -36.93272636831465], [181.99325787028104, -37.32474448706872], [181.9229470739801, -37.71045700786327], [181.77873850002723, -38.07504121483422], [181.67221785454703, -38.28225543196592], [181.4452418542241, -38.89711569752476], [181.36104224663526, -39.0706208033121], [181.2773971112289, -39.24439389379141], [181.14731129189948, -39.458106311261204], [181.11078312338034, -39.54289520573777], [181.05881819906753, -39.73984226888328], [181.0207774779084, -39.842099202538606], [180.99179688928163, -39.94728333836621], [180.81679688928162, -40.40248333836622], [180.81351118801973, -40.40902929372564], [180.8115142378488, -40.416076105370685], [180.6535142378488, -40.818276105370686], [180.64434527561102, -40.83621555347175], [180.63846443076133, -40.855484941904066], [180.5552077076305, -41.01061683609979], [180.47508087286369, -41.16738825215771], [180.4625882769574, -41.18319422299833], [180.45306115969822, -41.20094605961959], [180.22706115969822, -41.537946059619586], [180.1991329049027, -41.571859832854656], [180.1766821311882, -41.60962349515816], [179.9062614988933, -41.97699280094599], [179.64853142012996, -42.341838949619145], [179.57855812633287, -42.42272474963449], [179.51609047052713, -42.509538149908124], [179.45061013964292, -42.570626537619226], [179.3920212506715, -42.638352507047045], [179.30761243732246, -42.70403299667633], [179.2294086257922, -42.77699146671973], [178.8214086257922, -43.08879146671973], [178.70013626488583, -43.16387405523781], [178.5830643207262, -43.24535129444723], [178.53378043552783, -43.2668688859636], [178.48805773861628, -43.29517688963806], [178.35446770574765, -43.34515772333032], [178.22374984533346, -43.40222979694962], [177.73974984533345, -43.55912979694962], [177.6458002935239, -43.57967651197688], [177.55437920302393, -43.60952395735175], [177.14060680970772, -43.70092168156427], [176.5845127023461, -43.845581297330625], [176.58281019046635, -43.845849622914486], [176.58119172079572, -43.84644216088356], [176.0031917207957, -43.995742160883566], [175.87297122671353, -44.01603679002049], [175.74433047695769, -44.04468651171286], [175.2293304769577, -44.10728651171286], [175.22391186049424, -44.10740999745013], [175.21861517215987, -44.108559669487875], [174.5719072752847, -44.18363073237076], [174.0428984410894, -44.26526226799227], [173.4612133937338, -44.36340946076515], [172.93961893841941, -44.45275575301694], [172.21455260150782, -44.58374185148353], [172.1897695121593, -44.58574249605072], [172.16569189992882, -44.59194513142772], [172.08866429947915, -44.603898378233254], [171.95116876461063, -44.67755317555736], [171.79626067038575, -44.76427956007509], [171.48968971717372, -44.898329212165834], [171.01384591868293, -45.13838573779699], [170.5678047953561, -45.36972066250486], [170.5474194153501, -45.377869312261424], [170.5287581086128, -45.389433041837165], [170.0177581086128, -45.64043304183717], [170.01032360967503, -45.643217861896325], [170.00354241389005, -45.647346103767], [169.65993692931838, -45.81276491901709], [169.40005660869357, -45.94593054430177], [169.31519603520331, -45.979368478700174], [169.23431720251483, -46.02153513392509], [168.82731720251482, -46.1852351339251], [168.7805704127427, -46.19889205409444], [168.73634396075508, -46.219283100343], [168.51654747477076, -46.29551277219964], [168.41740807513042, -46.35183634362031], [168.3951975374354, -46.36662126871282], [168.3626292197889, -46.39551040472687], [168.31325333585738, -46.451431195100824], [168.0722533358574, -46.67563119510083], [168.01425053529962, -46.71982828430747], [167.96213653297386, -46.77083650255204], [167.8873217813314, -46.83090453147192], [167.7843956021772, -46.96339206673203], [167.76182280811716, -46.98720568335419], [167.7434312222474, -47.014378628308954], [167.62714270490133, -47.12928912841138], [167.51467368113902, -47.24794055484192], [167.48788881085213, -47.26689286583617], [167.46454943556648, -47.28995566986324], [167.27854943556648, -47.440755669863236], [167.2285441525855, -47.47373872818542], [167.18349525870056, -47.51322299874999], [167.08449525870054, -47.58412299874999], [166.99524116670847, -47.63562019848874], [166.9111772427812, -47.69521475538969], [166.76241642546267, -47.78009592762438], [166.74282294800008, -47.8201595434317], [166.6967396363547, -47.93483879919857], [166.65689245749914, -47.99586526816255], [166.624872220288, -48.06133840758533], [166.56995994121579, -48.15029629968234], [166.56961789809506, -48.1515642419442], [166.54974671799968, -48.19168782687869], [166.53616717365855, -48.2343535255355], [166.4628934257935, -48.3670606748901], [166.39561605487026, -48.502906120075075], [166.38278607841485, -48.52346081152135], [166.36135034382173, -48.60657698015349], [166.35116106211353, -48.62773786918704], [166.3447653596453, -48.65033653455384], [166.32922034804338, -48.68077678463317], [166.3266686171625, -48.697419347687934], [166.32357493934808, -48.7059344029775], [166.32212119392585, -48.714876641693444], [166.25666166081214, -48.89010686711823], [166.19278533793883, -49.06592039832208], [166.18808989939762, -49.073668292610996], [166.18491954305546, -49.082155097054766], [166.15785133863477, -49.12592443015364], [166.1410089963562, -49.16210286722538], [166.1164696888509, -49.23670931041273], [166.0444696888509, -49.399709310412725], [165.99559072895366, -49.48625441441263], [165.95532611681352, -49.57712778100708], [165.87032611681352, -49.72722778100708], [165.84362303516681, -49.765155677445335], [165.82289144384885, -49.806650026688274], [165.7309659189711, -49.92516894829688], [165.6446193063195, -50.04781192358243], [165.61274423835783, -50.078168891920726], [165.56791597498759, -50.16940094333356], [165.4399159749876, -50.37590094333356], [165.37571430091035, -50.459818899569484], [165.31938183288466, -50.54920979048822], [165.2393588663593, -50.65221371150288], [165.22789359616326, -50.67334537416015], [165.22536559126723, -50.67824501251535], [165.22456021995689, -50.67948912657927], [165.20664154387762, -50.71251507465527], [165.16701262413915, -50.80573017318415], [165.11337966785473, -50.88440622673477], [165.06797104440548, -50.96809895233596], [165.00322635908213, -51.04599395599982], [164.94617353433563, -51.12968673383529], [164.88515454142512, -51.20264651242743], [164.7907914889563, -51.32012064709787], [164.6730383279085, -51.4686804917574], [164.51806113254798, -51.62901594121281], [164.46542425032098, -51.68892172622354], [164.42090504525413, -51.73053906674483], [164.38241760124276, -51.77779030276372], [164.2779948582899, -51.86413403785728], [164.17901261696625, -51.95666438822052], [164.12722969557765, -51.98879679716096], [164.0802635181604, -52.02763158608336], [163.96100240184924, -52.09194438396976], [163.8458703006892, -52.16338631226278], [163.78881365160777, -52.184798959166784], [163.73517362464372, -52.21372490183329], [163.70877212274306, -52.22477496864003], [163.5508448736296, -52.35594232276482], [163.4518194818906, -52.422953569215984], [163.35822726981377, -52.49736481298048], [163.16369690802887, -52.623027952937065], [163.07171311327724, -52.68712915990461], [162.9418401699579, -52.81379756229383], [162.8134456053488, -52.942634859251235], [162.71899581233356, -53.02042023476319], [162.66580426397886, -53.074308953897294], [162.60039740351596, -53.15779888754702], [162.4858591069693, -53.27765423688202], [162.37501607519033, -53.400935007671045], [162.22915936421546, -53.53419500269807], [162.19870075695565, -53.56871977912731], [162.11001407837549, -53.680770295664075], [161.9756524327942, -53.8199729122994], [161.78428677838116, -54.01917166862884], [161.66246012512443, -54.12330960563597], [161.5444533568942, -54.2317570399976], [161.36629413573576, -54.365804037997215], [161.29544925131566, -54.42982962872981], [161.1678175497944, -54.56164236874918], [161.07028984552258, -54.644346790052246], [160.97864844646617, -54.73352934654512], [160.95020931370252, -54.75622870913455], [160.90464685021212, -54.81560082650762], [160.82297098552607, -54.90279667141045], [160.82163996315558, -54.904456741039986], [160.76804086915658, -54.998716039467524], [160.705307093183, -55.136542145281474], [160.65668000713043, -55.22043359960785], [160.61662383956144, -55.30873916594809], [160.56490679355403, -55.39822748900507], [160.56256400996895, -55.41087852036448], [160.54584596644585, -55.46873708643257], [160.53714200451202, -55.52833027138988], [160.481142004512, -55.75403027138988], [160.46464935031275, -55.800450433348544], [160.45514417887478, -55.84878769428405], [160.3801441788748, -56.09798769428405], [160.31015858806035, -56.26799719751408], [160.24225944785434, -56.438850704558185], [160.13864851535055, -56.63960662415383], [160.05833202534765, -56.82319799705672], [160.02927433628693, -56.87507757089614], [160.00757516527176, -56.930439881655126], [159.93457516527175, -57.07353988165513], [159.83813074395138, -57.224041128244885], [159.74431431085395, -57.37619443418918], [159.74040316708044, -57.381331774388975], [159.8641214715449, -57.480493162571044], [160.14807453723597, -57.686932332379364], [160.25113832109804, -57.77857457070758], [160.3593739240103, -57.86404677468123], [160.5733739240103, -58.07014677468123], [160.57675316603766, -58.07411003206172], [160.58082388020594, -58.077359027583725], [160.71343875744716, -58.206410245128154], [160.80356942012568, -58.27355434671349], [160.82747722064906, -58.28781364202564], [160.84865150814107, -58.30344639343163], [160.87216681652993, -58.3152685606902], [161.00618463541633, -58.4197514269696], [161.14289616282093, -58.52068409462393], [161.1606137938103, -58.54014736566039], [161.18137087172485, -58.556329982375956], [161.70537087172485, -59.05472998237596], [161.81323497015237, -59.17965058401051], [161.92493578557378, -59.301152634514324], [162.205300148497, -59.673636716683745], [162.2554618134458, -59.71639663467096], [162.73377018340838, -59.912522275527095], [162.78214821862946, -59.93815939974887], [162.8336625498692, -59.95670583086471], [162.95502771338604, -60.029773973640076], [163.0802009222469, -60.09610740554029], [163.1226478322666, -60.130690006078694], [163.16955410085765, -60.1589300201911], [163.5592510251235, -60.44913809392419], [163.69296495494626, -60.40846455391636], [163.70261606120232, -60.40653714400062], [163.71174224165188, -60.40285317991962], [164.20033259715527, -60.259447450829676], [164.53092894722315, -60.16076197319747], [164.65667700634256, -60.136328690685346], [164.7804664692127, -60.10337829540815], [164.84869104768765, -60.09901969879051], [164.91579964386455, -60.08598026660472], [165.0438981862413, -60.08654869211141], [165.17173737251858, -60.0783815556136], [165.2395013548662, -60.087416663191895], [165.30786434520905, -60.08772001767746], [165.43339061569816, -60.11326830692951], [165.56036673714695, -60.13019828768653], [165.62506599152812, -60.152279885343475], [165.69205622465643, -60.16591436875763], [165.81018631907892, -60.21546071532673], [165.93141975456095, -60.256837203672525], [165.9905679249135, -60.29111670799366], [166.0536110037368, -60.31755835478511], [166.15980524881206, -60.389198720358486], [166.27063706539036, -60.453431641050166], [166.76316146881038, -60.80760146205494], [167.01890749518392, -60.9653384890809], [167.03451837696295, -60.977226544681365], [167.0519768187121, -60.98618357028003], [167.10414090967132, -61.01978173209141], [167.7027241694436, -60.856756305083266], [168.06565535622985, -60.73794054996601], [168.57571333430465, -60.558939070868064], [168.68469186686147, -60.53234639647711], [168.7910473581974, -60.49668128253942], [168.8746877576439, -60.485984064918256], [168.95660582023928, -60.465994620077815], [169.06867833426116, -60.461173573477964], [169.17994815321632, -60.44694268175689], [169.26406834947088, -60.45276844063435], [169.34831212669442, -60.44914450858209], [169.45917173831847, -60.466280359890504], [169.5710798481513, -60.4740305755741], [169.65244714924702, -60.496155430303666], [169.73577919998445, -60.50903627671601], [169.8411656365068, -60.547470504776804], [169.94941147131513, -60.576903991422725], [170.02489897750218, -60.614477696244876], [170.1041168977769, -60.64336831741789], [170.19998021754327, -60.701623916400834], [170.3004039506005, -60.75160956162377], [170.6674039506005, -60.981709561623774], [170.674643073011, -60.987306953615004], [170.6827976059312, -60.99145897519858], [171.03835316975648, -61.21892238341681], [171.29604735738243, -61.34079169895896], [171.33227141168848, -61.36250185053549], [171.37140075204064, -61.37838918874681], [171.93940075204063, -61.676889188746806], [171.96829883046522, -61.69590649098202], [171.9998840041169, -61.71001795888369], [172.61996091329928, -62.06368781564239], [173.05730901371808, -62.30589853843157], [173.3250449206755, -62.42525159583086], [173.68980969479946, -62.58343671569847], [174.11862782699905, -62.438748080183565], [174.37426607956817, -62.335317430868244], [174.75730415299117, -62.16194710287369], [174.79568036439397, -62.148937003846726], [174.8315701782742, -62.13012430765582], [174.98104289271544, -62.08609638563043], [175.12861533887485, -62.03606716002414], [175.16879230654501, -62.03079387384223], [175.20766268267303, -62.01934441368049], [175.36285274230443, -62.00532315582423], [175.51734984302453, -61.98504518380153], [175.55778358862602, -61.98771135989537], [175.59814076024594, -61.98406513209588], [175.75308429810752, -62.0005893674849], [175.90856881645055, -62.01084192013866], [175.94770549381533, -62.021345098856166], [175.98799855745443, -62.02564222590842], [176.13674118027956, -62.072076937443626], [176.28723793340228, -62.11246601492506], [176.3235735419674, -62.130402564998384], [176.36225405778654, -62.14247791071961], [176.84325405778654, -62.34627791071961], [176.86812710191614, -62.359832041718285], [176.89491748525194, -62.369033028194075], [177.30110412410684, -62.554825805596224], [177.48839962034245, -62.62135039111102], [177.55745494970444, -62.65381487214638], [177.62990397598273, -62.67776731739765], [178.14098103349144, -62.904453133656816], [178.5735752261908, -63.091858276664674], [178.80918088947124, -63.161801610322286], [178.87473387396355, -63.18849907512911], [178.94311657920068, -63.20676801126158], [179.42154438351136, -63.386431940086545], [180.00235027086057, -63.57626769072657], [180.0993999816028, -63.618919893020255], [180.1999039023432, -63.65263663413575], [180.7819039023432, -63.913836634135755], [180.810578499287, -63.9302556814551], [180.92846041349551, -63.977967842350246], [181.25620899178816, -64.1931389979481], [181.53568216301647, -64.46811627580526], [181.7561399299406, -64.79233245334272], [181.90911022421167, -65.15332808468024], [181.98871448320764, -65.53723031015419], [181.9918935598979, -65.92928598253447], [181.91852528414805, -66.31442862219886], [181.77142915764975, -66.67785741349553], [181.55625800205192, -67.00560599178816], [181.28128072419474, -67.28507916301649], [180.95706454665728, -67.50553692994058], [180.59606891531976, -67.65850722421166], [180.21216668984582, -67.73811148320765], [179.82011101746554, -67.74129055989789], [179.58850301989344, -67.6971700765192], [179.5158052701345, -67.68786319693908], [179.4844784503018, -67.67735377336146], [179.43496837780114, -67.66792228414805], [179.39796837780113, -67.65702528414805], [179.27246200965914, -67.60622716070084], [179.14409609765679, -67.56316336586426], [178.65884819594683, -67.34538544159167], [178.1376497291394, -67.17503230927343], [178.09786663611348, -67.15754810948928], [178.05588342079932, -67.14633198873842], [177.60305664912843, -66.97628201224775], [177.31981911052878, -66.89219838967772], [177.2084588814652, -66.84684521744109], [177.09397206940594, -66.81009224866915], [176.54297206940592, -66.57139224866914], [176.5353615554324, -66.56716535823463], [176.52709602401725, -66.56443268260234], [176.07777312859585, -66.3651376334193], [175.87960037965755, -66.29474960888898], [175.80013257113134, -66.25738998456085], [175.71708251474806, -66.22886697180591], [175.5757211961715, -66.16420725756811], [175.56412392955534, -66.16889948498063], [175.50735546641246, -66.18561073582254], [175.4534085755466, -66.2099347420344], [174.91420373898154, -66.39186924108522], [174.33559638366438, -66.6096756105172], [174.16180461121584, -66.65625255770297], [173.98878951034882, -66.70563643211797], [173.9725910752615, -66.7069626042536], [173.95689245512565, -66.71116990239352], [173.77735333122774, -66.72294679374873], [173.59802835104804, -66.73762819912241], [173.58188244099992, -66.73576873131498], [173.565664662299, -66.73683253854338], [173.38727777479613, -66.71335679473768], [173.20853427372577, -66.69277153289508], [173.19306136698518, -66.68779788344963], [173.17694766985977, -66.6856773182513], [173.00656832679883, -66.62785109895381], [172.8352753173427, -66.57279024996318], [171.72427531734272, -66.09099024996318], [171.71535762775238, -66.08603292091176], [171.70567638190286, -66.08281208596462], [171.34967638190284, -65.92411208596461], [171.27447917095964, -65.88130438342111], [171.1950396543782, -65.84700448347976], [170.6710396543782, -65.55680448347977], [170.66064556244396, -65.54963316392598], [170.64911599588308, -65.54448204111631], [170.04807200173713, -65.20166788344099], [169.54788008633545, -64.93880294198429], [169.21295264261758, -64.78040830104104], [169.1037038575945, -64.71493225955864], [168.9902023940688, -64.65714102480142], [168.9767822703009, -64.6485556238078], [168.89925918189854, -64.67393499219196], [168.84985150459238, -64.68489050774124], [168.8025609833665, -64.70291128741137], [168.15280115178518, -64.87987476286267], [167.53611286047956, -65.10213207478698], [167.46585564221826, -65.1199025740178], [167.39833585444075, -65.14622643428204], [167.27623339331228, -65.1678646498261], [167.15601441365664, -65.19827221987185], [167.08364031572657, -65.2019947606083], [167.01228237136274, -65.2146403581389], [166.88830466834858, -65.21204179297818], [166.76446344004526, -65.21841153063842], [166.692753758442, -65.20794305772762], [166.6202999032758, -65.20642442930318], [166.4992113519753, -65.17968894483954], [166.37650702397707, -65.16177606466816], [166.30821752154932, -65.13751887565329], [166.23745211660224, -65.12189438131252], [166.12390608213474, -65.07204940722049], [166.00705411295303, -65.03054229115678], [165.94480911698193, -64.99342857620806], [165.87845163708036, -64.96429865650617], [165.64045163708036, -64.83059865650618], [165.59085786406422, -64.79593622756062], [165.5370231812879, -64.76831642971997], [164.90245598159416, -64.35960056669141], [164.75252319804312, -64.26712620114047], [164.37274058286127, -64.38264971775057], [163.81934342624555, -64.56223727137734], [163.67206284110537, -64.59449560832506], [163.52640090119874, -64.6334156587424], [163.4808971415195, -64.63636594408055], [163.43635375455906, -64.64612212195013], [163.28560983522144, -64.64902760721701], [163.13515382347734, -64.65878258501701], [163.08994883366427, -64.6527988383209], [163.04435799951196, -64.65367757026257], [162.8959437502592, -64.62711854767925], [162.74647560683195, -64.6073335745357], [162.70330658929223, -64.5926457478351], [162.65842033813695, -64.58461326467317], [162.518039235336, -64.52961038258306], [162.37530293715497, -64.4810457839183], [162.33582885302332, -64.45821832215633], [162.29337213832434, -64.44158330771401], [162.16641894902907, -64.36025029602979], [162.03589977198607, -64.28477238213524], [161.41289977198608, -63.837672382135246], [161.39960479881566, -63.825996426093404], [161.38444589914235, -63.8168699798089], [160.98279594884568, -63.51776046384295], [160.46922981659162, -63.3071777244729], [160.42793293370113, -63.2852931375566], [160.38383341651274, -63.269814110949284], [160.2550204204803, -63.19366106608689], [160.12279907775311, -63.12359259445971], [160.0865651739963, -63.09407189156313], [160.04633282495033, -63.07028690110266], [159.9473328249503, -62.997786901102664], [159.89224742700065, -62.94846357603056], [159.8315465071842, -62.90624284893038], [159.44254650718423, -62.57464284893038], [159.42630928045156, -62.557787150555185], [159.40741247331633, -62.5439787190808]]]]}}, {"type": "Feature", "properties": {"name": "Andean Volcanic Arc", "arc_id": "andes", "hazard_type": "volcano", "zone_type": "volcanic_arc", "description": "Volcanic arc along western South America, from Colombia to Chile. Subduction of Nazca Plate.", "source": "Geological literature bounding polygon"}, "geometry": {"type": "Polygon", "coordinates": [[[-78, 5], [-78, -46], [-67, -46], [-67, 5]]]}}, {"type": "Feature", "properties": {"name": "Cascade Volcanic Arc", "arc_id": "cascade", "hazard_type": "volcano", "zone_type": "volcanic_arc", "description": "Pacific Northwest volcanic arc from N. California to British Columbia. Subduction of Juan de Fuca Plate.", "source": "USGS bounding polygon"}, "geometry": {"type": "Polygon", "coordinates": [[[-123, 49], [-123, 41], [-121, 41], [-121, 49]]]}}, {"type": "Feature", "properties": {"name": "Kamchatka-Kuril Arc", "arc_id": "kamchatka_kuril", "hazard_type": "volcano", "zone_type": "volcanic_arc", "description": "Volcanic arc along Kamchatka Peninsula and Kuril Islands. One of the most active volcanic regions.", "source": "Geological literature bounding polygon"}, "geometry": {"type": "Polygon", "coordinates": [[[155, 60], [155, 50], [160, 45], [165, 45], [165, 60]]]}}, {"type": "Feature", "properties": {"name": "Japanese Volcanic Arc", "arc_id": "japan", "hazard_type": "volcano", "zone_type": "volcanic_arc", "description": "Volcanic arc of the Japanese islands. Subduction of Pacific and Philippine Sea Plates.", "source": "Geological literature bounding polygon"}, "geometry": {"type": "Polygon", "coordinates": [[[129, 45], [129, 31], [142, 31], [142, 45]]]}}, {"type": "Feature", "properties": {"name": "Indonesian Volcanic Arc", "arc_id": "indonesia", "hazard_type": "volcano", "zone_type": "volcanic_arc", "description": "Volcanic arc of the Indonesian archipelago. Subduction of Indo-Australian Plate.", "source": "Geological literature bounding polygon"}, "geometry": {"type": "Polygon", "coordinates": [[[95, 6], [95, -11], [142, -11], [142, 6]]]}}, {"type": "Feature", "properties": {"name": "Aleutian Volcanic Arc", "arc_id": "aleutian", "hazard_type": "volcano", "zone_type": "volcanic_arc", "description": "Volcanic arc along Aleutian Islands, Alaska. Subduction of Pacific Plate.", "source": "USGS bounding polygon"}, "geometry": {"type": "Polygon", "coordinates": [[[172, 55], [172, 51], [-162, 51], [-162, 55]]]}}, {"type": "Feature", "properties": {"name": "Central American Volcanic Arc", "arc_id": "central_america", "hazard_type": "volcano", "zone_type": "volcanic_arc", "description": "Volcanic arc along Pacific coast of Central America. Subduction of Cocos Plate.", "source": "Geological literature bounding polygon"}, "geometry": {"type": "Polygon", "coordinates": [[[-92, 15], [-92, 8], [-83, 8], [-83, 15]]]}}, {"type": "Feature", "properties": {"name": "Mediterranean Volcanic Arc", "arc_id": "mediterranean", "hazard_type": "volcano", "zone_type": "volcanic_arc", "description": "Volcanic arc in Mediterranean region (Italy, Greece, Turkey). African-Eurasian plate interaction.", "source": "Geological literature bounding polygon"}, "geometry": {"type": "Polygon", "coordinates": [[[8, 45], [8, 34], [30, 34], [30, 45]]]}}, {"type": "Feature", "properties": {"name": "East African Rift Volcanic Zone", "arc_id": "eafrican_rift", "hazard_type": "volcano", "zone_type": "volcanic_arc", "description": "Volcanic zone along East African Rift. Divergent plate boundary volcanism.", "source": "Geological literature bounding polygon"}, "geometry": {"type": "Polygon", "coordinates": [[[30, 15], [30, -15], [42, -15], [42, 15]]]}}, {"type": "Feature", "properties": {"name": "Iceland Volcanic Zone", "arc_id": "iceland", "hazard_type": "volcano", "zone_type": "volcanic_arc", "description": "Volcanic zone at Mid-Atlantic Ridge above sea level. Divergent boundary.", "source": "Geological literature bounding polygon"}, "geometry": {"type": "Polygon", "coordinates": [[[-24, 67], [-24, 63], [-13, 63], [-13, 67]]]}}]}